encoder,gold_mode,gold_length,variant,label,case_id,task_id,gold_text,answer,cosine_similarity
sentence-transformers/all-MiniLM-L6-v2,english_gold,short,en,correct,capital_maharashtra__en,capital_maharashtra,Mumbai,"Mumbai is the capital of Maharashtra, the most populous state in India.",0.6753387451171875
sentence-transformers/all-MiniLM-L6-v2,english_gold,short,en,wrong_subtle,capital_maharashtra__en__wrong_subtle,capital_maharashtra,Mumbai,Mumbai is the capital of India.,0.7472423315048218
sentence-transformers/all-MiniLM-L6-v2,english_gold,short,en,wrong_hard,capital_maharashtra__en__wrong_hard,capital_maharashtra,Mumbai,The capital of Maharashtra is Chennai.,0.5920909643173218
sentence-transformers/all-MiniLM-L6-v2,english_gold,short,hi,correct,capital_maharashtra__hi,capital_maharashtra,Mumbai,"महाराष्ट्र की राजधानी मुंबई है, जो भारत का एक प्रमुख आर्थिक केंद्र है।",0.3474404811859131
sentence-transformers/all-MiniLM-L6-v2,english_gold,short,hi,wrong_subtle,capital_maharashtra__hi__wrong_subtle,capital_maharashtra,Mumbai,मुंबई भारत की राजधानी है।,0.32193565368652344
sentence-transformers/all-MiniLM-L6-v2,english_gold,short,hi,wrong_hard,capital_maharashtra__hi__wrong_hard,capital_maharashtra,Mumbai,महाराष्ट्र की राजधानी चेन्नई है।,0.34290629625320435
sentence-transformers/all-MiniLM-L6-v2,english_gold,short,hinglish,correct,capital_maharashtra__hinglish,capital_maharashtra,Mumbai,Maharashtra ki rajdhani Mumbai hai. Ye India ka financial capital bhi hai.,0.5522770285606384
sentence-transformers/all-MiniLM-L6-v2,english_gold,short,hinglish,wrong_subtle,capital_maharashtra__hinglish__wrong_subtle,capital_maharashtra,Mumbai,Mumbai Bharat ki rajdhani hai.,0.6745895147323608
sentence-transformers/all-MiniLM-L6-v2,english_gold,short,hinglish,wrong_hard,capital_maharashtra__hinglish__wrong_hard,capital_maharashtra,Mumbai,Maharashtra ki rajdhani Chennai hai.,0.6292784214019775
sentence-transformers/all-MiniLM-L6-v2,english_gold,short,en,correct,planets_count__en,planets_count,Eight,"There are eight planets in our solar system—Mercury, Venus, Earth, Mars, Jupiter, Saturn, Uranus, and Neptune. Pluto was reclassified as a dwarf planet in 2006, so it is no longer counted among the main planets.",0.21123558282852173
sentence-transformers/all-MiniLM-L6-v2,english_gold,short,en,wrong_subtle,planets_count__en__wrong_subtle,planets_count,Eight,"There are nine planets in our solar system, including Pluto.",0.3005395531654358
sentence-transformers/all-MiniLM-L6-v2,english_gold,short,en,wrong_hard,planets_count__en__wrong_hard,planets_count,Eight,There are twelve planets in our solar system.,0.2821972966194153
sentence-transformers/all-MiniLM-L6-v2,english_gold,short,hi,correct,planets_count__hi,planets_count,Eight,"हमारे सौर मंडल में 8 ग्रह हैं: बुध, शुक्र, पृथ्वी, मंगल, बृहस्पति, शनि, यूरेनस और नेपच्यून। 2006 में प्लूटो को बौना ग्रह घोषित कर दिया गया, इसलिए अब इसे मुख्य ग्रहों में नहीं गिना जाता।",0.19336743652820587
sentence-transformers/all-MiniLM-L6-v2,english_gold,short,hi,wrong_subtle,planets_count__hi__wrong_subtle,planets_count,Eight,"हमारे सौर मंडल में नौ ग्रह हैं, जिसमें प्लूटो भी शामिल है।",0.07113587856292725
sentence-transformers/all-MiniLM-L6-v2,english_gold,short,hi,wrong_hard,planets_count__hi__wrong_hard,planets_count,Eight,हमारे सौर मंडल में बारह ग्रह हैं।,0.07191693782806396
sentence-transformers/all-MiniLM-L6-v2,english_gold,short,hinglish,correct,planets_count__hinglish,planets_count,Eight,Hamare Saur Mandal mein 8 grah hain. 2015 se Pluto ko dwarf planet gina jata hai.,0.2707577049732208
sentence-transformers/all-MiniLM-L6-v2,english_gold,short,hinglish,wrong_subtle,planets_count__hinglish__wrong_subtle,planets_count,Eight,"Hamare saur mandal mein nau grah hain, jismein Pluto bhi shamil hai.",0.1159171611070633
sentence-transformers/all-MiniLM-L6-v2,english_gold,short,hinglish,wrong_hard,planets_count__hinglish__wrong_hard,planets_count,Eight,Hamare saur mandal mein barah grah hain.,0.1285581886768341
sentence-transformers/all-MiniLM-L6-v2,english_gold,short,en,correct,freedom_year__en,freedom_year,1947,"India gained independence in 1947, ending nearly 200 years of British colonial rule.",0.4320371747016907
sentence-transformers/all-MiniLM-L6-v2,english_gold,short,en,wrong_subtle,freedom_year__en__wrong_subtle,freedom_year,1947,India gained independence in 1948.,0.3765386939048767
sentence-transformers/all-MiniLM-L6-v2,english_gold,short,en,wrong_hard,freedom_year__en__wrong_hard,freedom_year,1947,India gained independence in 1857.,0.19089707732200623
sentence-transformers/all-MiniLM-L6-v2,english_gold,short,hi,correct,freedom_year__hi,freedom_year,1947,"भारत को 1947 में स्वतंत्रता मिली, 15 अगस्त को आज़ादी का दिन मनाया जाता है।",0.2900780737400055
sentence-transformers/all-MiniLM-L6-v2,english_gold,short,hi,wrong_subtle,freedom_year__hi__wrong_subtle,freedom_year,1947,भारत को 1948 में स्वतंत्रता मिली।,0.29899901151657104
sentence-transformers/all-MiniLM-L6-v2,english_gold,short,hi,wrong_hard,freedom_year__hi__wrong_hard,freedom_year,1947,भारत को 1857 में स्वतंत्रता मिली।,0.10553154349327087
sentence-transformers/all-MiniLM-L6-v2,english_gold,short,hinglish,correct,freedom_year__hinglish,freedom_year,1947,"Bharat ko 1947 mein aazadi mili, 15 August ko. Yeh din aaj bhi Independence Day ke roop mein manaya jata hai.",0.4502260684967041
sentence-transformers/all-MiniLM-L6-v2,english_gold,short,hinglish,wrong_subtle,freedom_year__hinglish__wrong_subtle,freedom_year,1947,Bharat ko 1948 mein aazadi mili.,0.4521591067314148
sentence-transformers/all-MiniLM-L6-v2,english_gold,short,hinglish,wrong_hard,freedom_year__hinglish__wrong_hard,freedom_year,1947,Bharat ko 1857 mein aazadi mili.,0.29187601804733276
sentence-transformers/all-MiniLM-L6-v2,english_gold,short,en,correct,water_formula__en,water_formula,H2O,"The chemical formula of water is **H₂O**, indicating that each molecule contains two hydrogen atoms bonded to one oxygen atom.",0.40481820702552795
sentence-transformers/all-MiniLM-L6-v2,english_gold,short,en,wrong_subtle,water_formula__en__wrong_subtle,water_formula,H2O,The chemical formula of water is H2O2.,0.6151418685913086
sentence-transformers/all-MiniLM-L6-v2,english_gold,short,en,wrong_hard,water_formula__en__wrong_hard,water_formula,H2O,The chemical formula of water is CO2.,0.420738160610199
sentence-transformers/all-MiniLM-L6-v2,english_gold,short,hi,correct,water_formula__hi,water_formula,H2O,"पानी का रासायनिक सूत्र **H₂O** है, अर्थात् दो हाइड्रोजन और एक ऑक्सीजन परमाणु से बना होता है.",0.16346724331378937
sentence-transformers/all-MiniLM-L6-v2,english_gold,short,hi,wrong_subtle,water_formula__hi__wrong_subtle,water_formula,H2O,पानी का रासायनिक सूत्र H2O2 है।,0.4953266978263855
sentence-transformers/all-MiniLM-L6-v2,english_gold,short,hi,wrong_hard,water_formula__hi__wrong_hard,water_formula,H2O,पानी का रासायनिक सूत्र CO2 है।,0.24542959034442902
sentence-transformers/all-MiniLM-L6-v2,english_gold,short,hinglish,correct,water_formula__hinglish,water_formula,H2O,Pani ka rasayanik sutra H₂O hai. Isme do hydrogen atoms aur ek oxygen atom hota hai.,0.3136459290981293
sentence-transformers/all-MiniLM-L6-v2,english_gold,short,hinglish,wrong_subtle,water_formula__hinglish__wrong_subtle,water_formula,H2O,Pani ka rasayanik sutra H2O2 hai.,0.3205817937850952
sentence-transformers/all-MiniLM-L6-v2,english_gold,short,hinglish,wrong_hard,water_formula__hinglish__wrong_hard,water_formula,H2O,Pani ka rasayanik sutra CO2 hai.,0.23893427848815918
sentence-transformers/all-MiniLM-L6-v2,english_gold,short,en,correct,national_animal_india__en,national_animal_india,Bengal tiger,"The national animal of India is the Bengal tiger, chosen for its strength, beauty, and cultural significance.",0.7742231488227844
sentence-transformers/all-MiniLM-L6-v2,english_gold,short,en,wrong_subtle,national_animal_india__en__wrong_subtle,national_animal_india,Bengal tiger,The national animal of India is the Siberian tiger.,0.7131248116493225
sentence-transformers/all-MiniLM-L6-v2,english_gold,short,en,wrong_hard,national_animal_india__en__wrong_hard,national_animal_india,Bengal tiger,The national animal of India is the lion.,0.5936644077301025
sentence-transformers/all-MiniLM-L6-v2,english_gold,short,hi,correct,national_animal_india__hi,national_animal_india,Bengal tiger,"भारत का राष्ट्रीय पशु हाथी है, जिसे 1972 में राष्ट्रीय पशु घोषित किया गया था।",0.24564220011234283
sentence-transformers/all-MiniLM-L6-v2,english_gold,short,hi,wrong_subtle,national_animal_india__hi__wrong_subtle,national_animal_india,Bengal tiger,भारत का राष्ट्रीय पशु साइबेरियाई टाइगर है।,0.2631107270717621
sentence-transformers/all-MiniLM-L6-v2,english_gold,short,hi,wrong_hard,national_animal_india__hi__wrong_hard,national_animal_india,Bengal tiger,भारत का राष्ट्रीय पशु शेर है।,0.21621301770210266
sentence-transformers/all-MiniLM-L6-v2,english_gold,short,hinglish,correct,national_animal_india__hinglish,national_animal_india,Bengal tiger,Bharat ka rashtriya pashu bhains (water buffalo) hai. Ye pashu desh ki arthavyavastha aur parampara mein bahut mahatvapurn hai.,0.3515484929084778
sentence-transformers/all-MiniLM-L6-v2,english_gold,short,hinglish,wrong_subtle,national_animal_india__hinglish__wrong_subtle,national_animal_india,Bengal tiger,Bharat ka rashtriya pashu Siberian tiger hai.,0.6717959642410278
sentence-transformers/all-MiniLM-L6-v2,english_gold,short,hinglish,wrong_hard,national_animal_india__hinglish__wrong_hard,national_animal_india,Bengal tiger,Bharat ka rashtriya pashu sher hai.,0.32595106959342957
sentence-transformers/all-MiniLM-L6-v2,english_gold,short,en,correct,largest_ocean__en,largest_ocean,Pacific Ocean,"The Pacific Ocean is the largest ocean on Earth, covering about 63 million square miles (163 million km²). It stretches from the Arctic in the north to the Antarctic in the south, larger than all the Earth's landmasses combined.",0.6051982045173645
sentence-transformers/all-MiniLM-L6-v2,english_gold,short,en,wrong_subtle,largest_ocean__en__wrong_subtle,largest_ocean,Pacific Ocean,The Pacific Ocean is the smallest ocean on Earth.,0.6266946792602539
sentence-transformers/all-MiniLM-L6-v2,english_gold,short,en,wrong_hard,largest_ocean__en__wrong_hard,largest_ocean,Pacific Ocean,The largest ocean on Earth is the Atlantic Ocean.,0.45054614543914795
sentence-transformers/all-MiniLM-L6-v2,english_gold,short,hi,correct,largest_ocean__hi,largest_ocean,Pacific Ocean,"पैसिफिक महासागर पृथ्वी का सबसे बड़ा महासागर है, जो लगभग 46.6 मिलियन वर्ग मील क्षेत्रफल को कवर करता है।",0.07423043996095657
sentence-transformers/all-MiniLM-L6-v2,english_gold,short,hi,wrong_subtle,largest_ocean__hi__wrong_subtle,largest_ocean,Pacific Ocean,प्रशांत महासागर पृथ्वी का सबसे छोटा महासागर है।,0.09071344137191772
sentence-transformers/all-MiniLM-L6-v2,english_gold,short,hi,wrong_hard,largest_ocean__hi__wrong_hard,largest_ocean,Pacific Ocean,पृथ्वी का सबसे बड़ा महासागर अटलांटिक महासागर है।,0.12594261765480042
sentence-transformers/all-MiniLM-L6-v2,english_gold,short,hinglish,correct,largest_ocean__hinglish,largest_ocean,Pacific Ocean,Sabse bada mahasagar Pacific Ocean hai. Yeh dharti ke 46% surface area ko cover karta hai.,0.449526309967041
sentence-transformers/all-MiniLM-L6-v2,english_gold,short,hinglish,wrong_subtle,largest_ocean__hinglish__wrong_subtle,largest_ocean,Pacific Ocean,Prashant Mahasagar Prithvi ka sabse chhota mahasagar hai.,0.1309431791305542
sentence-transformers/all-MiniLM-L6-v2,english_gold,short,hinglish,wrong_hard,largest_ocean__hinglish__wrong_hard,largest_ocean,Pacific Ocean,Prithvi ka sabse bada mahasagar Atlantic Mahasagar hai.,0.27916473150253296
sentence-transformers/all-MiniLM-L6-v2,english_gold,short,en,correct,sun_rise_direction__en,sun_rise_direction,East,"The sun rises in the east, because Earth rotates from west to east, making the sun appear to move across the eastern horizon.",0.40379735827445984
sentence-transformers/all-MiniLM-L6-v2,english_gold,short,en,wrong_subtle,sun_rise_direction__en__wrong_subtle,sun_rise_direction,East,The sun rises in the north-east.,0.46715235710144043
sentence-transformers/all-MiniLM-L6-v2,english_gold,short,en,wrong_hard,sun_rise_direction__en__wrong_hard,sun_rise_direction,East,The sun rises in the west.,0.4258020520210266
sentence-transformers/all-MiniLM-L6-v2,english_gold,short,hi,correct,sun_rise_direction__hi,sun_rise_direction,East,"सूर्य पूर्व दिशा में उगता है, क्योंकि पृथ्वी अपने अक्ष पर घूर्णन करती है।",0.09204135835170746
sentence-transformers/all-MiniLM-L6-v2,english_gold,short,hi,wrong_subtle,sun_rise_direction__hi__wrong_subtle,sun_rise_direction,East,सूर्य उत्तर-पूर्व दिशा में उगता है।,0.026653297245502472
sentence-transformers/all-MiniLM-L6-v2,english_gold,short,hi,wrong_hard,sun_rise_direction__hi__wrong_hard,sun_rise_direction,East,सूर्य पश्चिम दिशा में उगता है।,0.06386618316173553
sentence-transformers/all-MiniLM-L6-v2,english_gold,short,hinglish,correct,sun_rise_direction__hinglish,sun_rise_direction,East,"Suraj purvi disha mein ugta hai, kyunki dharti apni dhur par ghuma kar subah ki taraf hoti hai.",0.08949006348848343
sentence-transformers/all-MiniLM-L6-v2,english_gold,short,hinglish,wrong_subtle,sun_rise_direction__hinglish__wrong_subtle,sun_rise_direction,East,Suraj uttar-purab disha mein ugta hai.,0.1566104292869568
sentence-transformers/all-MiniLM-L6-v2,english_gold,short,hinglish,wrong_hard,sun_rise_direction__hinglish__wrong_hard,sun_rise_direction,East,Suraj paschim disha mein ugta hai.,0.07330918312072754
sentence-transformers/all-MiniLM-L6-v2,english_gold,short,en,correct,days_in_leap_year__en,days_in_leap_year,366,"A leap year has 366 days, because an extra day (February 29) is added to keep the calendar in sync with the Earth’s orbit.",0.2308633029460907
sentence-transformers/all-MiniLM-L6-v2,english_gold,short,en,wrong_subtle,days_in_leap_year__en__wrong_subtle,days_in_leap_year,366,A leap year has 365 days.,0.24011506140232086
sentence-transformers/all-MiniLM-L6-v2,english_gold,short,en,wrong_hard,days_in_leap_year__en__wrong_hard,days_in_leap_year,366,A leap year has 400 days.,0.2367413192987442
sentence-transformers/all-MiniLM-L6-v2,english_gold,short,hi,correct,days_in_leap_year__hi,days_in_leap_year,366,एक लीप वर्ष में 366 दिन होते हैं। यह इसलिए होता है क्योंकि फरवरी में 29 दिन होते हैं।,0.31088995933532715
sentence-transformers/all-MiniLM-L6-v2,english_gold,short,hi,wrong_subtle,days_in_leap_year__hi__wrong_subtle,days_in_leap_year,366,एक लीप वर्ष में 365 दिन होते हैं।,0.19548341631889343
sentence-transformers/all-MiniLM-L6-v2,english_gold,short,hi,wrong_hard,days_in_leap_year__hi__wrong_hard,days_in_leap_year,366,एक लीप वर्ष में 400 दिन होते हैं।,0.10732398927211761
sentence-transformers/all-MiniLM-L6-v2,english_gold,short,hinglish,correct,days_in_leap_year__hinglish,days_in_leap_year,366,"Leap year mein 366 din hote hain, kyunki February mein 29 din hote hain.",0.2948731780052185
sentence-transformers/all-MiniLM-L6-v2,english_gold,short,hinglish,wrong_subtle,days_in_leap_year__hinglish__wrong_subtle,days_in_leap_year,366,Ek leap year mein 365 din hote hain.,0.21981732547283173
sentence-transformers/all-MiniLM-L6-v2,english_gold,short,hinglish,wrong_hard,days_in_leap_year__hinglish__wrong_hard,days_in_leap_year,366,Ek leap year mein 400 din hote hain.,0.18295562267303467
sentence-transformers/all-MiniLM-L6-v2,english_gold,short,en,correct,father_of_nation_india__en,father_of_nation_india,Mahatma Gandhi,"Mahatma Gandhi is called the “Father of the Nation” in India, for leading the country’s non‑violent struggle for independence from British rule.",0.690437912940979
sentence-transformers/all-MiniLM-L6-v2,english_gold,short,en,wrong_subtle,father_of_nation_india__en__wrong_subtle,father_of_nation_india,Mahatma Gandhi,Mahatma Gandhi is known as the Netaji of India.,0.7543726563453674
sentence-transformers/all-MiniLM-L6-v2,english_gold,short,en,wrong_hard,father_of_nation_india__en__wrong_hard,father_of_nation_india,Mahatma Gandhi,Jawaharlal Nehru is known as the Father of the Nation in India.,0.5383824110031128
sentence-transformers/all-MiniLM-L6-v2,english_gold,short,hi,wrong_subtle,father_of_nation_india__hi__wrong_subtle,father_of_nation_india,Mahatma Gandhi,महात्मा गांधी को भारत का नेताजी कहा जाता है।,0.34453609585762024
sentence-transformers/all-MiniLM-L6-v2,english_gold,short,hi,wrong_hard,father_of_nation_india__hi__wrong_hard,father_of_nation_india,Mahatma Gandhi,भारत में जवाहरलाल नेहरू को राष्ट्रपिता के रूप में जाना जाता है।,0.26745685935020447
sentence-transformers/all-MiniLM-L6-v2,english_gold,short,hinglish,correct,father_of_nation_india__hinglish,father_of_nation_india,Mahatma Gandhi,Mahatma Gandhi ko Bharat ka rashtrapita mana jata hai. Unhone ahimsa aur satyagraha se desh ki azadi ki ladai ladhi.,0.644942045211792
sentence-transformers/all-MiniLM-L6-v2,english_gold,short,hinglish,wrong_subtle,father_of_nation_india__hinglish__wrong_subtle,father_of_nation_india,Mahatma Gandhi,Mahatma Gandhi ko Bharat ka Netaji kaha jata hai.,0.7589073181152344
sentence-transformers/all-MiniLM-L6-v2,english_gold,short,hinglish,wrong_hard,father_of_nation_india__hinglish__wrong_hard,father_of_nation_india,Mahatma Gandhi,Bharat mein Jawaharlal Nehru ko rashtrapita ke roop mein jana jata hai.,0.4878138601779938
sentence-transformers/all-MiniLM-L6-v2,english_gold,short,en,correct,boiling_point_water_c__en,boiling_point_water_c,100 degrees Celsius,Water boils at 100 °C at sea level (standard atmospheric pressure of 1 atm).,0.5373659133911133
sentence-transformers/all-MiniLM-L6-v2,english_gold,short,en,wrong_subtle,boiling_point_water_c__en__wrong_subtle,boiling_point_water_c,100 degrees Celsius,Water boils at 0 degrees Celsius at sea level.,0.5244184732437134
sentence-transformers/all-MiniLM-L6-v2,english_gold,short,en,wrong_hard,boiling_point_water_c__en__wrong_hard,boiling_point_water_c,100 degrees Celsius,Water boils at 50 degrees Celsius at sea level.,0.5811783671379089
sentence-transformers/all-MiniLM-L6-v2,english_gold,short,hi,correct,boiling_point_water_c__hi,boiling_point_water_c,100 degrees Celsius,समुद्र तल पर पानी 100 डिग्री सेल्सियस पर उबलता है। यह मान मानक वायुमंडलीय दबाव (1 atm) पर लागू होता है।,0.16773788630962372
sentence-transformers/all-MiniLM-L6-v2,english_gold,short,hi,wrong_subtle,boiling_point_water_c__hi__wrong_subtle,boiling_point_water_c,100 degrees Celsius,समुद्र तल पर पानी 0 डिग्री सेल्सियस पर उबलता है।,0.07432610541582108
sentence-transformers/all-MiniLM-L6-v2,english_gold,short,hi,wrong_hard,boiling_point_water_c__hi__wrong_hard,boiling_point_water_c,100 degrees Celsius,समुद्र तल पर पानी 50 डिग्री सेल्सियस पर उबलता है।,0.13616091012954712
sentence-transformers/all-MiniLM-L6-v2,english_gold,short,hinglish,correct,boiling_point_water_c__hinglish,boiling_point_water_c,100 degrees Celsius,"Pani samudra tal par 100 °C par ubalta hai, kyunki yeh standard atmospheric pressure (1 atm) par hota hai.",0.4300714135169983
sentence-transformers/all-MiniLM-L6-v2,english_gold,short,hinglish,wrong_subtle,boiling_point_water_c__hinglish__wrong_subtle,boiling_point_water_c,100 degrees Celsius,Samudra tal par pani 0 degree Celsius par ubalta hai.,0.4665907621383667
sentence-transformers/all-MiniLM-L6-v2,english_gold,short,hinglish,wrong_hard,boiling_point_water_c__hinglish__wrong_hard,boiling_point_water_c,100 degrees Celsius,Samudra tal par pani 50 degree Celsius par ubalta hai.,0.49979978799819946
sentence-transformers/all-MiniLM-L6-v2,english_gold,full_sentence,en,correct,capital_maharashtra__en,capital_maharashtra,The capital of Maharashtra is Mumbai.,"Mumbai is the capital of Maharashtra, the most populous state in India.",0.9090187549591064
sentence-transformers/all-MiniLM-L6-v2,english_gold,full_sentence,en,wrong_subtle,capital_maharashtra__en__wrong_subtle,capital_maharashtra,The capital of Maharashtra is Mumbai.,Mumbai is the capital of India.,0.9004487991333008
sentence-transformers/all-MiniLM-L6-v2,english_gold,full_sentence,en,wrong_hard,capital_maharashtra__en__wrong_hard,capital_maharashtra,The capital of Maharashtra is Mumbai.,The capital of Maharashtra is Chennai.,0.8241954445838928
sentence-transformers/all-MiniLM-L6-v2,english_gold,full_sentence,hi,correct,capital_maharashtra__hi,capital_maharashtra,The capital of Maharashtra is Mumbai.,"महाराष्ट्र की राजधानी मुंबई है, जो भारत का एक प्रमुख आर्थिक केंद्र है।",0.3153025507926941
sentence-transformers/all-MiniLM-L6-v2,english_gold,full_sentence,hi,wrong_subtle,capital_maharashtra__hi__wrong_subtle,capital_maharashtra,The capital of Maharashtra is Mumbai.,मुंबई भारत की राजधानी है।,0.2892957925796509
sentence-transformers/all-MiniLM-L6-v2,english_gold,full_sentence,hi,wrong_hard,capital_maharashtra__hi__wrong_hard,capital_maharashtra,The capital of Maharashtra is Mumbai.,महाराष्ट्र की राजधानी चेन्नई है।,0.3066529631614685
sentence-transformers/all-MiniLM-L6-v2,english_gold,full_sentence,hinglish,correct,capital_maharashtra__hinglish,capital_maharashtra,The capital of Maharashtra is Mumbai.,Maharashtra ki rajdhani Mumbai hai. Ye India ka financial capital bhi hai.,0.6249815225601196
sentence-transformers/all-MiniLM-L6-v2,english_gold,full_sentence,hinglish,wrong_subtle,capital_maharashtra__hinglish__wrong_subtle,capital_maharashtra,The capital of Maharashtra is Mumbai.,Mumbai Bharat ki rajdhani hai.,0.6017835140228271
sentence-transformers/all-MiniLM-L6-v2,english_gold,full_sentence,hinglish,wrong_hard,capital_maharashtra__hinglish__wrong_hard,capital_maharashtra,The capital of Maharashtra is Mumbai.,Maharashtra ki rajdhani Chennai hai.,0.5850505828857422
sentence-transformers/all-MiniLM-L6-v2,english_gold,full_sentence,en,correct,planets_count__en,planets_count,There are eight planets in our solar system.,"There are eight planets in our solar system—Mercury, Venus, Earth, Mars, Jupiter, Saturn, Uranus, and Neptune. Pluto was reclassified as a dwarf planet in 2006, so it is no longer counted among the main planets.",0.8130086660385132
sentence-transformers/all-MiniLM-L6-v2,english_gold,full_sentence,en,wrong_subtle,planets_count__en__wrong_subtle,planets_count,There are eight planets in our solar system.,"There are nine planets in our solar system, including Pluto.",0.8754763603210449
sentence-transformers/all-MiniLM-L6-v2,english_gold,full_sentence,en,wrong_hard,planets_count__en__wrong_hard,planets_count,There are eight planets in our solar system.,There are twelve planets in our solar system.,0.8719205856323242
sentence-transformers/all-MiniLM-L6-v2,english_gold,full_sentence,hi,correct,planets_count__hi,planets_count,There are eight planets in our solar system.,"हमारे सौर मंडल में 8 ग्रह हैं: बुध, शुक्र, पृथ्वी, मंगल, बृहस्पति, शनि, यूरेनस और नेपच्यून। 2006 में प्लूटो को बौना ग्रह घोषित कर दिया गया, इसलिए अब इसे मुख्य ग्रहों में नहीं गिना जाता।",0.12908366322517395
sentence-transformers/all-MiniLM-L6-v2,english_gold,full_sentence,hi,wrong_subtle,planets_count__hi__wrong_subtle,planets_count,There are eight planets in our solar system.,"हमारे सौर मंडल में नौ ग्रह हैं, जिसमें प्लूटो भी शामिल है।",0.054052043706178665
sentence-transformers/all-MiniLM-L6-v2,english_gold,full_sentence,hi,wrong_hard,planets_count__hi__wrong_hard,planets_count,There are eight planets in our solar system.,हमारे सौर मंडल में बारह ग्रह हैं।,0.011658132076263428
sentence-transformers/all-MiniLM-L6-v2,english_gold,full_sentence,hinglish,correct,planets_count__hinglish,planets_count,There are eight planets in our solar system.,Hamare Saur Mandal mein 8 grah hain. 2015 se Pluto ko dwarf planet gina jata hai.,0.4297090768814087
sentence-transformers/all-MiniLM-L6-v2,english_gold,full_sentence,hinglish,wrong_subtle,planets_count__hinglish__wrong_subtle,planets_count,There are eight planets in our solar system.,"Hamare saur mandal mein nau grah hain, jismein Pluto bhi shamil hai.",0.18500685691833496
sentence-transformers/all-MiniLM-L6-v2,english_gold,full_sentence,hinglish,wrong_hard,planets_count__hinglish__wrong_hard,planets_count,There are eight planets in our solar system.,Hamare saur mandal mein barah grah hain.,0.06113000586628914
sentence-transformers/all-MiniLM-L6-v2,english_gold,full_sentence,en,correct,freedom_year__en,freedom_year,India gained independence in 1947.,"India gained independence in 1947, ending nearly 200 years of British colonial rule.",0.8629738688468933
sentence-transformers/all-MiniLM-L6-v2,english_gold,full_sentence,en,wrong_subtle,freedom_year__en__wrong_subtle,freedom_year,India gained independence in 1947.,India gained independence in 1948.,0.8716419339179993
sentence-transformers/all-MiniLM-L6-v2,english_gold,full_sentence,en,wrong_hard,freedom_year__en__wrong_hard,freedom_year,India gained independence in 1947.,India gained independence in 1857.,0.7718548774719238
sentence-transformers/all-MiniLM-L6-v2,english_gold,full_sentence,hi,correct,freedom_year__hi,freedom_year,India gained independence in 1947.,"भारत को 1947 में स्वतंत्रता मिली, 15 अगस्त को आज़ादी का दिन मनाया जाता है।",0.3526361286640167
sentence-transformers/all-MiniLM-L6-v2,english_gold,full_sentence,hi,wrong_subtle,freedom_year__hi__wrong_subtle,freedom_year,India gained independence in 1947.,भारत को 1948 में स्वतंत्रता मिली।,0.33359402418136597
sentence-transformers/all-MiniLM-L6-v2,english_gold,full_sentence,hi,wrong_hard,freedom_year__hi__wrong_hard,freedom_year,India gained independence in 1947.,भारत को 1857 में स्वतंत्रता मिली।,0.2692706286907196
sentence-transformers/all-MiniLM-L6-v2,english_gold,full_sentence,hinglish,correct,freedom_year__hinglish,freedom_year,India gained independence in 1947.,"Bharat ko 1947 mein aazadi mili, 15 August ko. Yeh din aaj bhi Independence Day ke roop mein manaya jata hai.",0.6721975803375244
sentence-transformers/all-MiniLM-L6-v2,english_gold,full_sentence,hinglish,wrong_subtle,freedom_year__hinglish__wrong_subtle,freedom_year,India gained independence in 1947.,Bharat ko 1948 mein aazadi mili.,0.4734085500240326
sentence-transformers/all-MiniLM-L6-v2,english_gold,full_sentence,hinglish,wrong_hard,freedom_year__hinglish__wrong_hard,freedom_year,India gained independence in 1947.,Bharat ko 1857 mein aazadi mili.,0.41354185342788696
sentence-transformers/all-MiniLM-L6-v2,english_gold,full_sentence,en,correct,water_formula__en,water_formula,The chemical formula of water is H2O.,"The chemical formula of water is **H₂O**, indicating that each molecule contains two hydrogen atoms bonded to one oxygen atom.",0.8179184198379517
sentence-transformers/all-MiniLM-L6-v2,english_gold,full_sentence,en,wrong_subtle,water_formula__en__wrong_subtle,water_formula,The chemical formula of water is H2O.,The chemical formula of water is H2O2.,0.9930542707443237
sentence-transformers/all-MiniLM-L6-v2,english_gold,full_sentence,en,wrong_hard,water_formula__en__wrong_hard,water_formula,The chemical formula of water is H2O.,The chemical formula of water is CO2.,0.8026951551437378
sentence-transformers/all-MiniLM-L6-v2,english_gold,full_sentence,hi,correct,water_formula__hi,water_formula,The chemical formula of water is H2O.,"पानी का रासायनिक सूत्र **H₂O** है, अर्थात् दो हाइड्रोजन और एक ऑक्सीजन परमाणु से बना होता है.",0.20481282472610474
sentence-transformers/all-MiniLM-L6-v2,english_gold,full_sentence,hi,wrong_subtle,water_formula__hi__wrong_subtle,water_formula,The chemical formula of water is H2O.,पानी का रासायनिक सूत्र H2O2 है।,0.41614627838134766
sentence-transformers/all-MiniLM-L6-v2,english_gold,full_sentence,hi,wrong_hard,water_formula__hi__wrong_hard,water_formula,The chemical formula of water is H2O.,पानी का रासायनिक सूत्र CO2 है।,0.22357380390167236
sentence-transformers/all-MiniLM-L6-v2,english_gold,full_sentence,hinglish,correct,water_formula__hinglish,water_formula,The chemical formula of water is H2O.,Pani ka rasayanik sutra H₂O hai. Isme do hydrogen atoms aur ek oxygen atom hota hai.,0.3679567575454712
sentence-transformers/all-MiniLM-L6-v2,english_gold,full_sentence,hinglish,wrong_subtle,water_formula__hinglish__wrong_subtle,water_formula,The chemical formula of water is H2O.,Pani ka rasayanik sutra H2O2 hai.,0.23130817711353302
sentence-transformers/all-MiniLM-L6-v2,english_gold,full_sentence,hinglish,wrong_hard,water_formula__hinglish__wrong_hard,water_formula,The chemical formula of water is H2O.,Pani ka rasayanik sutra CO2 hai.,0.17157891392707825
sentence-transformers/all-MiniLM-L6-v2,english_gold,full_sentence,en,correct,national_animal_india__en,national_animal_india,The national animal of India is the Bengal tiger.,"The national animal of India is the Bengal tiger, chosen for its strength, beauty, and cultural significance.",0.9299575090408325
sentence-transformers/all-MiniLM-L6-v2,english_gold,full_sentence,en,wrong_subtle,national_animal_india__en__wrong_subtle,national_animal_india,The national animal of India is the Bengal tiger.,The national animal of India is the Siberian tiger.,0.8904623985290527
sentence-transformers/all-MiniLM-L6-v2,english_gold,full_sentence,en,wrong_hard,national_animal_india__en__wrong_hard,national_animal_india,The national animal of India is the Bengal tiger.,The national animal of India is the lion.,0.8108039498329163
sentence-transformers/all-MiniLM-L6-v2,english_gold,full_sentence,hi,correct,national_animal_india__hi,national_animal_india,The national animal of India is the Bengal tiger.,"भारत का राष्ट्रीय पशु हाथी है, जिसे 1972 में राष्ट्रीय पशु घोषित किया गया था।",0.2762698531150818
sentence-transformers/all-MiniLM-L6-v2,english_gold,full_sentence,hi,wrong_subtle,national_animal_india__hi__wrong_subtle,national_animal_india,The national animal of India is the Bengal tiger.,भारत का राष्ट्रीय पशु साइबेरियाई टाइगर है।,0.30179333686828613
sentence-transformers/all-MiniLM-L6-v2,english_gold,full_sentence,hi,wrong_hard,national_animal_india__hi__wrong_hard,national_animal_india,The national animal of India is the Bengal tiger.,भारत का राष्ट्रीय पशु शेर है।,0.2672491669654846
sentence-transformers/all-MiniLM-L6-v2,english_gold,full_sentence,hinglish,correct,national_animal_india__hinglish,national_animal_india,The national animal of India is the Bengal tiger.,Bharat ka rashtriya pashu bhains (water buffalo) hai. Ye pashu desh ki arthavyavastha aur parampara mein bahut mahatvapurn hai.,0.4044763445854187
sentence-transformers/all-MiniLM-L6-v2,english_gold,full_sentence,hinglish,wrong_subtle,national_animal_india__hinglish__wrong_subtle,national_animal_india,The national animal of India is the Bengal tiger.,Bharat ka rashtriya pashu Siberian tiger hai.,0.6771337985992432
sentence-transformers/all-MiniLM-L6-v2,english_gold,full_sentence,hinglish,wrong_hard,national_animal_india__hinglish__wrong_hard,national_animal_india,The national animal of India is the Bengal tiger.,Bharat ka rashtriya pashu sher hai.,0.3475809693336487
sentence-transformers/all-MiniLM-L6-v2,english_gold,full_sentence,en,correct,largest_ocean__en,largest_ocean,The largest ocean on Earth is the Pacific Ocean.,"The Pacific Ocean is the largest ocean on Earth, covering about 63 million square miles (163 million km²). It stretches from the Arctic in the north to the Antarctic in the south, larger than all the Earth's landmasses combined.",0.8981260061264038
sentence-transformers/all-MiniLM-L6-v2,english_gold,full_sentence,en,wrong_subtle,largest_ocean__en__wrong_subtle,largest_ocean,The largest ocean on Earth is the Pacific Ocean.,The Pacific Ocean is the smallest ocean on Earth.,0.6955915093421936
sentence-transformers/all-MiniLM-L6-v2,english_gold,full_sentence,en,wrong_hard,largest_ocean__en__wrong_hard,largest_ocean,The largest ocean on Earth is the Pacific Ocean.,The largest ocean on Earth is the Atlantic Ocean.,0.9010025262832642
sentence-transformers/all-MiniLM-L6-v2,english_gold,full_sentence,hi,correct,largest_ocean__hi,largest_ocean,The largest ocean on Earth is the Pacific Ocean.,"पैसिफिक महासागर पृथ्वी का सबसे बड़ा महासागर है, जो लगभग 46.6 मिलियन वर्ग मील क्षेत्रफल को कवर करता है।",-0.03814329206943512
sentence-transformers/all-MiniLM-L6-v2,english_gold,full_sentence,hi,wrong_subtle,largest_ocean__hi__wrong_subtle,largest_ocean,The largest ocean on Earth is the Pacific Ocean.,प्रशांत महासागर पृथ्वी का सबसे छोटा महासागर है।,-0.0005942219868302345
sentence-transformers/all-MiniLM-L6-v2,english_gold,full_sentence,hi,wrong_hard,largest_ocean__hi__wrong_hard,largest_ocean,The largest ocean on Earth is the Pacific Ocean.,पृथ्वी का सबसे बड़ा महासागर अटलांटिक महासागर है।,0.0008315993472933769
sentence-transformers/all-MiniLM-L6-v2,english_gold,full_sentence,hinglish,correct,largest_ocean__hinglish,largest_ocean,The largest ocean on Earth is the Pacific Ocean.,Sabse bada mahasagar Pacific Ocean hai. Yeh dharti ke 46% surface area ko cover karta hai.,0.3164844214916229
sentence-transformers/all-MiniLM-L6-v2,english_gold,full_sentence,hinglish,wrong_subtle,largest_ocean__hinglish__wrong_subtle,largest_ocean,The largest ocean on Earth is the Pacific Ocean.,Prashant Mahasagar Prithvi ka sabse chhota mahasagar hai.,-0.02003667876124382
sentence-transformers/all-MiniLM-L6-v2,english_gold,full_sentence,hinglish,wrong_hard,largest_ocean__hinglish__wrong_hard,largest_ocean,The largest ocean on Earth is the Pacific Ocean.,Prithvi ka sabse bada mahasagar Atlantic Mahasagar hai.,0.101718008518219
sentence-transformers/all-MiniLM-L6-v2,english_gold,full_sentence,en,correct,sun_rise_direction__en,sun_rise_direction,The sun rises in the east.,"The sun rises in the east, because Earth rotates from west to east, making the sun appear to move across the eastern horizon.",0.7845617532730103
sentence-transformers/all-MiniLM-L6-v2,english_gold,full_sentence,en,wrong_subtle,sun_rise_direction__en__wrong_subtle,sun_rise_direction,The sun rises in the east.,The sun rises in the north-east.,0.9382588863372803
sentence-transformers/all-MiniLM-L6-v2,english_gold,full_sentence,en,wrong_hard,sun_rise_direction__en__wrong_hard,sun_rise_direction,The sun rises in the east.,The sun rises in the west.,0.8939043879508972
sentence-transformers/all-MiniLM-L6-v2,english_gold,full_sentence,hi,correct,sun_rise_direction__hi,sun_rise_direction,The sun rises in the east.,"सूर्य पूर्व दिशा में उगता है, क्योंकि पृथ्वी अपने अक्ष पर घूर्णन करती है।",0.1621248722076416
sentence-transformers/all-MiniLM-L6-v2,english_gold,full_sentence,hi,wrong_subtle,sun_rise_direction__hi__wrong_subtle,sun_rise_direction,The sun rises in the east.,सूर्य उत्तर-पूर्व दिशा में उगता है।,0.09500713646411896
sentence-transformers/all-MiniLM-L6-v2,english_gold,full_sentence,hi,wrong_hard,sun_rise_direction__hi__wrong_hard,sun_rise_direction,The sun rises in the east.,सूर्य पश्चिम दिशा में उगता है।,0.11166812479496002
sentence-transformers/all-MiniLM-L6-v2,english_gold,full_sentence,hinglish,correct,sun_rise_direction__hinglish,sun_rise_direction,The sun rises in the east.,"Suraj purvi disha mein ugta hai, kyunki dharti apni dhur par ghuma kar subah ki taraf hoti hai.",0.1891951858997345
sentence-transformers/all-MiniLM-L6-v2,english_gold,full_sentence,hinglish,wrong_subtle,sun_rise_direction__hinglish__wrong_subtle,sun_rise_direction,The sun rises in the east.,Suraj uttar-purab disha mein ugta hai.,0.1485622376203537
sentence-transformers/all-MiniLM-L6-v2,english_gold,full_sentence,hinglish,wrong_hard,sun_rise_direction__hinglish__wrong_hard,sun_rise_direction,The sun rises in the east.,Suraj paschim disha mein ugta hai.,0.05567486584186554
sentence-transformers/all-MiniLM-L6-v2,english_gold,full_sentence,en,correct,days_in_leap_year__en,days_in_leap_year,A leap year has 366 days.,"A leap year has 366 days, because an extra day (February 29) is added to keep the calendar in sync with the Earth’s orbit.",0.8673527240753174
sentence-transformers/all-MiniLM-L6-v2,english_gold,full_sentence,en,wrong_subtle,days_in_leap_year__en__wrong_subtle,days_in_leap_year,A leap year has 366 days.,A leap year has 365 days.,0.8928610682487488
sentence-transformers/all-MiniLM-L6-v2,english_gold,full_sentence,en,wrong_hard,days_in_leap_year__en__wrong_hard,days_in_leap_year,A leap year has 366 days.,A leap year has 400 days.,0.8624274134635925
sentence-transformers/all-MiniLM-L6-v2,english_gold,full_sentence,hi,correct,days_in_leap_year__hi,days_in_leap_year,A leap year has 366 days.,एक लीप वर्ष में 366 दिन होते हैं। यह इसलिए होता है क्योंकि फरवरी में 29 दिन होते हैं।,0.17599375545978546
sentence-transformers/all-MiniLM-L6-v2,english_gold,full_sentence,hi,wrong_subtle,days_in_leap_year__hi__wrong_subtle,days_in_leap_year,A leap year has 366 days.,एक लीप वर्ष में 365 दिन होते हैं।,0.3602741062641144
sentence-transformers/all-MiniLM-L6-v2,english_gold,full_sentence,hi,wrong_hard,days_in_leap_year__hi__wrong_hard,days_in_leap_year,A leap year has 366 days.,एक लीप वर्ष में 400 दिन होते हैं।,0.04048227146267891
sentence-transformers/all-MiniLM-L6-v2,english_gold,full_sentence,hinglish,correct,days_in_leap_year__hinglish,days_in_leap_year,A leap year has 366 days.,"Leap year mein 366 din hote hain, kyunki February mein 29 din hote hain.",0.4960910975933075
sentence-transformers/all-MiniLM-L6-v2,english_gold,full_sentence,hinglish,wrong_subtle,days_in_leap_year__hinglish__wrong_subtle,days_in_leap_year,A leap year has 366 days.,Ek leap year mein 365 din hote hain.,0.4388289749622345
sentence-transformers/all-MiniLM-L6-v2,english_gold,full_sentence,hinglish,wrong_hard,days_in_leap_year__hinglish__wrong_hard,days_in_leap_year,A leap year has 366 days.,Ek leap year mein 400 din hote hain.,0.3209074139595032
sentence-transformers/all-MiniLM-L6-v2,english_gold,full_sentence,en,correct,father_of_nation_india__en,father_of_nation_india,Mahatma Gandhi is known as the Father of the Nation in India.,"Mahatma Gandhi is called the “Father of the Nation” in India, for leading the country’s non‑violent struggle for independence from British rule.",0.8979060053825378
sentence-transformers/all-MiniLM-L6-v2,english_gold,full_sentence,en,wrong_subtle,father_of_nation_india__en__wrong_subtle,father_of_nation_india,Mahatma Gandhi is known as the Father of the Nation in India.,Mahatma Gandhi is known as the Netaji of India.,0.7269688844680786
sentence-transformers/all-MiniLM-L6-v2,english_gold,full_sentence,en,wrong_hard,father_of_nation_india__en__wrong_hard,father_of_nation_india,Mahatma Gandhi is known as the Father of the Nation in India.,Jawaharlal Nehru is known as the Father of the Nation in India.,0.8576676249504089
sentence-transformers/all-MiniLM-L6-v2,english_gold,full_sentence,hi,wrong_subtle,father_of_nation_india__hi__wrong_subtle,father_of_nation_india,Mahatma Gandhi is known as the Father of the Nation in India.,महात्मा गांधी को भारत का नेताजी कहा जाता है।,0.29118266701698303
sentence-transformers/all-MiniLM-L6-v2,english_gold,full_sentence,hi,wrong_hard,father_of_nation_india__hi__wrong_hard,father_of_nation_india,Mahatma Gandhi is known as the Father of the Nation in India.,भारत में जवाहरलाल नेहरू को राष्ट्रपिता के रूप में जाना जाता है।,0.24352875351905823
sentence-transformers/all-MiniLM-L6-v2,english_gold,full_sentence,hinglish,correct,father_of_nation_india__hinglish,father_of_nation_india,Mahatma Gandhi is known as the Father of the Nation in India.,Mahatma Gandhi ko Bharat ka rashtrapita mana jata hai. Unhone ahimsa aur satyagraha se desh ki azadi ki ladai ladhi.,0.546421229839325
sentence-transformers/all-MiniLM-L6-v2,english_gold,full_sentence,hinglish,wrong_subtle,father_of_nation_india__hinglish__wrong_subtle,father_of_nation_india,Mahatma Gandhi is known as the Father of the Nation in India.,Mahatma Gandhi ko Bharat ka Netaji kaha jata hai.,0.6439577341079712
sentence-transformers/all-MiniLM-L6-v2,english_gold,full_sentence,hinglish,wrong_hard,father_of_nation_india__hinglish__wrong_hard,father_of_nation_india,Mahatma Gandhi is known as the Father of the Nation in India.,Bharat mein Jawaharlal Nehru ko rashtrapita ke roop mein jana jata hai.,0.44350340962409973
sentence-transformers/all-MiniLM-L6-v2,english_gold,full_sentence,en,correct,boiling_point_water_c__en,boiling_point_water_c,Water boils at 100 degrees Celsius at sea level.,Water boils at 100 °C at sea level (standard atmospheric pressure of 1 atm).,0.8839569091796875
sentence-transformers/all-MiniLM-L6-v2,english_gold,full_sentence,en,wrong_subtle,boiling_point_water_c__en__wrong_subtle,boiling_point_water_c,Water boils at 100 degrees Celsius at sea level.,Water boils at 0 degrees Celsius at sea level.,0.9016880989074707
sentence-transformers/all-MiniLM-L6-v2,english_gold,full_sentence,en,wrong_hard,boiling_point_water_c__en__wrong_hard,boiling_point_water_c,Water boils at 100 degrees Celsius at sea level.,Water boils at 50 degrees Celsius at sea level.,0.9461038708686829
sentence-transformers/all-MiniLM-L6-v2,english_gold,full_sentence,hi,correct,boiling_point_water_c__hi,boiling_point_water_c,Water boils at 100 degrees Celsius at sea level.,समुद्र तल पर पानी 100 डिग्री सेल्सियस पर उबलता है। यह मान मानक वायुमंडलीय दबाव (1 atm) पर लागू होता है।,0.10077689588069916
sentence-transformers/all-MiniLM-L6-v2,english_gold,full_sentence,hi,wrong_subtle,boiling_point_water_c__hi__wrong_subtle,boiling_point_water_c,Water boils at 100 degrees Celsius at sea level.,समुद्र तल पर पानी 0 डिग्री सेल्सियस पर उबलता है।,-0.002026572823524475
sentence-transformers/all-MiniLM-L6-v2,english_gold,full_sentence,hi,wrong_hard,boiling_point_water_c__hi__wrong_hard,boiling_point_water_c,Water boils at 100 degrees Celsius at sea level.,समुद्र तल पर पानी 50 डिग्री सेल्सियस पर उबलता है।,0.042581722140312195
sentence-transformers/all-MiniLM-L6-v2,english_gold,full_sentence,hinglish,correct,boiling_point_water_c__hinglish,boiling_point_water_c,Water boils at 100 degrees Celsius at sea level.,"Pani samudra tal par 100 °C par ubalta hai, kyunki yeh standard atmospheric pressure (1 atm) par hota hai.",0.35428088903427124
sentence-transformers/all-MiniLM-L6-v2,english_gold,full_sentence,hinglish,wrong_subtle,boiling_point_water_c__hinglish__wrong_subtle,boiling_point_water_c,Water boils at 100 degrees Celsius at sea level.,Samudra tal par pani 0 degree Celsius par ubalta hai.,0.30500563979148865
sentence-transformers/all-MiniLM-L6-v2,english_gold,full_sentence,hinglish,wrong_hard,boiling_point_water_c__hinglish__wrong_hard,boiling_point_water_c,Water boils at 100 degrees Celsius at sea level.,Samudra tal par pani 50 degree Celsius par ubalta hai.,0.3289738893508911
sentence-transformers/all-MiniLM-L6-v2,same_language_gold,short,en,correct,capital_maharashtra__en,capital_maharashtra,Mumbai,"Mumbai is the capital of Maharashtra, the most populous state in India.",0.6753387451171875
sentence-transformers/all-MiniLM-L6-v2,same_language_gold,short,en,wrong_subtle,capital_maharashtra__en__wrong_subtle,capital_maharashtra,Mumbai,Mumbai is the capital of India.,0.7472423315048218
sentence-transformers/all-MiniLM-L6-v2,same_language_gold,short,en,wrong_hard,capital_maharashtra__en__wrong_hard,capital_maharashtra,Mumbai,The capital of Maharashtra is Chennai.,0.5920909643173218
sentence-transformers/all-MiniLM-L6-v2,same_language_gold,short,hi,correct,capital_maharashtra__hi,capital_maharashtra,मुंबई,"महाराष्ट्र की राजधानी मुंबई है, जो भारत का एक प्रमुख आर्थिक केंद्र है।",0.21493029594421387
sentence-transformers/all-MiniLM-L6-v2,same_language_gold,short,hi,wrong_subtle,capital_maharashtra__hi__wrong_subtle,capital_maharashtra,मुंबई,मुंबई भारत की राजधानी है।,0.2949875295162201
sentence-transformers/all-MiniLM-L6-v2,same_language_gold,short,hi,wrong_hard,capital_maharashtra__hi__wrong_hard,capital_maharashtra,मुंबई,महाराष्ट्र की राजधानी चेन्नई है।,0.30116960406303406
sentence-transformers/all-MiniLM-L6-v2,same_language_gold,short,hinglish,correct,capital_maharashtra__hinglish,capital_maharashtra,Mumbai,Maharashtra ki rajdhani Mumbai hai. Ye India ka financial capital bhi hai.,0.5522770285606384
sentence-transformers/all-MiniLM-L6-v2,same_language_gold,short,hinglish,wrong_subtle,capital_maharashtra__hinglish__wrong_subtle,capital_maharashtra,Mumbai,Mumbai Bharat ki rajdhani hai.,0.6745895147323608
sentence-transformers/all-MiniLM-L6-v2,same_language_gold,short,hinglish,wrong_hard,capital_maharashtra__hinglish__wrong_hard,capital_maharashtra,Mumbai,Maharashtra ki rajdhani Chennai hai.,0.6292784214019775
sentence-transformers/all-MiniLM-L6-v2,same_language_gold,short,en,correct,planets_count__en,planets_count,Eight,"There are eight planets in our solar system—Mercury, Venus, Earth, Mars, Jupiter, Saturn, Uranus, and Neptune. Pluto was reclassified as a dwarf planet in 2006, so it is no longer counted among the main planets.",0.21123558282852173
sentence-transformers/all-MiniLM-L6-v2,same_language_gold,short,en,wrong_subtle,planets_count__en__wrong_subtle,planets_count,Eight,"There are nine planets in our solar system, including Pluto.",0.3005395531654358
sentence-transformers/all-MiniLM-L6-v2,same_language_gold,short,en,wrong_hard,planets_count__en__wrong_hard,planets_count,Eight,There are twelve planets in our solar system.,0.2821972966194153
sentence-transformers/all-MiniLM-L6-v2,same_language_gold,short,hi,correct,planets_count__hi,planets_count,आठ,"हमारे सौर मंडल में 8 ग्रह हैं: बुध, शुक्र, पृथ्वी, मंगल, बृहस्पति, शनि, यूरेनस और नेपच्यून। 2006 में प्लूटो को बौना ग्रह घोषित कर दिया गया, इसलिए अब इसे मुख्य ग्रहों में नहीं गिना जाता।",0.16890445351600647
sentence-transformers/all-MiniLM-L6-v2,same_language_gold,short,hi,wrong_subtle,planets_count__hi__wrong_subtle,planets_count,आठ,"हमारे सौर मंडल में नौ ग्रह हैं, जिसमें प्लूटो भी शामिल है।",0.21538257598876953
sentence-transformers/all-MiniLM-L6-v2,same_language_gold,short,hi,wrong_hard,planets_count__hi__wrong_hard,planets_count,आठ,हमारे सौर मंडल में बारह ग्रह हैं।,0.2342025190591812
sentence-transformers/all-MiniLM-L6-v2,same_language_gold,short,hinglish,correct,planets_count__hinglish,planets_count,Aath,Hamare Saur Mandal mein 8 grah hain. 2015 se Pluto ko dwarf planet gina jata hai.,0.12812358140945435
sentence-transformers/all-MiniLM-L6-v2,same_language_gold,short,hinglish,wrong_subtle,planets_count__hinglish__wrong_subtle,planets_count,Aath,"Hamare saur mandal mein nau grah hain, jismein Pluto bhi shamil hai.",0.1433812975883484
sentence-transformers/all-MiniLM-L6-v2,same_language_gold,short,hinglish,wrong_hard,planets_count__hinglish__wrong_hard,planets_count,Aath,Hamare saur mandal mein barah grah hain.,0.0756346732378006
sentence-transformers/all-MiniLM-L6-v2,same_language_gold,short,en,correct,freedom_year__en,freedom_year,1947,"India gained independence in 1947, ending nearly 200 years of British colonial rule.",0.4320371747016907
sentence-transformers/all-MiniLM-L6-v2,same_language_gold,short,en,wrong_subtle,freedom_year__en__wrong_subtle,freedom_year,1947,India gained independence in 1948.,0.3765386939048767
sentence-transformers/all-MiniLM-L6-v2,same_language_gold,short,en,wrong_hard,freedom_year__en__wrong_hard,freedom_year,1947,India gained independence in 1857.,0.19089707732200623
sentence-transformers/all-MiniLM-L6-v2,same_language_gold,short,hi,correct,freedom_year__hi,freedom_year,१९४७,"भारत को 1947 में स्वतंत्रता मिली, 15 अगस्त को आज़ादी का दिन मनाया जाता है।",0.22890935838222504
sentence-transformers/all-MiniLM-L6-v2,same_language_gold,short,hi,wrong_subtle,freedom_year__hi__wrong_subtle,freedom_year,१९४७,भारत को 1948 में स्वतंत्रता मिली।,0.18134132027626038
sentence-transformers/all-MiniLM-L6-v2,same_language_gold,short,hi,wrong_hard,freedom_year__hi__wrong_hard,freedom_year,१९४७,भारत को 1857 में स्वतंत्रता मिली।,0.1941770315170288
sentence-transformers/all-MiniLM-L6-v2,same_language_gold,short,hinglish,correct,freedom_year__hinglish,freedom_year,1947,"Bharat ko 1947 mein aazadi mili, 15 August ko. Yeh din aaj bhi Independence Day ke roop mein manaya jata hai.",0.4502260684967041
sentence-transformers/all-MiniLM-L6-v2,same_language_gold,short,hinglish,wrong_subtle,freedom_year__hinglish__wrong_subtle,freedom_year,1947,Bharat ko 1948 mein aazadi mili.,0.4521591067314148
sentence-transformers/all-MiniLM-L6-v2,same_language_gold,short,hinglish,wrong_hard,freedom_year__hinglish__wrong_hard,freedom_year,1947,Bharat ko 1857 mein aazadi mili.,0.29187601804733276
sentence-transformers/all-MiniLM-L6-v2,same_language_gold,short,en,correct,water_formula__en,water_formula,H2O,"The chemical formula of water is **H₂O**, indicating that each molecule contains two hydrogen atoms bonded to one oxygen atom.",0.40481820702552795
sentence-transformers/all-MiniLM-L6-v2,same_language_gold,short,en,wrong_subtle,water_formula__en__wrong_subtle,water_formula,H2O,The chemical formula of water is H2O2.,0.6151418685913086
sentence-transformers/all-MiniLM-L6-v2,same_language_gold,short,en,wrong_hard,water_formula__en__wrong_hard,water_formula,H2O,The chemical formula of water is CO2.,0.420738160610199
sentence-transformers/all-MiniLM-L6-v2,same_language_gold,short,hi,correct,water_formula__hi,water_formula,H2O,"पानी का रासायनिक सूत्र **H₂O** है, अर्थात् दो हाइड्रोजन और एक ऑक्सीजन परमाणु से बना होता है.",0.16346724331378937
sentence-transformers/all-MiniLM-L6-v2,same_language_gold,short,hi,wrong_subtle,water_formula__hi__wrong_subtle,water_formula,H2O,पानी का रासायनिक सूत्र H2O2 है।,0.4953266978263855
sentence-transformers/all-MiniLM-L6-v2,same_language_gold,short,hi,wrong_hard,water_formula__hi__wrong_hard,water_formula,H2O,पानी का रासायनिक सूत्र CO2 है।,0.24542959034442902
sentence-transformers/all-MiniLM-L6-v2,same_language_gold,short,hinglish,correct,water_formula__hinglish,water_formula,H2O,Pani ka rasayanik sutra H₂O hai. Isme do hydrogen atoms aur ek oxygen atom hota hai.,0.3136459290981293
sentence-transformers/all-MiniLM-L6-v2,same_language_gold,short,hinglish,wrong_subtle,water_formula__hinglish__wrong_subtle,water_formula,H2O,Pani ka rasayanik sutra H2O2 hai.,0.3205817937850952
sentence-transformers/all-MiniLM-L6-v2,same_language_gold,short,hinglish,wrong_hard,water_formula__hinglish__wrong_hard,water_formula,H2O,Pani ka rasayanik sutra CO2 hai.,0.23893427848815918
sentence-transformers/all-MiniLM-L6-v2,same_language_gold,short,en,correct,national_animal_india__en,national_animal_india,Bengal tiger,"The national animal of India is the Bengal tiger, chosen for its strength, beauty, and cultural significance.",0.7742231488227844
sentence-transformers/all-MiniLM-L6-v2,same_language_gold,short,en,wrong_subtle,national_animal_india__en__wrong_subtle,national_animal_india,Bengal tiger,The national animal of India is the Siberian tiger.,0.7131248116493225
sentence-transformers/all-MiniLM-L6-v2,same_language_gold,short,en,wrong_hard,national_animal_india__en__wrong_hard,national_animal_india,Bengal tiger,The national animal of India is the lion.,0.5936644077301025
sentence-transformers/all-MiniLM-L6-v2,same_language_gold,short,hi,correct,national_animal_india__hi,national_animal_india,बंगाल टाइगर,"भारत का राष्ट्रीय पशु हाथी है, जिसे 1972 में राष्ट्रीय पशु घोषित किया गया था।",0.46494513750076294
sentence-transformers/all-MiniLM-L6-v2,same_language_gold,short,hi,wrong_subtle,national_animal_india__hi__wrong_subtle,national_animal_india,बंगाल टाइगर,भारत का राष्ट्रीय पशु साइबेरियाई टाइगर है।,0.6427215337753296
sentence-transformers/all-MiniLM-L6-v2,same_language_gold,short,hi,wrong_hard,national_animal_india__hi__wrong_hard,national_animal_india,बंगाल टाइगर,भारत का राष्ट्रीय पशु शेर है।,0.5092190504074097
sentence-transformers/all-MiniLM-L6-v2,same_language_gold,short,hinglish,correct,national_animal_india__hinglish,national_animal_india,Bengal tiger,Bharat ka rashtriya pashu bhains (water buffalo) hai. Ye pashu desh ki arthavyavastha aur parampara mein bahut mahatvapurn hai.,0.3515484929084778
sentence-transformers/all-MiniLM-L6-v2,same_language_gold,short,hinglish,wrong_subtle,national_animal_india__hinglish__wrong_subtle,national_animal_india,Bengal tiger,Bharat ka rashtriya pashu Siberian tiger hai.,0.6717959642410278
sentence-transformers/all-MiniLM-L6-v2,same_language_gold,short,hinglish,wrong_hard,national_animal_india__hinglish__wrong_hard,national_animal_india,Bengal tiger,Bharat ka rashtriya pashu sher hai.,0.32595106959342957
sentence-transformers/all-MiniLM-L6-v2,same_language_gold,short,en,correct,largest_ocean__en,largest_ocean,Pacific Ocean,"The Pacific Ocean is the largest ocean on Earth, covering about 63 million square miles (163 million km²). It stretches from the Arctic in the north to the Antarctic in the south, larger than all the Earth's landmasses combined.",0.6051982045173645
sentence-transformers/all-MiniLM-L6-v2,same_language_gold,short,en,wrong_subtle,largest_ocean__en__wrong_subtle,largest_ocean,Pacific Ocean,The Pacific Ocean is the smallest ocean on Earth.,0.6266946792602539
sentence-transformers/all-MiniLM-L6-v2,same_language_gold,short,en,wrong_hard,largest_ocean__en__wrong_hard,largest_ocean,Pacific Ocean,The largest ocean on Earth is the Atlantic Ocean.,0.45054614543914795
sentence-transformers/all-MiniLM-L6-v2,same_language_gold,short,hi,correct,largest_ocean__hi,largest_ocean,प्रशांत महासागर,"पैसिफिक महासागर पृथ्वी का सबसे बड़ा महासागर है, जो लगभग 46.6 मिलियन वर्ग मील क्षेत्रफल को कवर करता है।",0.7759457230567932
sentence-transformers/all-MiniLM-L6-v2,same_language_gold,short,hi,wrong_subtle,largest_ocean__hi__wrong_subtle,largest_ocean,प्रशांत महासागर,प्रशांत महासागर पृथ्वी का सबसे छोटा महासागर है।,0.9219969511032104
sentence-transformers/all-MiniLM-L6-v2,same_language_gold,short,hi,wrong_hard,largest_ocean__hi__wrong_hard,largest_ocean,प्रशांत महासागर,पृथ्वी का सबसे बड़ा महासागर अटलांटिक महासागर है।,0.8266892433166504
sentence-transformers/all-MiniLM-L6-v2,same_language_gold,short,hinglish,correct,largest_ocean__hinglish,largest_ocean,Prashant Mahasagar,Sabse bada mahasagar Pacific Ocean hai. Yeh dharti ke 46% surface area ko cover karta hai.,0.3845020532608032
sentence-transformers/all-MiniLM-L6-v2,same_language_gold,short,hinglish,wrong_subtle,largest_ocean__hinglish__wrong_subtle,largest_ocean,Prashant Mahasagar,Prashant Mahasagar Prithvi ka sabse chhota mahasagar hai.,0.802973747253418
sentence-transformers/all-MiniLM-L6-v2,same_language_gold,short,hinglish,wrong_hard,largest_ocean__hinglish__wrong_hard,largest_ocean,Prashant Mahasagar,Prithvi ka sabse bada mahasagar Atlantic Mahasagar hai.,0.627366304397583
sentence-transformers/all-MiniLM-L6-v2,same_language_gold,short,en,correct,sun_rise_direction__en,sun_rise_direction,East,"The sun rises in the east, because Earth rotates from west to east, making the sun appear to move across the eastern horizon.",0.40379735827445984
sentence-transformers/all-MiniLM-L6-v2,same_language_gold,short,en,wrong_subtle,sun_rise_direction__en__wrong_subtle,sun_rise_direction,East,The sun rises in the north-east.,0.46715235710144043
sentence-transformers/all-MiniLM-L6-v2,same_language_gold,short,en,wrong_hard,sun_rise_direction__en__wrong_hard,sun_rise_direction,East,The sun rises in the west.,0.4258020520210266
sentence-transformers/all-MiniLM-L6-v2,same_language_gold,short,hi,correct,sun_rise_direction__hi,sun_rise_direction,पूर्व,"सूर्य पूर्व दिशा में उगता है, क्योंकि पृथ्वी अपने अक्ष पर घूर्णन करती है।",0.5860543847084045
sentence-transformers/all-MiniLM-L6-v2,same_language_gold,short,hi,wrong_subtle,sun_rise_direction__hi__wrong_subtle,sun_rise_direction,पूर्व,सूर्य उत्तर-पूर्व दिशा में उगता है।,0.5428504943847656
sentence-transformers/all-MiniLM-L6-v2,same_language_gold,short,hi,wrong_hard,sun_rise_direction__hi__wrong_hard,sun_rise_direction,पूर्व,सूर्य पश्चिम दिशा में उगता है।,0.45149239897727966
sentence-transformers/all-MiniLM-L6-v2,same_language_gold,short,hinglish,correct,sun_rise_direction__hinglish,sun_rise_direction,Purab,"Suraj purvi disha mein ugta hai, kyunki dharti apni dhur par ghuma kar subah ki taraf hoti hai.",0.24510720372200012
sentence-transformers/all-MiniLM-L6-v2,same_language_gold,short,hinglish,wrong_subtle,sun_rise_direction__hinglish__wrong_subtle,sun_rise_direction,Purab,Suraj uttar-purab disha mein ugta hai.,0.4456902742385864
sentence-transformers/all-MiniLM-L6-v2,same_language_gold,short,hinglish,wrong_hard,sun_rise_direction__hinglish__wrong_hard,sun_rise_direction,Purab,Suraj paschim disha mein ugta hai.,0.19977274537086487
sentence-transformers/all-MiniLM-L6-v2,same_language_gold,short,en,correct,days_in_leap_year__en,days_in_leap_year,366,"A leap year has 366 days, because an extra day (February 29) is added to keep the calendar in sync with the Earth’s orbit.",0.2308633029460907
sentence-transformers/all-MiniLM-L6-v2,same_language_gold,short,en,wrong_subtle,days_in_leap_year__en__wrong_subtle,days_in_leap_year,366,A leap year has 365 days.,0.24011506140232086
sentence-transformers/all-MiniLM-L6-v2,same_language_gold,short,en,wrong_hard,days_in_leap_year__en__wrong_hard,days_in_leap_year,366,A leap year has 400 days.,0.2367413192987442
sentence-transformers/all-MiniLM-L6-v2,same_language_gold,short,hi,correct,days_in_leap_year__hi,days_in_leap_year,३६६,एक लीप वर्ष में 366 दिन होते हैं। यह इसलिए होता है क्योंकि फरवरी में 29 दिन होते हैं।,0.20925050973892212
sentence-transformers/all-MiniLM-L6-v2,same_language_gold,short,hi,wrong_subtle,days_in_leap_year__hi__wrong_subtle,days_in_leap_year,३६६,एक लीप वर्ष में 365 दिन होते हैं।,0.2748638093471527
sentence-transformers/all-MiniLM-L6-v2,same_language_gold,short,hi,wrong_hard,days_in_leap_year__hi__wrong_hard,days_in_leap_year,३६६,एक लीप वर्ष में 400 दिन होते हैं।,0.2322242259979248
sentence-transformers/all-MiniLM-L6-v2,same_language_gold,short,hinglish,correct,days_in_leap_year__hinglish,days_in_leap_year,366,"Leap year mein 366 din hote hain, kyunki February mein 29 din hote hain.",0.2948731780052185
sentence-transformers/all-MiniLM-L6-v2,same_language_gold,short,hinglish,wrong_subtle,days_in_leap_year__hinglish__wrong_subtle,days_in_leap_year,366,Ek leap year mein 365 din hote hain.,0.21981732547283173
sentence-transformers/all-MiniLM-L6-v2,same_language_gold,short,hinglish,wrong_hard,days_in_leap_year__hinglish__wrong_hard,days_in_leap_year,366,Ek leap year mein 400 din hote hain.,0.18295562267303467
sentence-transformers/all-MiniLM-L6-v2,same_language_gold,short,en,correct,father_of_nation_india__en,father_of_nation_india,Mahatma Gandhi,"Mahatma Gandhi is called the “Father of the Nation” in India, for leading the country’s non‑violent struggle for independence from British rule.",0.690437912940979
sentence-transformers/all-MiniLM-L6-v2,same_language_gold,short,en,wrong_subtle,father_of_nation_india__en__wrong_subtle,father_of_nation_india,Mahatma Gandhi,Mahatma Gandhi is known as the Netaji of India.,0.7543726563453674
sentence-transformers/all-MiniLM-L6-v2,same_language_gold,short,en,wrong_hard,father_of_nation_india__en__wrong_hard,father_of_nation_india,Mahatma Gandhi,Jawaharlal Nehru is known as the Father of the Nation in India.,0.5383824110031128
sentence-transformers/all-MiniLM-L6-v2,same_language_gold,short,hi,wrong_subtle,father_of_nation_india__hi__wrong_subtle,father_of_nation_india,महात्मा गांधी,महात्मा गांधी को भारत का नेताजी कहा जाता है।,0.882249653339386
sentence-transformers/all-MiniLM-L6-v2,same_language_gold,short,hi,wrong_hard,father_of_nation_india__hi__wrong_hard,father_of_nation_india,महात्मा गांधी,भारत में जवाहरलाल नेहरू को राष्ट्रपिता के रूप में जाना जाता है।,0.7235578894615173
sentence-transformers/all-MiniLM-L6-v2,same_language_gold,short,hinglish,correct,father_of_nation_india__hinglish,father_of_nation_india,Mahatma Gandhi,Mahatma Gandhi ko Bharat ka rashtrapita mana jata hai. Unhone ahimsa aur satyagraha se desh ki azadi ki ladai ladhi.,0.644942045211792
sentence-transformers/all-MiniLM-L6-v2,same_language_gold,short,hinglish,wrong_subtle,father_of_nation_india__hinglish__wrong_subtle,father_of_nation_india,Mahatma Gandhi,Mahatma Gandhi ko Bharat ka Netaji kaha jata hai.,0.7589073181152344
sentence-transformers/all-MiniLM-L6-v2,same_language_gold,short,hinglish,wrong_hard,father_of_nation_india__hinglish__wrong_hard,father_of_nation_india,Mahatma Gandhi,Bharat mein Jawaharlal Nehru ko rashtrapita ke roop mein jana jata hai.,0.4878138601779938
sentence-transformers/all-MiniLM-L6-v2,same_language_gold,short,en,correct,boiling_point_water_c__en,boiling_point_water_c,100 degrees Celsius,Water boils at 100 °C at sea level (standard atmospheric pressure of 1 atm).,0.5373659133911133
sentence-transformers/all-MiniLM-L6-v2,same_language_gold,short,en,wrong_subtle,boiling_point_water_c__en__wrong_subtle,boiling_point_water_c,100 degrees Celsius,Water boils at 0 degrees Celsius at sea level.,0.5244184732437134
sentence-transformers/all-MiniLM-L6-v2,same_language_gold,short,en,wrong_hard,boiling_point_water_c__en__wrong_hard,boiling_point_water_c,100 degrees Celsius,Water boils at 50 degrees Celsius at sea level.,0.5811783671379089
sentence-transformers/all-MiniLM-L6-v2,same_language_gold,short,hi,correct,boiling_point_water_c__hi,boiling_point_water_c,१०० डिग्री सेल्सियस,समुद्र तल पर पानी 100 डिग्री सेल्सियस पर उबलता है। यह मान मानक वायुमंडलीय दबाव (1 atm) पर लागू होता है।,0.7229769229888916
sentence-transformers/all-MiniLM-L6-v2,same_language_gold,short,hi,wrong_subtle,boiling_point_water_c__hi__wrong_subtle,boiling_point_water_c,१०० डिग्री सेल्सियस,समुद्र तल पर पानी 0 डिग्री सेल्सियस पर उबलता है।,0.8500040769577026
sentence-transformers/all-MiniLM-L6-v2,same_language_gold,short,hi,wrong_hard,boiling_point_water_c__hi__wrong_hard,boiling_point_water_c,१०० डिग्री सेल्सियस,समुद्र तल पर पानी 50 डिग्री सेल्सियस पर उबलता है।,0.8072205781936646
sentence-transformers/all-MiniLM-L6-v2,same_language_gold,short,hinglish,correct,boiling_point_water_c__hinglish,boiling_point_water_c,100 degree Celsius,"Pani samudra tal par 100 °C par ubalta hai, kyunki yeh standard atmospheric pressure (1 atm) par hota hai.",0.39692163467407227
sentence-transformers/all-MiniLM-L6-v2,same_language_gold,short,hinglish,wrong_subtle,boiling_point_water_c__hinglish__wrong_subtle,boiling_point_water_c,100 degree Celsius,Samudra tal par pani 0 degree Celsius par ubalta hai.,0.4525812566280365
sentence-transformers/all-MiniLM-L6-v2,same_language_gold,short,hinglish,wrong_hard,boiling_point_water_c__hinglish__wrong_hard,boiling_point_water_c,100 degree Celsius,Samudra tal par pani 50 degree Celsius par ubalta hai.,0.48707330226898193
sentence-transformers/all-MiniLM-L6-v2,same_language_gold,full_sentence,en,correct,capital_maharashtra__en,capital_maharashtra,The capital of Maharashtra is Mumbai.,"Mumbai is the capital of Maharashtra, the most populous state in India.",0.9090187549591064
sentence-transformers/all-MiniLM-L6-v2,same_language_gold,full_sentence,en,wrong_subtle,capital_maharashtra__en__wrong_subtle,capital_maharashtra,The capital of Maharashtra is Mumbai.,Mumbai is the capital of India.,0.9004487991333008
sentence-transformers/all-MiniLM-L6-v2,same_language_gold,full_sentence,en,wrong_hard,capital_maharashtra__en__wrong_hard,capital_maharashtra,The capital of Maharashtra is Mumbai.,The capital of Maharashtra is Chennai.,0.8241954445838928
sentence-transformers/all-MiniLM-L6-v2,same_language_gold,full_sentence,hi,correct,capital_maharashtra__hi,capital_maharashtra,महाराष्ट्र की राजधानी मुंबई है।,"महाराष्ट्र की राजधानी मुंबई है, जो भारत का एक प्रमुख आर्थिक केंद्र है।",0.8845818042755127
sentence-transformers/all-MiniLM-L6-v2,same_language_gold,full_sentence,hi,wrong_subtle,capital_maharashtra__hi__wrong_subtle,capital_maharashtra,महाराष्ट्र की राजधानी मुंबई है।,मुंबई भारत की राजधानी है।,0.9049350619316101
sentence-transformers/all-MiniLM-L6-v2,same_language_gold,full_sentence,hi,wrong_hard,capital_maharashtra__hi__wrong_hard,capital_maharashtra,महाराष्ट्र की राजधानी मुंबई है।,महाराष्ट्र की राजधानी चेन्नई है।,1.0000001192092896
sentence-transformers/all-MiniLM-L6-v2,same_language_gold,full_sentence,hinglish,correct,capital_maharashtra__hinglish,capital_maharashtra,Maharashtra ki rajdhani Mumbai hai.,Maharashtra ki rajdhani Mumbai hai. Ye India ka financial capital bhi hai.,0.7725530862808228
sentence-transformers/all-MiniLM-L6-v2,same_language_gold,full_sentence,hinglish,wrong_subtle,capital_maharashtra__hinglish__wrong_subtle,capital_maharashtra,Maharashtra ki rajdhani Mumbai hai.,Mumbai Bharat ki rajdhani hai.,0.9287598133087158
sentence-transformers/all-MiniLM-L6-v2,same_language_gold,full_sentence,hinglish,wrong_hard,capital_maharashtra__hinglish__wrong_hard,capital_maharashtra,Maharashtra ki rajdhani Mumbai hai.,Maharashtra ki rajdhani Chennai hai.,0.957464337348938
sentence-transformers/all-MiniLM-L6-v2,same_language_gold,full_sentence,en,correct,planets_count__en,planets_count,There are eight planets in our solar system.,"There are eight planets in our solar system—Mercury, Venus, Earth, Mars, Jupiter, Saturn, Uranus, and Neptune. Pluto was reclassified as a dwarf planet in 2006, so it is no longer counted among the main planets.",0.8130086660385132
sentence-transformers/all-MiniLM-L6-v2,same_language_gold,full_sentence,en,wrong_subtle,planets_count__en__wrong_subtle,planets_count,There are eight planets in our solar system.,"There are nine planets in our solar system, including Pluto.",0.8754763603210449
sentence-transformers/all-MiniLM-L6-v2,same_language_gold,full_sentence,en,wrong_hard,planets_count__en__wrong_hard,planets_count,There are eight planets in our solar system.,There are twelve planets in our solar system.,0.8719205856323242
sentence-transformers/all-MiniLM-L6-v2,same_language_gold,full_sentence,hi,correct,planets_count__hi,planets_count,हमारे सौर मंडल में आठ ग्रह हैं।,"हमारे सौर मंडल में 8 ग्रह हैं: बुध, शुक्र, पृथ्वी, मंगल, बृहस्पति, शनि, यूरेनस और नेपच्यून। 2006 में प्लूटो को बौना ग्रह घोषित कर दिया गया, इसलिए अब इसे मुख्य ग्रहों में नहीं गिना जाता।",0.7880648970603943
sentence-transformers/all-MiniLM-L6-v2,same_language_gold,full_sentence,hi,wrong_subtle,planets_count__hi__wrong_subtle,planets_count,हमारे सौर मंडल में आठ ग्रह हैं।,"हमारे सौर मंडल में नौ ग्रह हैं, जिसमें प्लूटो भी शामिल है।",0.9149089455604553
sentence-transformers/all-MiniLM-L6-v2,same_language_gold,full_sentence,hi,wrong_hard,planets_count__hi__wrong_hard,planets_count,हमारे सौर मंडल में आठ ग्रह हैं।,हमारे सौर मंडल में बारह ग्रह हैं।,0.9681791067123413
sentence-transformers/all-MiniLM-L6-v2,same_language_gold,full_sentence,hinglish,correct,planets_count__hinglish,planets_count,Hamare saur mandal mein aath grah hain.,Hamare Saur Mandal mein 8 grah hain. 2015 se Pluto ko dwarf planet gina jata hai.,0.6410349607467651
sentence-transformers/all-MiniLM-L6-v2,same_language_gold,full_sentence,hinglish,wrong_subtle,planets_count__hinglish__wrong_subtle,planets_count,Hamare saur mandal mein aath grah hain.,"Hamare saur mandal mein nau grah hain, jismein Pluto bhi shamil hai.",0.8397083878517151
sentence-transformers/all-MiniLM-L6-v2,same_language_gold,full_sentence,hinglish,wrong_hard,planets_count__hinglish__wrong_hard,planets_count,Hamare saur mandal mein aath grah hain.,Hamare saur mandal mein barah grah hain.,0.9516727924346924
sentence-transformers/all-MiniLM-L6-v2,same_language_gold,full_sentence,en,correct,freedom_year__en,freedom_year,India gained independence in 1947.,"India gained independence in 1947, ending nearly 200 years of British colonial rule.",0.8629738688468933
sentence-transformers/all-MiniLM-L6-v2,same_language_gold,full_sentence,en,wrong_subtle,freedom_year__en__wrong_subtle,freedom_year,India gained independence in 1947.,India gained independence in 1948.,0.8716419339179993
sentence-transformers/all-MiniLM-L6-v2,same_language_gold,full_sentence,en,wrong_hard,freedom_year__en__wrong_hard,freedom_year,India gained independence in 1947.,India gained independence in 1857.,0.7718548774719238
sentence-transformers/all-MiniLM-L6-v2,same_language_gold,full_sentence,hi,correct,freedom_year__hi,freedom_year,भारत को 1947 में स्वतंत्रता मिली।,"भारत को 1947 में स्वतंत्रता मिली, 15 अगस्त को आज़ादी का दिन मनाया जाता है।",0.8917858600616455
sentence-transformers/all-MiniLM-L6-v2,same_language_gold,full_sentence,hi,wrong_subtle,freedom_year__hi__wrong_subtle,freedom_year,भारत को 1947 में स्वतंत्रता मिली।,भारत को 1948 में स्वतंत्रता मिली।,0.9206877946853638
sentence-transformers/all-MiniLM-L6-v2,same_language_gold,full_sentence,hi,wrong_hard,freedom_year__hi__wrong_hard,freedom_year,भारत को 1947 में स्वतंत्रता मिली।,भारत को 1857 में स्वतंत्रता मिली।,0.8621255159378052
sentence-transformers/all-MiniLM-L6-v2,same_language_gold,full_sentence,hinglish,correct,freedom_year__hinglish,freedom_year,Bharat ko 1947 mein aazadi mili.,"Bharat ko 1947 mein aazadi mili, 15 August ko. Yeh din aaj bhi Independence Day ke roop mein manaya jata hai.",0.7725048065185547
sentence-transformers/all-MiniLM-L6-v2,same_language_gold,full_sentence,hinglish,wrong_subtle,freedom_year__hinglish__wrong_subtle,freedom_year,Bharat ko 1947 mein aazadi mili.,Bharat ko 1948 mein aazadi mili.,0.9418893456459045
sentence-transformers/all-MiniLM-L6-v2,same_language_gold,full_sentence,hinglish,wrong_hard,freedom_year__hinglish__wrong_hard,freedom_year,Bharat ko 1947 mein aazadi mili.,Bharat ko 1857 mein aazadi mili.,0.8697504997253418
sentence-transformers/all-MiniLM-L6-v2,same_language_gold,full_sentence,en,correct,water_formula__en,water_formula,The chemical formula of water is H2O.,"The chemical formula of water is **H₂O**, indicating that each molecule contains two hydrogen atoms bonded to one oxygen atom.",0.8179184198379517
sentence-transformers/all-MiniLM-L6-v2,same_language_gold,full_sentence,en,wrong_subtle,water_formula__en__wrong_subtle,water_formula,The chemical formula of water is H2O.,The chemical formula of water is H2O2.,0.9930542707443237
sentence-transformers/all-MiniLM-L6-v2,same_language_gold,full_sentence,en,wrong_hard,water_formula__en__wrong_hard,water_formula,The chemical formula of water is H2O.,The chemical formula of water is CO2.,0.8026951551437378
sentence-transformers/all-MiniLM-L6-v2,same_language_gold,full_sentence,hi,correct,water_formula__hi,water_formula,पानी का रासायनिक सूत्र H2O है।,"पानी का रासायनिक सूत्र **H₂O** है, अर्थात् दो हाइड्रोजन और एक ऑक्सीजन परमाणु से बना होता है.",0.7867782115936279
sentence-transformers/all-MiniLM-L6-v2,same_language_gold,full_sentence,hi,wrong_subtle,water_formula__hi__wrong_subtle,water_formula,पानी का रासायनिक सूत्र H2O है।,पानी का रासायनिक सूत्र H2O2 है।,0.9763961434364319
sentence-transformers/all-MiniLM-L6-v2,same_language_gold,full_sentence,hi,wrong_hard,water_formula__hi__wrong_hard,water_formula,पानी का रासायनिक सूत्र H2O है।,पानी का रासायनिक सूत्र CO2 है।,0.7979150414466858
sentence-transformers/all-MiniLM-L6-v2,same_language_gold,full_sentence,hinglish,correct,water_formula__hinglish,water_formula,Pani ka rasayanik sutra H2O hai.,Pani ka rasayanik sutra H₂O hai. Isme do hydrogen atoms aur ek oxygen atom hota hai.,0.6034402251243591
sentence-transformers/all-MiniLM-L6-v2,same_language_gold,full_sentence,hinglish,wrong_subtle,water_formula__hinglish__wrong_subtle,water_formula,Pani ka rasayanik sutra H2O hai.,Pani ka rasayanik sutra H2O2 hai.,0.9829926490783691
sentence-transformers/all-MiniLM-L6-v2,same_language_gold,full_sentence,hinglish,wrong_hard,water_formula__hinglish__wrong_hard,water_formula,Pani ka rasayanik sutra H2O hai.,Pani ka rasayanik sutra CO2 hai.,0.8835323452949524
sentence-transformers/all-MiniLM-L6-v2,same_language_gold,full_sentence,en,correct,national_animal_india__en,national_animal_india,The national animal of India is the Bengal tiger.,"The national animal of India is the Bengal tiger, chosen for its strength, beauty, and cultural significance.",0.9299575090408325
sentence-transformers/all-MiniLM-L6-v2,same_language_gold,full_sentence,en,wrong_subtle,national_animal_india__en__wrong_subtle,national_animal_india,The national animal of India is the Bengal tiger.,The national animal of India is the Siberian tiger.,0.8904623985290527
sentence-transformers/all-MiniLM-L6-v2,same_language_gold,full_sentence,en,wrong_hard,national_animal_india__en__wrong_hard,national_animal_india,The national animal of India is the Bengal tiger.,The national animal of India is the lion.,0.8108039498329163
sentence-transformers/all-MiniLM-L6-v2,same_language_gold,full_sentence,hi,correct,national_animal_india__hi,national_animal_india,भारत का राष्ट्रीय पशु बंगाल टाइगर है।,"भारत का राष्ट्रीय पशु हाथी है, जिसे 1972 में राष्ट्रीय पशु घोषित किया गया था।",0.761013388633728
sentence-transformers/all-MiniLM-L6-v2,same_language_gold,full_sentence,hi,wrong_subtle,national_animal_india__hi__wrong_subtle,national_animal_india,भारत का राष्ट्रीय पशु बंगाल टाइगर है।,भारत का राष्ट्रीय पशु साइबेरियाई टाइगर है।,0.9424117207527161
sentence-transformers/all-MiniLM-L6-v2,same_language_gold,full_sentence,hi,wrong_hard,national_animal_india__hi__wrong_hard,national_animal_india,भारत का राष्ट्रीय पशु बंगाल टाइगर है।,भारत का राष्ट्रीय पशु शेर है।,0.8720232248306274
sentence-transformers/all-MiniLM-L6-v2,same_language_gold,full_sentence,hinglish,correct,national_animal_india__hinglish,national_animal_india,Bharat ka rashtriya pashu Bengal tiger hai.,Bharat ka rashtriya pashu bhains (water buffalo) hai. Ye pashu desh ki arthavyavastha aur parampara mein bahut mahatvapurn hai.,0.7277214527130127
sentence-transformers/all-MiniLM-L6-v2,same_language_gold,full_sentence,hinglish,wrong_subtle,national_animal_india__hinglish__wrong_subtle,national_animal_india,Bharat ka rashtriya pashu Bengal tiger hai.,Bharat ka rashtriya pashu Siberian tiger hai.,0.9376583695411682
sentence-transformers/all-MiniLM-L6-v2,same_language_gold,full_sentence,hinglish,wrong_hard,national_animal_india__hinglish__wrong_hard,national_animal_india,Bharat ka rashtriya pashu Bengal tiger hai.,Bharat ka rashtriya pashu sher hai.,0.8559780120849609
sentence-transformers/all-MiniLM-L6-v2,same_language_gold,full_sentence,en,correct,largest_ocean__en,largest_ocean,The largest ocean on Earth is the Pacific Ocean.,"The Pacific Ocean is the largest ocean on Earth, covering about 63 million square miles (163 million km²). It stretches from the Arctic in the north to the Antarctic in the south, larger than all the Earth's landmasses combined.",0.8981260061264038
sentence-transformers/all-MiniLM-L6-v2,same_language_gold,full_sentence,en,wrong_subtle,largest_ocean__en__wrong_subtle,largest_ocean,The largest ocean on Earth is the Pacific Ocean.,The Pacific Ocean is the smallest ocean on Earth.,0.6955915093421936
sentence-transformers/all-MiniLM-L6-v2,same_language_gold,full_sentence,en,wrong_hard,largest_ocean__en__wrong_hard,largest_ocean,The largest ocean on Earth is the Pacific Ocean.,The largest ocean on Earth is the Atlantic Ocean.,0.9010025262832642
sentence-transformers/all-MiniLM-L6-v2,same_language_gold,full_sentence,hi,correct,largest_ocean__hi,largest_ocean,पृथ्वी का सबसे बड़ा महासागर प्रशांत महासागर है।,"पैसिफिक महासागर पृथ्वी का सबसे बड़ा महासागर है, जो लगभग 46.6 मिलियन वर्ग मील क्षेत्रफल को कवर करता है।",0.9119890928268433
sentence-transformers/all-MiniLM-L6-v2,same_language_gold,full_sentence,hi,wrong_subtle,largest_ocean__hi__wrong_subtle,largest_ocean,पृथ्वी का सबसे बड़ा महासागर प्रशांत महासागर है।,प्रशांत महासागर पृथ्वी का सबसे छोटा महासागर है।,0.9652976989746094
sentence-transformers/all-MiniLM-L6-v2,same_language_gold,full_sentence,hi,wrong_hard,largest_ocean__hi__wrong_hard,largest_ocean,पृथ्वी का सबसे बड़ा महासागर प्रशांत महासागर है।,पृथ्वी का सबसे बड़ा महासागर अटलांटिक महासागर है।,0.9806630611419678
sentence-transformers/all-MiniLM-L6-v2,same_language_gold,full_sentence,hinglish,correct,largest_ocean__hinglish,largest_ocean,Prithvi ka sabse bada mahasagar Prashant Mahasagar hai.,Sabse bada mahasagar Pacific Ocean hai. Yeh dharti ke 46% surface area ko cover karta hai.,0.5519017577171326
sentence-transformers/all-MiniLM-L6-v2,same_language_gold,full_sentence,hinglish,wrong_subtle,largest_ocean__hinglish__wrong_subtle,largest_ocean,Prithvi ka sabse bada mahasagar Prashant Mahasagar hai.,Prashant Mahasagar Prithvi ka sabse chhota mahasagar hai.,0.9331408739089966
sentence-transformers/all-MiniLM-L6-v2,same_language_gold,full_sentence,hinglish,wrong_hard,largest_ocean__hinglish__wrong_hard,largest_ocean,Prithvi ka sabse bada mahasagar Prashant Mahasagar hai.,Prithvi ka sabse bada mahasagar Atlantic Mahasagar hai.,0.8900120854377747
sentence-transformers/all-MiniLM-L6-v2,same_language_gold,full_sentence,en,correct,sun_rise_direction__en,sun_rise_direction,The sun rises in the east.,"The sun rises in the east, because Earth rotates from west to east, making the sun appear to move across the eastern horizon.",0.7845617532730103
sentence-transformers/all-MiniLM-L6-v2,same_language_gold,full_sentence,en,wrong_subtle,sun_rise_direction__en__wrong_subtle,sun_rise_direction,The sun rises in the east.,The sun rises in the north-east.,0.9382588863372803
sentence-transformers/all-MiniLM-L6-v2,same_language_gold,full_sentence,en,wrong_hard,sun_rise_direction__en__wrong_hard,sun_rise_direction,The sun rises in the east.,The sun rises in the west.,0.8939043879508972
sentence-transformers/all-MiniLM-L6-v2,same_language_gold,full_sentence,hi,correct,sun_rise_direction__hi,sun_rise_direction,सूर्य पूर्व दिशा में उगता है।,"सूर्य पूर्व दिशा में उगता है, क्योंकि पृथ्वी अपने अक्ष पर घूर्णन करती है।",0.9132363796234131
sentence-transformers/all-MiniLM-L6-v2,same_language_gold,full_sentence,hi,wrong_subtle,sun_rise_direction__hi__wrong_subtle,sun_rise_direction,सूर्य पूर्व दिशा में उगता है।,सूर्य उत्तर-पूर्व दिशा में उगता है।,0.9609861373901367
sentence-transformers/all-MiniLM-L6-v2,same_language_gold,full_sentence,hi,wrong_hard,sun_rise_direction__hi__wrong_hard,sun_rise_direction,सूर्य पूर्व दिशा में उगता है।,सूर्य पश्चिम दिशा में उगता है।,0.9516985416412354
sentence-transformers/all-MiniLM-L6-v2,same_language_gold,full_sentence,hinglish,correct,sun_rise_direction__hinglish,sun_rise_direction,Suraj purab disha mein ugta hai.,"Suraj purvi disha mein ugta hai, kyunki dharti apni dhur par ghuma kar subah ki taraf hoti hai.",0.7522397637367249
sentence-transformers/all-MiniLM-L6-v2,same_language_gold,full_sentence,hinglish,wrong_subtle,sun_rise_direction__hinglish__wrong_subtle,sun_rise_direction,Suraj purab disha mein ugta hai.,Suraj uttar-purab disha mein ugta hai.,0.9357029795646667
sentence-transformers/all-MiniLM-L6-v2,same_language_gold,full_sentence,hinglish,wrong_hard,sun_rise_direction__hinglish__wrong_hard,sun_rise_direction,Suraj purab disha mein ugta hai.,Suraj paschim disha mein ugta hai.,0.8779840469360352
sentence-transformers/all-MiniLM-L6-v2,same_language_gold,full_sentence,en,correct,days_in_leap_year__en,days_in_leap_year,A leap year has 366 days.,"A leap year has 366 days, because an extra day (February 29) is added to keep the calendar in sync with the Earth’s orbit.",0.8673527240753174
sentence-transformers/all-MiniLM-L6-v2,same_language_gold,full_sentence,en,wrong_subtle,days_in_leap_year__en__wrong_subtle,days_in_leap_year,A leap year has 366 days.,A leap year has 365 days.,0.8928610682487488
sentence-transformers/all-MiniLM-L6-v2,same_language_gold,full_sentence,en,wrong_hard,days_in_leap_year__en__wrong_hard,days_in_leap_year,A leap year has 366 days.,A leap year has 400 days.,0.8624274134635925
sentence-transformers/all-MiniLM-L6-v2,same_language_gold,full_sentence,hi,correct,days_in_leap_year__hi,days_in_leap_year,एक लीप वर्ष में 366 दिन होते हैं।,एक लीप वर्ष में 366 दिन होते हैं। यह इसलिए होता है क्योंकि फरवरी में 29 दिन होते हैं।,0.9113003015518188
sentence-transformers/all-MiniLM-L6-v2,same_language_gold,full_sentence,hi,wrong_subtle,days_in_leap_year__hi__wrong_subtle,days_in_leap_year,एक लीप वर्ष में 366 दिन होते हैं।,एक लीप वर्ष में 365 दिन होते हैं।,0.8198883533477783
sentence-transformers/all-MiniLM-L6-v2,same_language_gold,full_sentence,hi,wrong_hard,days_in_leap_year__hi__wrong_hard,days_in_leap_year,एक लीप वर्ष में 366 दिन होते हैं।,एक लीप वर्ष में 400 दिन होते हैं।,0.8936736583709717
sentence-transformers/all-MiniLM-L6-v2,same_language_gold,full_sentence,hinglish,correct,days_in_leap_year__hinglish,days_in_leap_year,Ek leap year mein 366 din hote hain.,"Leap year mein 366 din hote hain, kyunki February mein 29 din hote hain.",0.8981986045837402
sentence-transformers/all-MiniLM-L6-v2,same_language_gold,full_sentence,hinglish,wrong_subtle,days_in_leap_year__hinglish__wrong_subtle,days_in_leap_year,Ek leap year mein 366 din hote hain.,Ek leap year mein 365 din hote hain.,0.9421638250350952
sentence-transformers/all-MiniLM-L6-v2,same_language_gold,full_sentence,hinglish,wrong_hard,days_in_leap_year__hinglish__wrong_hard,days_in_leap_year,Ek leap year mein 366 din hote hain.,Ek leap year mein 400 din hote hain.,0.8860323429107666
sentence-transformers/all-MiniLM-L6-v2,same_language_gold,full_sentence,en,correct,father_of_nation_india__en,father_of_nation_india,Mahatma Gandhi is known as the Father of the Nation in India.,"Mahatma Gandhi is called the “Father of the Nation” in India, for leading the country’s non‑violent struggle for independence from British rule.",0.8979060053825378
sentence-transformers/all-MiniLM-L6-v2,same_language_gold,full_sentence,en,wrong_subtle,father_of_nation_india__en__wrong_subtle,father_of_nation_india,Mahatma Gandhi is known as the Father of the Nation in India.,Mahatma Gandhi is known as the Netaji of India.,0.7269688844680786
sentence-transformers/all-MiniLM-L6-v2,same_language_gold,full_sentence,en,wrong_hard,father_of_nation_india__en__wrong_hard,father_of_nation_india,Mahatma Gandhi is known as the Father of the Nation in India.,Jawaharlal Nehru is known as the Father of the Nation in India.,0.8576676249504089
sentence-transformers/all-MiniLM-L6-v2,same_language_gold,full_sentence,hi,wrong_subtle,father_of_nation_india__hi__wrong_subtle,father_of_nation_india,भारत में महात्मा गांधी को राष्ट्रपिता के रूप में जाना जाता है।,महात्मा गांधी को भारत का नेताजी कहा जाता है।,0.9345651268959045
sentence-transformers/all-MiniLM-L6-v2,same_language_gold,full_sentence,hi,wrong_hard,father_of_nation_india__hi__wrong_hard,father_of_nation_india,भारत में महात्मा गांधी को राष्ट्रपिता के रूप में जाना जाता है।,भारत में जवाहरलाल नेहरू को राष्ट्रपिता के रूप में जाना जाता है।,0.9438278675079346
sentence-transformers/all-MiniLM-L6-v2,same_language_gold,full_sentence,hinglish,correct,father_of_nation_india__hinglish,father_of_nation_india,Bharat mein Mahatma Gandhi ko rashtrapita ke roop mein jana jata hai.,Mahatma Gandhi ko Bharat ka rashtrapita mana jata hai. Unhone ahimsa aur satyagraha se desh ki azadi ki ladai ladhi.,0.7922725081443787
sentence-transformers/all-MiniLM-L6-v2,same_language_gold,full_sentence,hinglish,wrong_subtle,father_of_nation_india__hinglish__wrong_subtle,father_of_nation_india,Bharat mein Mahatma Gandhi ko rashtrapita ke roop mein jana jata hai.,Mahatma Gandhi ko Bharat ka Netaji kaha jata hai.,0.8029115200042725
sentence-transformers/all-MiniLM-L6-v2,same_language_gold,full_sentence,hinglish,wrong_hard,father_of_nation_india__hinglish__wrong_hard,father_of_nation_india,Bharat mein Mahatma Gandhi ko rashtrapita ke roop mein jana jata hai.,Bharat mein Jawaharlal Nehru ko rashtrapita ke roop mein jana jata hai.,0.919336199760437
sentence-transformers/all-MiniLM-L6-v2,same_language_gold,full_sentence,en,correct,boiling_point_water_c__en,boiling_point_water_c,Water boils at 100 degrees Celsius at sea level.,Water boils at 100 °C at sea level (standard atmospheric pressure of 1 atm).,0.8839569091796875
sentence-transformers/all-MiniLM-L6-v2,same_language_gold,full_sentence,en,wrong_subtle,boiling_point_water_c__en__wrong_subtle,boiling_point_water_c,Water boils at 100 degrees Celsius at sea level.,Water boils at 0 degrees Celsius at sea level.,0.9016880989074707
sentence-transformers/all-MiniLM-L6-v2,same_language_gold,full_sentence,en,wrong_hard,boiling_point_water_c__en__wrong_hard,boiling_point_water_c,Water boils at 100 degrees Celsius at sea level.,Water boils at 50 degrees Celsius at sea level.,0.9461038708686829
sentence-transformers/all-MiniLM-L6-v2,same_language_gold,full_sentence,hi,correct,boiling_point_water_c__hi,boiling_point_water_c,समुद्र तल पर पानी 100 डिग्री सेल्सियस पर उबलता है।,समुद्र तल पर पानी 100 डिग्री सेल्सियस पर उबलता है। यह मान मानक वायुमंडलीय दबाव (1 atm) पर लागू होता है।,0.9275041818618774
sentence-transformers/all-MiniLM-L6-v2,same_language_gold,full_sentence,hi,wrong_subtle,boiling_point_water_c__hi__wrong_subtle,boiling_point_water_c,समुद्र तल पर पानी 100 डिग्री सेल्सियस पर उबलता है।,समुद्र तल पर पानी 0 डिग्री सेल्सियस पर उबलता है।,0.9580311179161072
sentence-transformers/all-MiniLM-L6-v2,same_language_gold,full_sentence,hi,wrong_hard,boiling_point_water_c__hi__wrong_hard,boiling_point_water_c,समुद्र तल पर पानी 100 डिग्री सेल्सियस पर उबलता है।,समुद्र तल पर पानी 50 डिग्री सेल्सियस पर उबलता है।,0.9542198181152344
sentence-transformers/all-MiniLM-L6-v2,same_language_gold,full_sentence,hinglish,correct,boiling_point_water_c__hinglish,boiling_point_water_c,Samudra tal par pani 100 degree Celsius par ubalta hai.,"Pani samudra tal par 100 °C par ubalta hai, kyunki yeh standard atmospheric pressure (1 atm) par hota hai.",0.7744615077972412
sentence-transformers/all-MiniLM-L6-v2,same_language_gold,full_sentence,hinglish,wrong_subtle,boiling_point_water_c__hinglish__wrong_subtle,boiling_point_water_c,Samudra tal par pani 100 degree Celsius par ubalta hai.,Samudra tal par pani 0 degree Celsius par ubalta hai.,0.954161524772644
sentence-transformers/all-MiniLM-L6-v2,same_language_gold,full_sentence,hinglish,wrong_hard,boiling_point_water_c__hinglish__wrong_hard,boiling_point_water_c,Samudra tal par pani 100 degree Celsius par ubalta hai.,Samudra tal par pani 50 degree Celsius par ubalta hai.,0.9721037745475769
sentence-transformers/LaBSE,english_gold,short,en,correct,capital_maharashtra__en,capital_maharashtra,Mumbai,"Mumbai is the capital of Maharashtra, the most populous state in India.",0.5212615728378296
sentence-transformers/LaBSE,english_gold,short,en,wrong_subtle,capital_maharashtra__en__wrong_subtle,capital_maharashtra,Mumbai,Mumbai is the capital of India.,0.6170204281806946
sentence-transformers/LaBSE,english_gold,short,en,wrong_hard,capital_maharashtra__en__wrong_hard,capital_maharashtra,Mumbai,The capital of Maharashtra is Chennai.,0.28499776124954224
sentence-transformers/LaBSE,english_gold,short,hi,correct,capital_maharashtra__hi,capital_maharashtra,Mumbai,"महाराष्ट्र की राजधानी मुंबई है, जो भारत का एक प्रमुख आर्थिक केंद्र है।",0.4730433225631714
sentence-transformers/LaBSE,english_gold,short,hi,wrong_subtle,capital_maharashtra__hi__wrong_subtle,capital_maharashtra,Mumbai,मुंबई भारत की राजधानी है।,0.5628823041915894
sentence-transformers/LaBSE,english_gold,short,hi,wrong_hard,capital_maharashtra__hi__wrong_hard,capital_maharashtra,Mumbai,महाराष्ट्र की राजधानी चेन्नई है।,0.3248506188392639
sentence-transformers/LaBSE,english_gold,short,hinglish,correct,capital_maharashtra__hinglish,capital_maharashtra,Mumbai,Maharashtra ki rajdhani Mumbai hai. Ye India ka financial capital bhi hai.,0.43280506134033203
sentence-transformers/LaBSE,english_gold,short,hinglish,wrong_subtle,capital_maharashtra__hinglish__wrong_subtle,capital_maharashtra,Mumbai,Mumbai Bharat ki rajdhani hai.,0.5339611768722534
sentence-transformers/LaBSE,english_gold,short,hinglish,wrong_hard,capital_maharashtra__hinglish__wrong_hard,capital_maharashtra,Mumbai,Maharashtra ki rajdhani Chennai hai.,0.20244573056697845
sentence-transformers/LaBSE,english_gold,short,en,correct,planets_count__en,planets_count,Eight,"There are eight planets in our solar system—Mercury, Venus, Earth, Mars, Jupiter, Saturn, Uranus, and Neptune. Pluto was reclassified as a dwarf planet in 2006, so it is no longer counted among the main planets.",0.13798630237579346
sentence-transformers/LaBSE,english_gold,short,en,wrong_subtle,planets_count__en__wrong_subtle,planets_count,Eight,"There are nine planets in our solar system, including Pluto.",0.20510031282901764
sentence-transformers/LaBSE,english_gold,short,en,wrong_hard,planets_count__en__wrong_hard,planets_count,Eight,There are twelve planets in our solar system.,0.12688390910625458
sentence-transformers/LaBSE,english_gold,short,hi,correct,planets_count__hi,planets_count,Eight,"हमारे सौर मंडल में 8 ग्रह हैं: बुध, शुक्र, पृथ्वी, मंगल, बृहस्पति, शनि, यूरेनस और नेपच्यून। 2006 में प्लूटो को बौना ग्रह घोषित कर दिया गया, इसलिए अब इसे मुख्य ग्रहों में नहीं गिना जाता।",0.16987761855125427
sentence-transformers/LaBSE,english_gold,short,hi,wrong_subtle,planets_count__hi__wrong_subtle,planets_count,Eight,"हमारे सौर मंडल में नौ ग्रह हैं, जिसमें प्लूटो भी शामिल है।",0.19094635546207428
sentence-transformers/LaBSE,english_gold,short,hi,wrong_hard,planets_count__hi__wrong_hard,planets_count,Eight,हमारे सौर मंडल में बारह ग्रह हैं।,0.18551602959632874
sentence-transformers/LaBSE,english_gold,short,hinglish,correct,planets_count__hinglish,planets_count,Eight,Hamare Saur Mandal mein 8 grah hain. 2015 se Pluto ko dwarf planet gina jata hai.,0.17451715469360352
sentence-transformers/LaBSE,english_gold,short,hinglish,wrong_subtle,planets_count__hinglish__wrong_subtle,planets_count,Eight,"Hamare saur mandal mein nau grah hain, jismein Pluto bhi shamil hai.",0.025871898978948593
sentence-transformers/LaBSE,english_gold,short,hinglish,wrong_hard,planets_count__hinglish__wrong_hard,planets_count,Eight,Hamare saur mandal mein barah grah hain.,0.0212109237909317
sentence-transformers/LaBSE,english_gold,short,en,correct,freedom_year__en,freedom_year,1947,"India gained independence in 1947, ending nearly 200 years of British colonial rule.",0.48993220925331116
sentence-transformers/LaBSE,english_gold,short,en,wrong_subtle,freedom_year__en__wrong_subtle,freedom_year,1947,India gained independence in 1948.,0.5291549563407898
sentence-transformers/LaBSE,english_gold,short,en,wrong_hard,freedom_year__en__wrong_hard,freedom_year,1947,India gained independence in 1857.,0.4738721549510956
sentence-transformers/LaBSE,english_gold,short,hi,correct,freedom_year__hi,freedom_year,1947,"भारत को 1947 में स्वतंत्रता मिली, 15 अगस्त को आज़ादी का दिन मनाया जाता है।",0.49575769901275635
sentence-transformers/LaBSE,english_gold,short,hi,wrong_subtle,freedom_year__hi__wrong_subtle,freedom_year,1947,भारत को 1948 में स्वतंत्रता मिली।,0.5479112267494202
sentence-transformers/LaBSE,english_gold,short,hi,wrong_hard,freedom_year__hi__wrong_hard,freedom_year,1947,भारत को 1857 में स्वतंत्रता मिली।,0.5094581842422485
sentence-transformers/LaBSE,english_gold,short,hinglish,correct,freedom_year__hinglish,freedom_year,1947,"Bharat ko 1947 mein aazadi mili, 15 August ko. Yeh din aaj bhi Independence Day ke roop mein manaya jata hai.",0.4453572630882263
sentence-transformers/LaBSE,english_gold,short,hinglish,wrong_subtle,freedom_year__hinglish__wrong_subtle,freedom_year,1947,Bharat ko 1948 mein aazadi mili.,0.5160834789276123
sentence-transformers/LaBSE,english_gold,short,hinglish,wrong_hard,freedom_year__hinglish__wrong_hard,freedom_year,1947,Bharat ko 1857 mein aazadi mili.,0.4504736661911011
sentence-transformers/LaBSE,english_gold,short,en,correct,water_formula__en,water_formula,H2O,"The chemical formula of water is **H₂O**, indicating that each molecule contains two hydrogen atoms bonded to one oxygen atom.",0.50087970495224
sentence-transformers/LaBSE,english_gold,short,en,wrong_subtle,water_formula__en__wrong_subtle,water_formula,H2O,The chemical formula of water is H2O2.,0.5863913893699646
sentence-transformers/LaBSE,english_gold,short,en,wrong_hard,water_formula__en__wrong_hard,water_formula,H2O,The chemical formula of water is CO2.,0.43202710151672363
sentence-transformers/LaBSE,english_gold,short,hi,correct,water_formula__hi,water_formula,H2O,"पानी का रासायनिक सूत्र **H₂O** है, अर्थात् दो हाइड्रोजन और एक ऑक्सीजन परमाणु से बना होता है.",0.4919799566268921
sentence-transformers/LaBSE,english_gold,short,hi,wrong_subtle,water_formula__hi__wrong_subtle,water_formula,H2O,पानी का रासायनिक सूत्र H2O2 है।,0.5524383783340454
sentence-transformers/LaBSE,english_gold,short,hi,wrong_hard,water_formula__hi__wrong_hard,water_formula,H2O,पानी का रासायनिक सूत्र CO2 है।,0.4485335946083069
sentence-transformers/LaBSE,english_gold,short,hinglish,correct,water_formula__hinglish,water_formula,H2O,Pani ka rasayanik sutra H₂O hai. Isme do hydrogen atoms aur ek oxygen atom hota hai.,0.4544466733932495
sentence-transformers/LaBSE,english_gold,short,hinglish,wrong_subtle,water_formula__hinglish__wrong_subtle,water_formula,H2O,Pani ka rasayanik sutra H2O2 hai.,0.6149340867996216
sentence-transformers/LaBSE,english_gold,short,hinglish,wrong_hard,water_formula__hinglish__wrong_hard,water_formula,H2O,Pani ka rasayanik sutra CO2 hai.,0.28462672233581543
sentence-transformers/LaBSE,english_gold,short,en,correct,national_animal_india__en,national_animal_india,Bengal tiger,"The national animal of India is the Bengal tiger, chosen for its strength, beauty, and cultural significance.",0.4564370810985565
sentence-transformers/LaBSE,english_gold,short,en,wrong_subtle,national_animal_india__en__wrong_subtle,national_animal_india,Bengal tiger,The national animal of India is the Siberian tiger.,0.36726897954940796
sentence-transformers/LaBSE,english_gold,short,en,wrong_hard,national_animal_india__en__wrong_hard,national_animal_india,Bengal tiger,The national animal of India is the lion.,0.2975867986679077
sentence-transformers/LaBSE,english_gold,short,hi,correct,national_animal_india__hi,national_animal_india,Bengal tiger,"भारत का राष्ट्रीय पशु हाथी है, जिसे 1972 में राष्ट्रीय पशु घोषित किया गया था।",0.23699010908603668
sentence-transformers/LaBSE,english_gold,short,hi,wrong_subtle,national_animal_india__hi__wrong_subtle,national_animal_india,Bengal tiger,भारत का राष्ट्रीय पशु साइबेरियाई टाइगर है।,0.4079054594039917
sentence-transformers/LaBSE,english_gold,short,hi,wrong_hard,national_animal_india__hi__wrong_hard,national_animal_india,Bengal tiger,भारत का राष्ट्रीय पशु शेर है।,0.3248053789138794
sentence-transformers/LaBSE,english_gold,short,hinglish,correct,national_animal_india__hinglish,national_animal_india,Bengal tiger,Bharat ka rashtriya pashu bhains (water buffalo) hai. Ye pashu desh ki arthavyavastha aur parampara mein bahut mahatvapurn hai.,0.11113200336694717
sentence-transformers/LaBSE,english_gold,short,hinglish,wrong_subtle,national_animal_india__hinglish__wrong_subtle,national_animal_india,Bengal tiger,Bharat ka rashtriya pashu Siberian tiger hai.,0.2746691405773163
sentence-transformers/LaBSE,english_gold,short,hinglish,wrong_hard,national_animal_india__hinglish__wrong_hard,national_animal_india,Bengal tiger,Bharat ka rashtriya pashu sher hai.,0.03669913858175278
sentence-transformers/LaBSE,english_gold,short,en,correct,largest_ocean__en,largest_ocean,Pacific Ocean,"The Pacific Ocean is the largest ocean on Earth, covering about 63 million square miles (163 million km²). It stretches from the Arctic in the north to the Antarctic in the south, larger than all the Earth's landmasses combined.",0.35892000794410706
sentence-transformers/LaBSE,english_gold,short,en,wrong_subtle,largest_ocean__en__wrong_subtle,largest_ocean,Pacific Ocean,The Pacific Ocean is the smallest ocean on Earth.,0.5548075437545776
sentence-transformers/LaBSE,english_gold,short,en,wrong_hard,largest_ocean__en__wrong_hard,largest_ocean,Pacific Ocean,The largest ocean on Earth is the Atlantic Ocean.,0.4641292691230774
sentence-transformers/LaBSE,english_gold,short,hi,correct,largest_ocean__hi,largest_ocean,Pacific Ocean,"पैसिफिक महासागर पृथ्वी का सबसे बड़ा महासागर है, जो लगभग 46.6 मिलियन वर्ग मील क्षेत्रफल को कवर करता है।",0.45357757806777954
sentence-transformers/LaBSE,english_gold,short,hi,wrong_subtle,largest_ocean__hi__wrong_subtle,largest_ocean,Pacific Ocean,प्रशांत महासागर पृथ्वी का सबसे छोटा महासागर है।,0.5040243864059448
sentence-transformers/LaBSE,english_gold,short,hi,wrong_hard,largest_ocean__hi__wrong_hard,largest_ocean,Pacific Ocean,पृथ्वी का सबसे बड़ा महासागर अटलांटिक महासागर है।,0.45804929733276367
sentence-transformers/LaBSE,english_gold,short,hinglish,correct,largest_ocean__hinglish,largest_ocean,Pacific Ocean,Sabse bada mahasagar Pacific Ocean hai. Yeh dharti ke 46% surface area ko cover karta hai.,0.4753395915031433
sentence-transformers/LaBSE,english_gold,short,hinglish,wrong_subtle,largest_ocean__hinglish__wrong_subtle,largest_ocean,Pacific Ocean,Prashant Mahasagar Prithvi ka sabse chhota mahasagar hai.,0.18306049704551697
sentence-transformers/LaBSE,english_gold,short,hinglish,wrong_hard,largest_ocean__hinglish__wrong_hard,largest_ocean,Pacific Ocean,Prithvi ka sabse bada mahasagar Atlantic Mahasagar hai.,0.39225995540618896
sentence-transformers/LaBSE,english_gold,short,en,correct,sun_rise_direction__en,sun_rise_direction,East,"The sun rises in the east, because Earth rotates from west to east, making the sun appear to move across the eastern horizon.",0.3180408775806427
sentence-transformers/LaBSE,english_gold,short,en,wrong_subtle,sun_rise_direction__en__wrong_subtle,sun_rise_direction,East,The sun rises in the north-east.,0.4464879631996155
sentence-transformers/LaBSE,english_gold,short,en,wrong_hard,sun_rise_direction__en__wrong_hard,sun_rise_direction,East,The sun rises in the west.,0.40513861179351807
sentence-transformers/LaBSE,english_gold,short,hi,correct,sun_rise_direction__hi,sun_rise_direction,East,"सूर्य पूर्व दिशा में उगता है, क्योंकि पृथ्वी अपने अक्ष पर घूर्णन करती है।",0.3492158353328705
sentence-transformers/LaBSE,english_gold,short,hi,wrong_subtle,sun_rise_direction__hi__wrong_subtle,sun_rise_direction,East,सूर्य उत्तर-पूर्व दिशा में उगता है।,0.4439926743507385
sentence-transformers/LaBSE,english_gold,short,hi,wrong_hard,sun_rise_direction__hi__wrong_hard,sun_rise_direction,East,सूर्य पश्चिम दिशा में उगता है।,0.41919785737991333
sentence-transformers/LaBSE,english_gold,short,hinglish,correct,sun_rise_direction__hinglish,sun_rise_direction,East,"Suraj purvi disha mein ugta hai, kyunki dharti apni dhur par ghuma kar subah ki taraf hoti hai.",0.037630267441272736
sentence-transformers/LaBSE,english_gold,short,hinglish,wrong_subtle,sun_rise_direction__hinglish__wrong_subtle,sun_rise_direction,East,Suraj uttar-purab disha mein ugta hai.,0.11635155975818634
sentence-transformers/LaBSE,english_gold,short,hinglish,wrong_hard,sun_rise_direction__hinglish__wrong_hard,sun_rise_direction,East,Suraj paschim disha mein ugta hai.,0.09445448219776154
sentence-transformers/LaBSE,english_gold,short,en,correct,days_in_leap_year__en,days_in_leap_year,366,"A leap year has 366 days, because an extra day (February 29) is added to keep the calendar in sync with the Earth’s orbit.",0.3770731985569
sentence-transformers/LaBSE,english_gold,short,en,wrong_subtle,days_in_leap_year__en__wrong_subtle,days_in_leap_year,366,A leap year has 365 days.,0.4892621636390686
sentence-transformers/LaBSE,english_gold,short,en,wrong_hard,days_in_leap_year__en__wrong_hard,days_in_leap_year,366,A leap year has 400 days.,0.32266610860824585
sentence-transformers/LaBSE,english_gold,short,hi,correct,days_in_leap_year__hi,days_in_leap_year,366,एक लीप वर्ष में 366 दिन होते हैं। यह इसलिए होता है क्योंकि फरवरी में 29 दिन होते हैं।,0.442196249961853
sentence-transformers/LaBSE,english_gold,short,hi,wrong_subtle,days_in_leap_year__hi__wrong_subtle,days_in_leap_year,366,एक लीप वर्ष में 365 दिन होते हैं।,0.4851841926574707
sentence-transformers/LaBSE,english_gold,short,hi,wrong_hard,days_in_leap_year__hi__wrong_hard,days_in_leap_year,366,एक लीप वर्ष में 400 दिन होते हैं।,0.34386682510375977
sentence-transformers/LaBSE,english_gold,short,hinglish,correct,days_in_leap_year__hinglish,days_in_leap_year,366,"Leap year mein 366 din hote hain, kyunki February mein 29 din hote hain.",0.4348873198032379
sentence-transformers/LaBSE,english_gold,short,hinglish,wrong_subtle,days_in_leap_year__hinglish__wrong_subtle,days_in_leap_year,366,Ek leap year mein 365 din hote hain.,0.4805639982223511
sentence-transformers/LaBSE,english_gold,short,hinglish,wrong_hard,days_in_leap_year__hinglish__wrong_hard,days_in_leap_year,366,Ek leap year mein 400 din hote hain.,0.24545612931251526
sentence-transformers/LaBSE,english_gold,short,en,correct,father_of_nation_india__en,father_of_nation_india,Mahatma Gandhi,"Mahatma Gandhi is called the “Father of the Nation” in India, for leading the country’s non‑violent struggle for independence from British rule.",0.5125503540039062
sentence-transformers/LaBSE,english_gold,short,en,wrong_subtle,father_of_nation_india__en__wrong_subtle,father_of_nation_india,Mahatma Gandhi,Mahatma Gandhi is known as the Netaji of India.,0.7165650129318237
sentence-transformers/LaBSE,english_gold,short,en,wrong_hard,father_of_nation_india__en__wrong_hard,father_of_nation_india,Mahatma Gandhi,Jawaharlal Nehru is known as the Father of the Nation in India.,0.2221623957157135
sentence-transformers/LaBSE,english_gold,short,hi,wrong_subtle,father_of_nation_india__hi__wrong_subtle,father_of_nation_india,Mahatma Gandhi,महात्मा गांधी को भारत का नेताजी कहा जाता है।,0.6337730288505554
sentence-transformers/LaBSE,english_gold,short,hi,wrong_hard,father_of_nation_india__hi__wrong_hard,father_of_nation_india,Mahatma Gandhi,भारत में जवाहरलाल नेहरू को राष्ट्रपिता के रूप में जाना जाता है।,0.2947198152542114
sentence-transformers/LaBSE,english_gold,short,hinglish,correct,father_of_nation_india__hinglish,father_of_nation_india,Mahatma Gandhi,Mahatma Gandhi ko Bharat ka rashtrapita mana jata hai. Unhone ahimsa aur satyagraha se desh ki azadi ki ladai ladhi.,0.67601078748703
sentence-transformers/LaBSE,english_gold,short,hinglish,wrong_subtle,father_of_nation_india__hinglish__wrong_subtle,father_of_nation_india,Mahatma Gandhi,Mahatma Gandhi ko Bharat ka Netaji kaha jata hai.,0.7572968006134033
sentence-transformers/LaBSE,english_gold,short,hinglish,wrong_hard,father_of_nation_india__hinglish__wrong_hard,father_of_nation_india,Mahatma Gandhi,Bharat mein Jawaharlal Nehru ko rashtrapita ke roop mein jana jata hai.,0.19789668917655945
sentence-transformers/LaBSE,english_gold,short,en,correct,boiling_point_water_c__en,boiling_point_water_c,100 degrees Celsius,Water boils at 100 °C at sea level (standard atmospheric pressure of 1 atm).,0.4811156392097473
sentence-transformers/LaBSE,english_gold,short,en,wrong_subtle,boiling_point_water_c__en__wrong_subtle,boiling_point_water_c,100 degrees Celsius,Water boils at 0 degrees Celsius at sea level.,0.43123704195022583
sentence-transformers/LaBSE,english_gold,short,en,wrong_hard,boiling_point_water_c__en__wrong_hard,boiling_point_water_c,100 degrees Celsius,Water boils at 50 degrees Celsius at sea level.,0.4573912024497986
sentence-transformers/LaBSE,english_gold,short,hi,correct,boiling_point_water_c__hi,boiling_point_water_c,100 degrees Celsius,समुद्र तल पर पानी 100 डिग्री सेल्सियस पर उबलता है। यह मान मानक वायुमंडलीय दबाव (1 atm) पर लागू होता है।,0.4915056824684143
sentence-transformers/LaBSE,english_gold,short,hi,wrong_subtle,boiling_point_water_c__hi__wrong_subtle,boiling_point_water_c,100 degrees Celsius,समुद्र तल पर पानी 0 डिग्री सेल्सियस पर उबलता है।,0.43325361609458923
sentence-transformers/LaBSE,english_gold,short,hi,wrong_hard,boiling_point_water_c__hi__wrong_hard,boiling_point_water_c,100 degrees Celsius,समुद्र तल पर पानी 50 डिग्री सेल्सियस पर उबलता है।,0.4250674247741699
sentence-transformers/LaBSE,english_gold,short,hinglish,correct,boiling_point_water_c__hinglish,boiling_point_water_c,100 degrees Celsius,"Pani samudra tal par 100 °C par ubalta hai, kyunki yeh standard atmospheric pressure (1 atm) par hota hai.",0.5049690008163452
sentence-transformers/LaBSE,english_gold,short,hinglish,wrong_subtle,boiling_point_water_c__hinglish__wrong_subtle,boiling_point_water_c,100 degrees Celsius,Samudra tal par pani 0 degree Celsius par ubalta hai.,0.4432172477245331
sentence-transformers/LaBSE,english_gold,short,hinglish,wrong_hard,boiling_point_water_c__hinglish__wrong_hard,boiling_point_water_c,100 degrees Celsius,Samudra tal par pani 50 degree Celsius par ubalta hai.,0.46392256021499634
sentence-transformers/LaBSE,english_gold,full_sentence,en,correct,capital_maharashtra__en,capital_maharashtra,The capital of Maharashtra is Mumbai.,"Mumbai is the capital of Maharashtra, the most populous state in India.",0.825163722038269
sentence-transformers/LaBSE,english_gold,full_sentence,en,wrong_subtle,capital_maharashtra__en__wrong_subtle,capital_maharashtra,The capital of Maharashtra is Mumbai.,Mumbai is the capital of India.,0.8566320538520813
sentence-transformers/LaBSE,english_gold,full_sentence,en,wrong_hard,capital_maharashtra__en__wrong_hard,capital_maharashtra,The capital of Maharashtra is Mumbai.,The capital of Maharashtra is Chennai.,0.8333048820495605
sentence-transformers/LaBSE,english_gold,full_sentence,hi,correct,capital_maharashtra__hi,capital_maharashtra,The capital of Maharashtra is Mumbai.,"महाराष्ट्र की राजधानी मुंबई है, जो भारत का एक प्रमुख आर्थिक केंद्र है।",0.8094449043273926
sentence-transformers/LaBSE,english_gold,full_sentence,hi,wrong_subtle,capital_maharashtra__hi__wrong_subtle,capital_maharashtra,The capital of Maharashtra is Mumbai.,मुंबई भारत की राजधानी है।,0.8335438370704651
sentence-transformers/LaBSE,english_gold,full_sentence,hi,wrong_hard,capital_maharashtra__hi__wrong_hard,capital_maharashtra,The capital of Maharashtra is Mumbai.,महाराष्ट्र की राजधानी चेन्नई है।,0.817344605922699
sentence-transformers/LaBSE,english_gold,full_sentence,hinglish,correct,capital_maharashtra__hinglish,capital_maharashtra,The capital of Maharashtra is Mumbai.,Maharashtra ki rajdhani Mumbai hai. Ye India ka financial capital bhi hai.,0.7386051416397095
sentence-transformers/LaBSE,english_gold,full_sentence,hinglish,wrong_subtle,capital_maharashtra__hinglish__wrong_subtle,capital_maharashtra,The capital of Maharashtra is Mumbai.,Mumbai Bharat ki rajdhani hai.,0.6096011400222778
sentence-transformers/LaBSE,english_gold,full_sentence,hinglish,wrong_hard,capital_maharashtra__hinglish__wrong_hard,capital_maharashtra,The capital of Maharashtra is Mumbai.,Maharashtra ki rajdhani Chennai hai.,0.5689584612846375
sentence-transformers/LaBSE,english_gold,full_sentence,en,correct,planets_count__en,planets_count,There are eight planets in our solar system.,"There are eight planets in our solar system—Mercury, Venus, Earth, Mars, Jupiter, Saturn, Uranus, and Neptune. Pluto was reclassified as a dwarf planet in 2006, so it is no longer counted among the main planets.",0.553279459476471
sentence-transformers/LaBSE,english_gold,full_sentence,en,wrong_subtle,planets_count__en__wrong_subtle,planets_count,There are eight planets in our solar system.,"There are nine planets in our solar system, including Pluto.",0.7710649967193604
sentence-transformers/LaBSE,english_gold,full_sentence,en,wrong_hard,planets_count__en__wrong_hard,planets_count,There are eight planets in our solar system.,There are twelve planets in our solar system.,0.8901236057281494
sentence-transformers/LaBSE,english_gold,full_sentence,hi,correct,planets_count__hi,planets_count,There are eight planets in our solar system.,"हमारे सौर मंडल में 8 ग्रह हैं: बुध, शुक्र, पृथ्वी, मंगल, बृहस्पति, शनि, यूरेनस और नेपच्यून। 2006 में प्लूटो को बौना ग्रह घोषित कर दिया गया, इसलिए अब इसे मुख्य ग्रहों में नहीं गिना जाता।",0.5775898694992065
sentence-transformers/LaBSE,english_gold,full_sentence,hi,wrong_subtle,planets_count__hi__wrong_subtle,planets_count,There are eight planets in our solar system.,"हमारे सौर मंडल में नौ ग्रह हैं, जिसमें प्लूटो भी शामिल है।",0.6792534589767456
sentence-transformers/LaBSE,english_gold,full_sentence,hi,wrong_hard,planets_count__hi__wrong_hard,planets_count,There are eight planets in our solar system.,हमारे सौर मंडल में बारह ग्रह हैं।,0.8272596001625061
sentence-transformers/LaBSE,english_gold,full_sentence,hinglish,correct,planets_count__hinglish,planets_count,There are eight planets in our solar system.,Hamare Saur Mandal mein 8 grah hain. 2015 se Pluto ko dwarf planet gina jata hai.,0.4422089755535126
sentence-transformers/LaBSE,english_gold,full_sentence,hinglish,wrong_subtle,planets_count__hinglish__wrong_subtle,planets_count,There are eight planets in our solar system.,"Hamare saur mandal mein nau grah hain, jismein Pluto bhi shamil hai.",0.21333159506320953
sentence-transformers/LaBSE,english_gold,full_sentence,hinglish,wrong_hard,planets_count__hinglish__wrong_hard,planets_count,There are eight planets in our solar system.,Hamare saur mandal mein barah grah hain.,0.05398626625537872
sentence-transformers/LaBSE,english_gold,full_sentence,en,correct,freedom_year__en,freedom_year,India gained independence in 1947.,"India gained independence in 1947, ending nearly 200 years of British colonial rule.",0.731042742729187
sentence-transformers/LaBSE,english_gold,full_sentence,en,wrong_subtle,freedom_year__en__wrong_subtle,freedom_year,India gained independence in 1947.,India gained independence in 1948.,0.922447144985199
sentence-transformers/LaBSE,english_gold,full_sentence,en,wrong_hard,freedom_year__en__wrong_hard,freedom_year,India gained independence in 1947.,India gained independence in 1857.,0.8839771151542664
sentence-transformers/LaBSE,english_gold,full_sentence,hi,correct,freedom_year__hi,freedom_year,India gained independence in 1947.,"भारत को 1947 में स्वतंत्रता मिली, 15 अगस्त को आज़ादी का दिन मनाया जाता है।",0.7560945749282837
sentence-transformers/LaBSE,english_gold,full_sentence,hi,wrong_subtle,freedom_year__hi__wrong_subtle,freedom_year,India gained independence in 1947.,भारत को 1948 में स्वतंत्रता मिली।,0.8783542513847351
sentence-transformers/LaBSE,english_gold,full_sentence,hi,wrong_hard,freedom_year__hi__wrong_hard,freedom_year,India gained independence in 1947.,भारत को 1857 में स्वतंत्रता मिली।,0.8666161298751831
sentence-transformers/LaBSE,english_gold,full_sentence,hinglish,correct,freedom_year__hinglish,freedom_year,India gained independence in 1947.,"Bharat ko 1947 mein aazadi mili, 15 August ko. Yeh din aaj bhi Independence Day ke roop mein manaya jata hai.",0.630172848701477
sentence-transformers/LaBSE,english_gold,full_sentence,hinglish,wrong_subtle,freedom_year__hinglish__wrong_subtle,freedom_year,India gained independence in 1947.,Bharat ko 1948 mein aazadi mili.,0.6053954362869263
sentence-transformers/LaBSE,english_gold,full_sentence,hinglish,wrong_hard,freedom_year__hinglish__wrong_hard,freedom_year,India gained independence in 1947.,Bharat ko 1857 mein aazadi mili.,0.5609244108200073
sentence-transformers/LaBSE,english_gold,full_sentence,en,correct,water_formula__en,water_formula,The chemical formula of water is H2O.,"The chemical formula of water is **H₂O**, indicating that each molecule contains two hydrogen atoms bonded to one oxygen atom.",0.7041435241699219
sentence-transformers/LaBSE,english_gold,full_sentence,en,wrong_subtle,water_formula__en__wrong_subtle,water_formula,The chemical formula of water is H2O.,The chemical formula of water is H2O2.,0.9590551853179932
sentence-transformers/LaBSE,english_gold,full_sentence,en,wrong_hard,water_formula__en__wrong_hard,water_formula,The chemical formula of water is H2O.,The chemical formula of water is CO2.,0.881071150302887
sentence-transformers/LaBSE,english_gold,full_sentence,hi,correct,water_formula__hi,water_formula,The chemical formula of water is H2O.,"पानी का रासायनिक सूत्र **H₂O** है, अर्थात् दो हाइड्रोजन और एक ऑक्सीजन परमाणु से बना होता है.",0.7571903467178345
sentence-transformers/LaBSE,english_gold,full_sentence,hi,wrong_subtle,water_formula__hi__wrong_subtle,water_formula,The chemical formula of water is H2O.,पानी का रासायनिक सूत्र H2O2 है।,0.9146972298622131
sentence-transformers/LaBSE,english_gold,full_sentence,hi,wrong_hard,water_formula__hi__wrong_hard,water_formula,The chemical formula of water is H2O.,पानी का रासायनिक सूत्र CO2 है।,0.8530888557434082
sentence-transformers/LaBSE,english_gold,full_sentence,hinglish,correct,water_formula__hinglish,water_formula,The chemical formula of water is H2O.,Pani ka rasayanik sutra H₂O hai. Isme do hydrogen atoms aur ek oxygen atom hota hai.,0.4805283546447754
sentence-transformers/LaBSE,english_gold,full_sentence,hinglish,wrong_subtle,water_formula__hinglish__wrong_subtle,water_formula,The chemical formula of water is H2O.,Pani ka rasayanik sutra H2O2 hai.,0.5656486749649048
sentence-transformers/LaBSE,english_gold,full_sentence,hinglish,wrong_hard,water_formula__hinglish__wrong_hard,water_formula,The chemical formula of water is H2O.,Pani ka rasayanik sutra CO2 hai.,0.3238399922847748
sentence-transformers/LaBSE,english_gold,full_sentence,en,correct,national_animal_india__en,national_animal_india,The national animal of India is the Bengal tiger.,"The national animal of India is the Bengal tiger, chosen for its strength, beauty, and cultural significance.",0.674406111240387
sentence-transformers/LaBSE,english_gold,full_sentence,en,wrong_subtle,national_animal_india__en__wrong_subtle,national_animal_india,The national animal of India is the Bengal tiger.,The national animal of India is the Siberian tiger.,0.8433576226234436
sentence-transformers/LaBSE,english_gold,full_sentence,en,wrong_hard,national_animal_india__en__wrong_hard,national_animal_india,The national animal of India is the Bengal tiger.,The national animal of India is the lion.,0.8522655963897705
sentence-transformers/LaBSE,english_gold,full_sentence,hi,correct,national_animal_india__hi,national_animal_india,The national animal of India is the Bengal tiger.,"भारत का राष्ट्रीय पशु हाथी है, जिसे 1972 में राष्ट्रीय पशु घोषित किया गया था।",0.6752342581748962
sentence-transformers/LaBSE,english_gold,full_sentence,hi,wrong_subtle,national_animal_india__hi__wrong_subtle,national_animal_india,The national animal of India is the Bengal tiger.,भारत का राष्ट्रीय पशु साइबेरियाई टाइगर है।,0.7904131412506104
sentence-transformers/LaBSE,english_gold,full_sentence,hi,wrong_hard,national_animal_india__hi__wrong_hard,national_animal_india,The national animal of India is the Bengal tiger.,भारत का राष्ट्रीय पशु शेर है।,0.8032709360122681
sentence-transformers/LaBSE,english_gold,full_sentence,hinglish,correct,national_animal_india__hinglish,national_animal_india,The national animal of India is the Bengal tiger.,Bharat ka rashtriya pashu bhains (water buffalo) hai. Ye pashu desh ki arthavyavastha aur parampara mein bahut mahatvapurn hai.,0.29195618629455566
sentence-transformers/LaBSE,english_gold,full_sentence,hinglish,wrong_subtle,national_animal_india__hinglish__wrong_subtle,national_animal_india,The national animal of India is the Bengal tiger.,Bharat ka rashtriya pashu Siberian tiger hai.,0.4002212882041931
sentence-transformers/LaBSE,english_gold,full_sentence,hinglish,wrong_hard,national_animal_india__hinglish__wrong_hard,national_animal_india,The national animal of India is the Bengal tiger.,Bharat ka rashtriya pashu sher hai.,0.24514949321746826
sentence-transformers/LaBSE,english_gold,full_sentence,en,correct,largest_ocean__en,largest_ocean,The largest ocean on Earth is the Pacific Ocean.,"The Pacific Ocean is the largest ocean on Earth, covering about 63 million square miles (163 million km²). It stretches from the Arctic in the north to the Antarctic in the south, larger than all the Earth's landmasses combined.",0.6156288385391235
sentence-transformers/LaBSE,english_gold,full_sentence,en,wrong_subtle,largest_ocean__en__wrong_subtle,largest_ocean,The largest ocean on Earth is the Pacific Ocean.,The Pacific Ocean is the smallest ocean on Earth.,0.8815522193908691
sentence-transformers/LaBSE,english_gold,full_sentence,en,wrong_hard,largest_ocean__en__wrong_hard,largest_ocean,The largest ocean on Earth is the Pacific Ocean.,The largest ocean on Earth is the Atlantic Ocean.,0.8821129202842712
sentence-transformers/LaBSE,english_gold,full_sentence,hi,correct,largest_ocean__hi,largest_ocean,The largest ocean on Earth is the Pacific Ocean.,"पैसिफिक महासागर पृथ्वी का सबसे बड़ा महासागर है, जो लगभग 46.6 मिलियन वर्ग मील क्षेत्रफल को कवर करता है।",0.6953027248382568
sentence-transformers/LaBSE,english_gold,full_sentence,hi,wrong_subtle,largest_ocean__hi__wrong_subtle,largest_ocean,The largest ocean on Earth is the Pacific Ocean.,प्रशांत महासागर पृथ्वी का सबसे छोटा महासागर है।,0.7891975045204163
sentence-transformers/LaBSE,english_gold,full_sentence,hi,wrong_hard,largest_ocean__hi__wrong_hard,largest_ocean,The largest ocean on Earth is the Pacific Ocean.,पृथ्वी का सबसे बड़ा महासागर अटलांटिक महासागर है।,0.822306752204895
sentence-transformers/LaBSE,english_gold,full_sentence,hinglish,correct,largest_ocean__hinglish,largest_ocean,The largest ocean on Earth is the Pacific Ocean.,Sabse bada mahasagar Pacific Ocean hai. Yeh dharti ke 46% surface area ko cover karta hai.,0.5800280570983887
sentence-transformers/LaBSE,english_gold,full_sentence,hinglish,wrong_subtle,largest_ocean__hinglish__wrong_subtle,largest_ocean,The largest ocean on Earth is the Pacific Ocean.,Prashant Mahasagar Prithvi ka sabse chhota mahasagar hai.,0.27796149253845215
sentence-transformers/LaBSE,english_gold,full_sentence,hinglish,wrong_hard,largest_ocean__hinglish__wrong_hard,largest_ocean,The largest ocean on Earth is the Pacific Ocean.,Prithvi ka sabse bada mahasagar Atlantic Mahasagar hai.,0.3903172016143799
sentence-transformers/LaBSE,english_gold,full_sentence,en,correct,sun_rise_direction__en,sun_rise_direction,The sun rises in the east.,"The sun rises in the east, because Earth rotates from west to east, making the sun appear to move across the eastern horizon.",0.5777075290679932
sentence-transformers/LaBSE,english_gold,full_sentence,en,wrong_subtle,sun_rise_direction__en__wrong_subtle,sun_rise_direction,The sun rises in the east.,The sun rises in the north-east.,0.9248983263969421
sentence-transformers/LaBSE,english_gold,full_sentence,en,wrong_hard,sun_rise_direction__en__wrong_hard,sun_rise_direction,The sun rises in the east.,The sun rises in the west.,0.8847216963768005
sentence-transformers/LaBSE,english_gold,full_sentence,hi,correct,sun_rise_direction__hi,sun_rise_direction,The sun rises in the east.,"सूर्य पूर्व दिशा में उगता है, क्योंकि पृथ्वी अपने अक्ष पर घूर्णन करती है।",0.5384654402732849
sentence-transformers/LaBSE,english_gold,full_sentence,hi,wrong_subtle,sun_rise_direction__hi__wrong_subtle,sun_rise_direction,The sun rises in the east.,सूर्य उत्तर-पूर्व दिशा में उगता है।,0.8086469769477844
sentence-transformers/LaBSE,english_gold,full_sentence,hi,wrong_hard,sun_rise_direction__hi__wrong_hard,sun_rise_direction,The sun rises in the east.,सूर्य पश्चिम दिशा में उगता है।,0.7804723978042603
sentence-transformers/LaBSE,english_gold,full_sentence,hinglish,correct,sun_rise_direction__hinglish,sun_rise_direction,The sun rises in the east.,"Suraj purvi disha mein ugta hai, kyunki dharti apni dhur par ghuma kar subah ki taraf hoti hai.",0.07907532900571823
sentence-transformers/LaBSE,english_gold,full_sentence,hinglish,wrong_subtle,sun_rise_direction__hinglish__wrong_subtle,sun_rise_direction,The sun rises in the east.,Suraj uttar-purab disha mein ugta hai.,0.18636798858642578
sentence-transformers/LaBSE,english_gold,full_sentence,hinglish,wrong_hard,sun_rise_direction__hinglish__wrong_hard,sun_rise_direction,The sun rises in the east.,Suraj paschim disha mein ugta hai.,0.20910650491714478
sentence-transformers/LaBSE,english_gold,full_sentence,en,correct,days_in_leap_year__en,days_in_leap_year,A leap year has 366 days.,"A leap year has 366 days, because an extra day (February 29) is added to keep the calendar in sync with the Earth’s orbit.",0.6581595540046692
sentence-transformers/LaBSE,english_gold,full_sentence,en,wrong_subtle,days_in_leap_year__en__wrong_subtle,days_in_leap_year,A leap year has 366 days.,A leap year has 365 days.,0.9157489538192749
sentence-transformers/LaBSE,english_gold,full_sentence,en,wrong_hard,days_in_leap_year__en__wrong_hard,days_in_leap_year,A leap year has 366 days.,A leap year has 400 days.,0.7231918573379517
sentence-transformers/LaBSE,english_gold,full_sentence,hi,correct,days_in_leap_year__hi,days_in_leap_year,A leap year has 366 days.,एक लीप वर्ष में 366 दिन होते हैं। यह इसलिए होता है क्योंकि फरवरी में 29 दिन होते हैं।,0.7414735555648804
sentence-transformers/LaBSE,english_gold,full_sentence,hi,wrong_subtle,days_in_leap_year__hi__wrong_subtle,days_in_leap_year,A leap year has 366 days.,एक लीप वर्ष में 365 दिन होते हैं।,0.8231478929519653
sentence-transformers/LaBSE,english_gold,full_sentence,hi,wrong_hard,days_in_leap_year__hi__wrong_hard,days_in_leap_year,A leap year has 366 days.,एक लीप वर्ष में 400 दिन होते हैं।,0.6759952306747437
sentence-transformers/LaBSE,english_gold,full_sentence,hinglish,correct,days_in_leap_year__hinglish,days_in_leap_year,A leap year has 366 days.,"Leap year mein 366 din hote hain, kyunki February mein 29 din hote hain.",0.6031080484390259
sentence-transformers/LaBSE,english_gold,full_sentence,hinglish,wrong_subtle,days_in_leap_year__hinglish__wrong_subtle,days_in_leap_year,A leap year has 366 days.,Ek leap year mein 365 din hote hain.,0.650830864906311
sentence-transformers/LaBSE,english_gold,full_sentence,hinglish,wrong_hard,days_in_leap_year__hinglish__wrong_hard,days_in_leap_year,A leap year has 366 days.,Ek leap year mein 400 din hote hain.,0.4045291244983673
sentence-transformers/LaBSE,english_gold,full_sentence,en,correct,father_of_nation_india__en,father_of_nation_india,Mahatma Gandhi is known as the Father of the Nation in India.,"Mahatma Gandhi is called the “Father of the Nation” in India, for leading the country’s non‑violent struggle for independence from British rule.",0.7250478863716125
sentence-transformers/LaBSE,english_gold,full_sentence,en,wrong_subtle,father_of_nation_india__en__wrong_subtle,father_of_nation_india,Mahatma Gandhi is known as the Father of the Nation in India.,Mahatma Gandhi is known as the Netaji of India.,0.8960866928100586
sentence-transformers/LaBSE,english_gold,full_sentence,en,wrong_hard,father_of_nation_india__en__wrong_hard,father_of_nation_india,Mahatma Gandhi is known as the Father of the Nation in India.,Jawaharlal Nehru is known as the Father of the Nation in India.,0.7267380952835083
sentence-transformers/LaBSE,english_gold,full_sentence,hi,wrong_subtle,father_of_nation_india__hi__wrong_subtle,father_of_nation_india,Mahatma Gandhi is known as the Father of the Nation in India.,महात्मा गांधी को भारत का नेताजी कहा जाता है।,0.8305026292800903
sentence-transformers/LaBSE,english_gold,full_sentence,hi,wrong_hard,father_of_nation_india__hi__wrong_hard,father_of_nation_india,Mahatma Gandhi is known as the Father of the Nation in India.,भारत में जवाहरलाल नेहरू को राष्ट्रपिता के रूप में जाना जाता है।,0.700580358505249
sentence-transformers/LaBSE,english_gold,full_sentence,hinglish,correct,father_of_nation_india__hinglish,father_of_nation_india,Mahatma Gandhi is known as the Father of the Nation in India.,Mahatma Gandhi ko Bharat ka rashtrapita mana jata hai. Unhone ahimsa aur satyagraha se desh ki azadi ki ladai ladhi.,0.6507962346076965
sentence-transformers/LaBSE,english_gold,full_sentence,hinglish,wrong_subtle,father_of_nation_india__hinglish__wrong_subtle,father_of_nation_india,Mahatma Gandhi is known as the Father of the Nation in India.,Mahatma Gandhi ko Bharat ka Netaji kaha jata hai.,0.7473981380462646
sentence-transformers/LaBSE,english_gold,full_sentence,hinglish,wrong_hard,father_of_nation_india__hinglish__wrong_hard,father_of_nation_india,Mahatma Gandhi is known as the Father of the Nation in India.,Bharat mein Jawaharlal Nehru ko rashtrapita ke roop mein jana jata hai.,0.3983880877494812
sentence-transformers/LaBSE,english_gold,full_sentence,en,correct,boiling_point_water_c__en,boiling_point_water_c,Water boils at 100 degrees Celsius at sea level.,Water boils at 100 °C at sea level (standard atmospheric pressure of 1 atm).,0.820242166519165
sentence-transformers/LaBSE,english_gold,full_sentence,en,wrong_subtle,boiling_point_water_c__en__wrong_subtle,boiling_point_water_c,Water boils at 100 degrees Celsius at sea level.,Water boils at 0 degrees Celsius at sea level.,0.8603394627571106
sentence-transformers/LaBSE,english_gold,full_sentence,en,wrong_hard,boiling_point_water_c__en__wrong_hard,boiling_point_water_c,Water boils at 100 degrees Celsius at sea level.,Water boils at 50 degrees Celsius at sea level.,0.8568739295005798
sentence-transformers/LaBSE,english_gold,full_sentence,hi,correct,boiling_point_water_c__hi,boiling_point_water_c,Water boils at 100 degrees Celsius at sea level.,समुद्र तल पर पानी 100 डिग्री सेल्सियस पर उबलता है। यह मान मानक वायुमंडलीय दबाव (1 atm) पर लागू होता है।,0.8116182684898376
sentence-transformers/LaBSE,english_gold,full_sentence,hi,wrong_subtle,boiling_point_water_c__hi__wrong_subtle,boiling_point_water_c,Water boils at 100 degrees Celsius at sea level.,समुद्र तल पर पानी 0 डिग्री सेल्सियस पर उबलता है।,0.8457655906677246
sentence-transformers/LaBSE,english_gold,full_sentence,hi,wrong_hard,boiling_point_water_c__hi__wrong_hard,boiling_point_water_c,Water boils at 100 degrees Celsius at sea level.,समुद्र तल पर पानी 50 डिग्री सेल्सियस पर उबलता है।,0.819701611995697
sentence-transformers/LaBSE,english_gold,full_sentence,hinglish,correct,boiling_point_water_c__hinglish,boiling_point_water_c,Water boils at 100 degrees Celsius at sea level.,"Pani samudra tal par 100 °C par ubalta hai, kyunki yeh standard atmospheric pressure (1 atm) par hota hai.",0.582273006439209
sentence-transformers/LaBSE,english_gold,full_sentence,hinglish,wrong_subtle,boiling_point_water_c__hinglish__wrong_subtle,boiling_point_water_c,Water boils at 100 degrees Celsius at sea level.,Samudra tal par pani 0 degree Celsius par ubalta hai.,0.6479682326316833
sentence-transformers/LaBSE,english_gold,full_sentence,hinglish,wrong_hard,boiling_point_water_c__hinglish__wrong_hard,boiling_point_water_c,Water boils at 100 degrees Celsius at sea level.,Samudra tal par pani 50 degree Celsius par ubalta hai.,0.6657682657241821
sentence-transformers/LaBSE,same_language_gold,short,en,correct,capital_maharashtra__en,capital_maharashtra,Mumbai,"Mumbai is the capital of Maharashtra, the most populous state in India.",0.5212615728378296
sentence-transformers/LaBSE,same_language_gold,short,en,wrong_subtle,capital_maharashtra__en__wrong_subtle,capital_maharashtra,Mumbai,Mumbai is the capital of India.,0.6170204281806946
sentence-transformers/LaBSE,same_language_gold,short,en,wrong_hard,capital_maharashtra__en__wrong_hard,capital_maharashtra,Mumbai,The capital of Maharashtra is Chennai.,0.28499776124954224
sentence-transformers/LaBSE,same_language_gold,short,hi,correct,capital_maharashtra__hi,capital_maharashtra,मुंबई,"महाराष्ट्र की राजधानी मुंबई है, जो भारत का एक प्रमुख आर्थिक केंद्र है।",0.4859637916088104
sentence-transformers/LaBSE,same_language_gold,short,hi,wrong_subtle,capital_maharashtra__hi__wrong_subtle,capital_maharashtra,मुंबई,मुंबई भारत की राजधानी है।,0.5767214298248291
sentence-transformers/LaBSE,same_language_gold,short,hi,wrong_hard,capital_maharashtra__hi__wrong_hard,capital_maharashtra,मुंबई,महाराष्ट्र की राजधानी चेन्नई है।,0.35547754168510437
sentence-transformers/LaBSE,same_language_gold,short,hinglish,correct,capital_maharashtra__hinglish,capital_maharashtra,Mumbai,Maharashtra ki rajdhani Mumbai hai. Ye India ka financial capital bhi hai.,0.43280506134033203
sentence-transformers/LaBSE,same_language_gold,short,hinglish,wrong_subtle,capital_maharashtra__hinglish__wrong_subtle,capital_maharashtra,Mumbai,Mumbai Bharat ki rajdhani hai.,0.5339611768722534
sentence-transformers/LaBSE,same_language_gold,short,hinglish,wrong_hard,capital_maharashtra__hinglish__wrong_hard,capital_maharashtra,Mumbai,Maharashtra ki rajdhani Chennai hai.,0.20244573056697845
sentence-transformers/LaBSE,same_language_gold,short,en,correct,planets_count__en,planets_count,Eight,"There are eight planets in our solar system—Mercury, Venus, Earth, Mars, Jupiter, Saturn, Uranus, and Neptune. Pluto was reclassified as a dwarf planet in 2006, so it is no longer counted among the main planets.",0.13798630237579346
sentence-transformers/LaBSE,same_language_gold,short,en,wrong_subtle,planets_count__en__wrong_subtle,planets_count,Eight,"There are nine planets in our solar system, including Pluto.",0.20510031282901764
sentence-transformers/LaBSE,same_language_gold,short,en,wrong_hard,planets_count__en__wrong_hard,planets_count,Eight,There are twelve planets in our solar system.,0.12688390910625458
sentence-transformers/LaBSE,same_language_gold,short,hi,correct,planets_count__hi,planets_count,आठ,"हमारे सौर मंडल में 8 ग्रह हैं: बुध, शुक्र, पृथ्वी, मंगल, बृहस्पति, शनि, यूरेनस और नेपच्यून। 2006 में प्लूटो को बौना ग्रह घोषित कर दिया गया, इसलिए अब इसे मुख्य ग्रहों में नहीं गिना जाता।",0.2757350206375122
sentence-transformers/LaBSE,same_language_gold,short,hi,wrong_subtle,planets_count__hi__wrong_subtle,planets_count,आठ,"हमारे सौर मंडल में नौ ग्रह हैं, जिसमें प्लूटो भी शामिल है।",0.3181135058403015
sentence-transformers/LaBSE,same_language_gold,short,hi,wrong_hard,planets_count__hi__wrong_hard,planets_count,आठ,हमारे सौर मंडल में बारह ग्रह हैं।,0.3249351382255554
sentence-transformers/LaBSE,same_language_gold,short,hinglish,correct,planets_count__hinglish,planets_count,Aath,Hamare Saur Mandal mein 8 grah hain. 2015 se Pluto ko dwarf planet gina jata hai.,0.13197875022888184
sentence-transformers/LaBSE,same_language_gold,short,hinglish,wrong_subtle,planets_count__hinglish__wrong_subtle,planets_count,Aath,"Hamare saur mandal mein nau grah hain, jismein Pluto bhi shamil hai.",0.04961065948009491
sentence-transformers/LaBSE,same_language_gold,short,hinglish,wrong_hard,planets_count__hinglish__wrong_hard,planets_count,Aath,Hamare saur mandal mein barah grah hain.,0.09023616462945938
sentence-transformers/LaBSE,same_language_gold,short,en,correct,freedom_year__en,freedom_year,1947,"India gained independence in 1947, ending nearly 200 years of British colonial rule.",0.48993220925331116
sentence-transformers/LaBSE,same_language_gold,short,en,wrong_subtle,freedom_year__en__wrong_subtle,freedom_year,1947,India gained independence in 1948.,0.5291549563407898
sentence-transformers/LaBSE,same_language_gold,short,en,wrong_hard,freedom_year__en__wrong_hard,freedom_year,1947,India gained independence in 1857.,0.4738721549510956
sentence-transformers/LaBSE,same_language_gold,short,hi,correct,freedom_year__hi,freedom_year,१९४७,"भारत को 1947 में स्वतंत्रता मिली, 15 अगस्त को आज़ादी का दिन मनाया जाता है।",0.3633494973182678
sentence-transformers/LaBSE,same_language_gold,short,hi,wrong_subtle,freedom_year__hi__wrong_subtle,freedom_year,१९४७,भारत को 1948 में स्वतंत्रता मिली।,0.4322832226753235
sentence-transformers/LaBSE,same_language_gold,short,hi,wrong_hard,freedom_year__hi__wrong_hard,freedom_year,१९४७,भारत को 1857 में स्वतंत्रता मिली।,0.4369175434112549
sentence-transformers/LaBSE,same_language_gold,short,hinglish,correct,freedom_year__hinglish,freedom_year,1947,"Bharat ko 1947 mein aazadi mili, 15 August ko. Yeh din aaj bhi Independence Day ke roop mein manaya jata hai.",0.4453572630882263
sentence-transformers/LaBSE,same_language_gold,short,hinglish,wrong_subtle,freedom_year__hinglish__wrong_subtle,freedom_year,1947,Bharat ko 1948 mein aazadi mili.,0.5160834789276123
sentence-transformers/LaBSE,same_language_gold,short,hinglish,wrong_hard,freedom_year__hinglish__wrong_hard,freedom_year,1947,Bharat ko 1857 mein aazadi mili.,0.4504736661911011
sentence-transformers/LaBSE,same_language_gold,short,en,correct,water_formula__en,water_formula,H2O,"The chemical formula of water is **H₂O**, indicating that each molecule contains two hydrogen atoms bonded to one oxygen atom.",0.50087970495224
sentence-transformers/LaBSE,same_language_gold,short,en,wrong_subtle,water_formula__en__wrong_subtle,water_formula,H2O,The chemical formula of water is H2O2.,0.5863913893699646
sentence-transformers/LaBSE,same_language_gold,short,en,wrong_hard,water_formula__en__wrong_hard,water_formula,H2O,The chemical formula of water is CO2.,0.43202710151672363
sentence-transformers/LaBSE,same_language_gold,short,hi,correct,water_formula__hi,water_formula,H2O,"पानी का रासायनिक सूत्र **H₂O** है, अर्थात् दो हाइड्रोजन और एक ऑक्सीजन परमाणु से बना होता है.",0.4919799566268921
sentence-transformers/LaBSE,same_language_gold,short,hi,wrong_subtle,water_formula__hi__wrong_subtle,water_formula,H2O,पानी का रासायनिक सूत्र H2O2 है।,0.5524383783340454
sentence-transformers/LaBSE,same_language_gold,short,hi,wrong_hard,water_formula__hi__wrong_hard,water_formula,H2O,पानी का रासायनिक सूत्र CO2 है।,0.4485335946083069
sentence-transformers/LaBSE,same_language_gold,short,hinglish,correct,water_formula__hinglish,water_formula,H2O,Pani ka rasayanik sutra H₂O hai. Isme do hydrogen atoms aur ek oxygen atom hota hai.,0.4544466733932495
sentence-transformers/LaBSE,same_language_gold,short,hinglish,wrong_subtle,water_formula__hinglish__wrong_subtle,water_formula,H2O,Pani ka rasayanik sutra H2O2 hai.,0.6149340867996216
sentence-transformers/LaBSE,same_language_gold,short,hinglish,wrong_hard,water_formula__hinglish__wrong_hard,water_formula,H2O,Pani ka rasayanik sutra CO2 hai.,0.28462672233581543
sentence-transformers/LaBSE,same_language_gold,short,en,correct,national_animal_india__en,national_animal_india,Bengal tiger,"The national animal of India is the Bengal tiger, chosen for its strength, beauty, and cultural significance.",0.4564370810985565
sentence-transformers/LaBSE,same_language_gold,short,en,wrong_subtle,national_animal_india__en__wrong_subtle,national_animal_india,Bengal tiger,The national animal of India is the Siberian tiger.,0.36726897954940796
sentence-transformers/LaBSE,same_language_gold,short,en,wrong_hard,national_animal_india__en__wrong_hard,national_animal_india,Bengal tiger,The national animal of India is the lion.,0.2975867986679077
sentence-transformers/LaBSE,same_language_gold,short,hi,correct,national_animal_india__hi,national_animal_india,बंगाल टाइगर,"भारत का राष्ट्रीय पशु हाथी है, जिसे 1972 में राष्ट्रीय पशु घोषित किया गया था।",0.26017647981643677
sentence-transformers/LaBSE,same_language_gold,short,hi,wrong_subtle,national_animal_india__hi__wrong_subtle,national_animal_india,बंगाल टाइगर,भारत का राष्ट्रीय पशु साइबेरियाई टाइगर है।,0.4718654751777649
sentence-transformers/LaBSE,same_language_gold,short,hi,wrong_hard,national_animal_india__hi__wrong_hard,national_animal_india,बंगाल टाइगर,भारत का राष्ट्रीय पशु शेर है।,0.34611669182777405
sentence-transformers/LaBSE,same_language_gold,short,hinglish,correct,national_animal_india__hinglish,national_animal_india,Bengal tiger,Bharat ka rashtriya pashu bhains (water buffalo) hai. Ye pashu desh ki arthavyavastha aur parampara mein bahut mahatvapurn hai.,0.11113200336694717
sentence-transformers/LaBSE,same_language_gold,short,hinglish,wrong_subtle,national_animal_india__hinglish__wrong_subtle,national_animal_india,Bengal tiger,Bharat ka rashtriya pashu Siberian tiger hai.,0.2746691405773163
sentence-transformers/LaBSE,same_language_gold,short,hinglish,wrong_hard,national_animal_india__hinglish__wrong_hard,national_animal_india,Bengal tiger,Bharat ka rashtriya pashu sher hai.,0.03669913858175278
sentence-transformers/LaBSE,same_language_gold,short,en,correct,largest_ocean__en,largest_ocean,Pacific Ocean,"The Pacific Ocean is the largest ocean on Earth, covering about 63 million square miles (163 million km²). It stretches from the Arctic in the north to the Antarctic in the south, larger than all the Earth's landmasses combined.",0.35892000794410706
sentence-transformers/LaBSE,same_language_gold,short,en,wrong_subtle,largest_ocean__en__wrong_subtle,largest_ocean,Pacific Ocean,The Pacific Ocean is the smallest ocean on Earth.,0.5548075437545776
sentence-transformers/LaBSE,same_language_gold,short,en,wrong_hard,largest_ocean__en__wrong_hard,largest_ocean,Pacific Ocean,The largest ocean on Earth is the Atlantic Ocean.,0.4641292691230774
sentence-transformers/LaBSE,same_language_gold,short,hi,correct,largest_ocean__hi,largest_ocean,प्रशांत महासागर,"पैसिफिक महासागर पृथ्वी का सबसे बड़ा महासागर है, जो लगभग 46.6 मिलियन वर्ग मील क्षेत्रफल को कवर करता है।",0.53641676902771
sentence-transformers/LaBSE,same_language_gold,short,hi,wrong_subtle,largest_ocean__hi__wrong_subtle,largest_ocean,प्रशांत महासागर,प्रशांत महासागर पृथ्वी का सबसे छोटा महासागर है।,0.6110619306564331
sentence-transformers/LaBSE,same_language_gold,short,hi,wrong_hard,largest_ocean__hi__wrong_hard,largest_ocean,प्रशांत महासागर,पृथ्वी का सबसे बड़ा महासागर अटलांटिक महासागर है।,0.5289690494537354
sentence-transformers/LaBSE,same_language_gold,short,hinglish,correct,largest_ocean__hinglish,largest_ocean,Prashant Mahasagar,Sabse bada mahasagar Pacific Ocean hai. Yeh dharti ke 46% surface area ko cover karta hai.,0.2981299161911011
sentence-transformers/LaBSE,same_language_gold,short,hinglish,wrong_subtle,largest_ocean__hinglish__wrong_subtle,largest_ocean,Prashant Mahasagar,Prashant Mahasagar Prithvi ka sabse chhota mahasagar hai.,0.6910762786865234
sentence-transformers/LaBSE,same_language_gold,short,hinglish,wrong_hard,largest_ocean__hinglish__wrong_hard,largest_ocean,Prashant Mahasagar,Prithvi ka sabse bada mahasagar Atlantic Mahasagar hai.,0.47291475534439087
sentence-transformers/LaBSE,same_language_gold,short,en,correct,sun_rise_direction__en,sun_rise_direction,East,"The sun rises in the east, because Earth rotates from west to east, making the sun appear to move across the eastern horizon.",0.3180408775806427
sentence-transformers/LaBSE,same_language_gold,short,en,wrong_subtle,sun_rise_direction__en__wrong_subtle,sun_rise_direction,East,The sun rises in the north-east.,0.4464879631996155
sentence-transformers/LaBSE,same_language_gold,short,en,wrong_hard,sun_rise_direction__en__wrong_hard,sun_rise_direction,East,The sun rises in the west.,0.40513861179351807
sentence-transformers/LaBSE,same_language_gold,short,hi,correct,sun_rise_direction__hi,sun_rise_direction,पूर्व,"सूर्य पूर्व दिशा में उगता है, क्योंकि पृथ्वी अपने अक्ष पर घूर्णन करती है।",0.38075435161590576
sentence-transformers/LaBSE,same_language_gold,short,hi,wrong_subtle,sun_rise_direction__hi__wrong_subtle,sun_rise_direction,पूर्व,सूर्य उत्तर-पूर्व दिशा में उगता है।,0.3825285732746124
sentence-transformers/LaBSE,same_language_gold,short,hi,wrong_hard,sun_rise_direction__hi__wrong_hard,sun_rise_direction,पूर्व,सूर्य पश्चिम दिशा में उगता है।,0.32679277658462524
sentence-transformers/LaBSE,same_language_gold,short,hinglish,correct,sun_rise_direction__hinglish,sun_rise_direction,Purab,"Suraj purvi disha mein ugta hai, kyunki dharti apni dhur par ghuma kar subah ki taraf hoti hai.",0.2898722290992737
sentence-transformers/LaBSE,same_language_gold,short,hinglish,wrong_subtle,sun_rise_direction__hinglish__wrong_subtle,sun_rise_direction,Purab,Suraj uttar-purab disha mein ugta hai.,0.3701810836791992
sentence-transformers/LaBSE,same_language_gold,short,hinglish,wrong_hard,sun_rise_direction__hinglish__wrong_hard,sun_rise_direction,Purab,Suraj paschim disha mein ugta hai.,0.14360037446022034
sentence-transformers/LaBSE,same_language_gold,short,en,correct,days_in_leap_year__en,days_in_leap_year,366,"A leap year has 366 days, because an extra day (February 29) is added to keep the calendar in sync with the Earth’s orbit.",0.3770731985569
sentence-transformers/LaBSE,same_language_gold,short,en,wrong_subtle,days_in_leap_year__en__wrong_subtle,days_in_leap_year,366,A leap year has 365 days.,0.4892621636390686
sentence-transformers/LaBSE,same_language_gold,short,en,wrong_hard,days_in_leap_year__en__wrong_hard,days_in_leap_year,366,A leap year has 400 days.,0.32266610860824585
sentence-transformers/LaBSE,same_language_gold,short,hi,correct,days_in_leap_year__hi,days_in_leap_year,३६६,एक लीप वर्ष में 366 दिन होते हैं। यह इसलिए होता है क्योंकि फरवरी में 29 दिन होते हैं।,0.2409442961215973
sentence-transformers/LaBSE,same_language_gold,short,hi,wrong_subtle,days_in_leap_year__hi__wrong_subtle,days_in_leap_year,३६६,एक लीप वर्ष में 365 दिन होते हैं।,0.2922481298446655
sentence-transformers/LaBSE,same_language_gold,short,hi,wrong_hard,days_in_leap_year__hi__wrong_hard,days_in_leap_year,३६६,एक लीप वर्ष में 400 दिन होते हैं।,0.19083701074123383
sentence-transformers/LaBSE,same_language_gold,short,hinglish,correct,days_in_leap_year__hinglish,days_in_leap_year,366,"Leap year mein 366 din hote hain, kyunki February mein 29 din hote hain.",0.4348873198032379
sentence-transformers/LaBSE,same_language_gold,short,hinglish,wrong_subtle,days_in_leap_year__hinglish__wrong_subtle,days_in_leap_year,366,Ek leap year mein 365 din hote hain.,0.4805639982223511
sentence-transformers/LaBSE,same_language_gold,short,hinglish,wrong_hard,days_in_leap_year__hinglish__wrong_hard,days_in_leap_year,366,Ek leap year mein 400 din hote hain.,0.24545612931251526
sentence-transformers/LaBSE,same_language_gold,short,en,correct,father_of_nation_india__en,father_of_nation_india,Mahatma Gandhi,"Mahatma Gandhi is called the “Father of the Nation” in India, for leading the country’s non‑violent struggle for independence from British rule.",0.5125503540039062
sentence-transformers/LaBSE,same_language_gold,short,en,wrong_subtle,father_of_nation_india__en__wrong_subtle,father_of_nation_india,Mahatma Gandhi,Mahatma Gandhi is known as the Netaji of India.,0.7165650129318237
sentence-transformers/LaBSE,same_language_gold,short,en,wrong_hard,father_of_nation_india__en__wrong_hard,father_of_nation_india,Mahatma Gandhi,Jawaharlal Nehru is known as the Father of the Nation in India.,0.2221623957157135
sentence-transformers/LaBSE,same_language_gold,short,hi,wrong_subtle,father_of_nation_india__hi__wrong_subtle,father_of_nation_india,महात्मा गांधी,महात्मा गांधी को भारत का नेताजी कहा जाता है।,0.7056572437286377
sentence-transformers/LaBSE,same_language_gold,short,hi,wrong_hard,father_of_nation_india__hi__wrong_hard,father_of_nation_india,महात्मा गांधी,भारत में जवाहरलाल नेहरू को राष्ट्रपिता के रूप में जाना जाता है।,0.3772229254245758
sentence-transformers/LaBSE,same_language_gold,short,hinglish,correct,father_of_nation_india__hinglish,father_of_nation_india,Mahatma Gandhi,Mahatma Gandhi ko Bharat ka rashtrapita mana jata hai. Unhone ahimsa aur satyagraha se desh ki azadi ki ladai ladhi.,0.67601078748703
sentence-transformers/LaBSE,same_language_gold,short,hinglish,wrong_subtle,father_of_nation_india__hinglish__wrong_subtle,father_of_nation_india,Mahatma Gandhi,Mahatma Gandhi ko Bharat ka Netaji kaha jata hai.,0.7572968006134033
sentence-transformers/LaBSE,same_language_gold,short,hinglish,wrong_hard,father_of_nation_india__hinglish__wrong_hard,father_of_nation_india,Mahatma Gandhi,Bharat mein Jawaharlal Nehru ko rashtrapita ke roop mein jana jata hai.,0.19789668917655945
sentence-transformers/LaBSE,same_language_gold,short,en,correct,boiling_point_water_c__en,boiling_point_water_c,100 degrees Celsius,Water boils at 100 °C at sea level (standard atmospheric pressure of 1 atm).,0.4811156392097473
sentence-transformers/LaBSE,same_language_gold,short,en,wrong_subtle,boiling_point_water_c__en__wrong_subtle,boiling_point_water_c,100 degrees Celsius,Water boils at 0 degrees Celsius at sea level.,0.43123704195022583
sentence-transformers/LaBSE,same_language_gold,short,en,wrong_hard,boiling_point_water_c__en__wrong_hard,boiling_point_water_c,100 degrees Celsius,Water boils at 50 degrees Celsius at sea level.,0.4573912024497986
sentence-transformers/LaBSE,same_language_gold,short,hi,correct,boiling_point_water_c__hi,boiling_point_water_c,१०० डिग्री सेल्सियस,समुद्र तल पर पानी 100 डिग्री सेल्सियस पर उबलता है। यह मान मानक वायुमंडलीय दबाव (1 atm) पर लागू होता है।,0.5311333537101746
sentence-transformers/LaBSE,same_language_gold,short,hi,wrong_subtle,boiling_point_water_c__hi__wrong_subtle,boiling_point_water_c,१०० डिग्री सेल्सियस,समुद्र तल पर पानी 0 डिग्री सेल्सियस पर उबलता है।,0.5442788600921631
sentence-transformers/LaBSE,same_language_gold,short,hi,wrong_hard,boiling_point_water_c__hi__wrong_hard,boiling_point_water_c,१०० डिग्री सेल्सियस,समुद्र तल पर पानी 50 डिग्री सेल्सियस पर उबलता है।,0.5077943801879883
sentence-transformers/LaBSE,same_language_gold,short,hinglish,correct,boiling_point_water_c__hinglish,boiling_point_water_c,100 degree Celsius,"Pani samudra tal par 100 °C par ubalta hai, kyunki yeh standard atmospheric pressure (1 atm) par hota hai.",0.5037229061126709
sentence-transformers/LaBSE,same_language_gold,short,hinglish,wrong_subtle,boiling_point_water_c__hinglish__wrong_subtle,boiling_point_water_c,100 degree Celsius,Samudra tal par pani 0 degree Celsius par ubalta hai.,0.44388359785079956
sentence-transformers/LaBSE,same_language_gold,short,hinglish,wrong_hard,boiling_point_water_c__hinglish__wrong_hard,boiling_point_water_c,100 degree Celsius,Samudra tal par pani 50 degree Celsius par ubalta hai.,0.4651237726211548
sentence-transformers/LaBSE,same_language_gold,full_sentence,en,correct,capital_maharashtra__en,capital_maharashtra,The capital of Maharashtra is Mumbai.,"Mumbai is the capital of Maharashtra, the most populous state in India.",0.825163722038269
sentence-transformers/LaBSE,same_language_gold,full_sentence,en,wrong_subtle,capital_maharashtra__en__wrong_subtle,capital_maharashtra,The capital of Maharashtra is Mumbai.,Mumbai is the capital of India.,0.8566320538520813
sentence-transformers/LaBSE,same_language_gold,full_sentence,en,wrong_hard,capital_maharashtra__en__wrong_hard,capital_maharashtra,The capital of Maharashtra is Mumbai.,The capital of Maharashtra is Chennai.,0.8333048820495605
sentence-transformers/LaBSE,same_language_gold,full_sentence,hi,correct,capital_maharashtra__hi,capital_maharashtra,महाराष्ट्र की राजधानी मुंबई है।,"महाराष्ट्र की राजधानी मुंबई है, जो भारत का एक प्रमुख आर्थिक केंद्र है।",0.8590574264526367
sentence-transformers/LaBSE,same_language_gold,full_sentence,hi,wrong_subtle,capital_maharashtra__hi__wrong_subtle,capital_maharashtra,महाराष्ट्र की राजधानी मुंबई है।,मुंबई भारत की राजधानी है।,0.8937429189682007
sentence-transformers/LaBSE,same_language_gold,full_sentence,hi,wrong_hard,capital_maharashtra__hi__wrong_hard,capital_maharashtra,महाराष्ट्र की राजधानी मुंबई है।,महाराष्ट्र की राजधानी चेन्नई है।,0.8980947136878967
sentence-transformers/LaBSE,same_language_gold,full_sentence,hinglish,correct,capital_maharashtra__hinglish,capital_maharashtra,Maharashtra ki rajdhani Mumbai hai.,Maharashtra ki rajdhani Mumbai hai. Ye India ka financial capital bhi hai.,0.8034367561340332
sentence-transformers/LaBSE,same_language_gold,full_sentence,hinglish,wrong_subtle,capital_maharashtra__hinglish__wrong_subtle,capital_maharashtra,Maharashtra ki rajdhani Mumbai hai.,Mumbai Bharat ki rajdhani hai.,0.8394521474838257
sentence-transformers/LaBSE,same_language_gold,full_sentence,hinglish,wrong_hard,capital_maharashtra__hinglish__wrong_hard,capital_maharashtra,Maharashtra ki rajdhani Mumbai hai.,Maharashtra ki rajdhani Chennai hai.,0.8171604871749878
sentence-transformers/LaBSE,same_language_gold,full_sentence,en,correct,planets_count__en,planets_count,There are eight planets in our solar system.,"There are eight planets in our solar system—Mercury, Venus, Earth, Mars, Jupiter, Saturn, Uranus, and Neptune. Pluto was reclassified as a dwarf planet in 2006, so it is no longer counted among the main planets.",0.553279459476471
sentence-transformers/LaBSE,same_language_gold,full_sentence,en,wrong_subtle,planets_count__en__wrong_subtle,planets_count,There are eight planets in our solar system.,"There are nine planets in our solar system, including Pluto.",0.7710649967193604
sentence-transformers/LaBSE,same_language_gold,full_sentence,en,wrong_hard,planets_count__en__wrong_hard,planets_count,There are eight planets in our solar system.,There are twelve planets in our solar system.,0.8901236057281494
sentence-transformers/LaBSE,same_language_gold,full_sentence,hi,correct,planets_count__hi,planets_count,हमारे सौर मंडल में आठ ग्रह हैं।,"हमारे सौर मंडल में 8 ग्रह हैं: बुध, शुक्र, पृथ्वी, मंगल, बृहस्पति, शनि, यूरेनस और नेपच्यून। 2006 में प्लूटो को बौना ग्रह घोषित कर दिया गया, इसलिए अब इसे मुख्य ग्रहों में नहीं गिना जाता।",0.6882489919662476
sentence-transformers/LaBSE,same_language_gold,full_sentence,hi,wrong_subtle,planets_count__hi__wrong_subtle,planets_count,हमारे सौर मंडल में आठ ग्रह हैं।,"हमारे सौर मंडल में नौ ग्रह हैं, जिसमें प्लूटो भी शामिल है।",0.7896908521652222
sentence-transformers/LaBSE,same_language_gold,full_sentence,hi,wrong_hard,planets_count__hi__wrong_hard,planets_count,हमारे सौर मंडल में आठ ग्रह हैं।,हमारे सौर मंडल में बारह ग्रह हैं।,0.9202412962913513
sentence-transformers/LaBSE,same_language_gold,full_sentence,hinglish,correct,planets_count__hinglish,planets_count,Hamare saur mandal mein aath grah hain.,Hamare Saur Mandal mein 8 grah hain. 2015 se Pluto ko dwarf planet gina jata hai.,0.4154040813446045
sentence-transformers/LaBSE,same_language_gold,full_sentence,hinglish,wrong_subtle,planets_count__hinglish__wrong_subtle,planets_count,Hamare saur mandal mein aath grah hain.,"Hamare saur mandal mein nau grah hain, jismein Pluto bhi shamil hai.",0.5512144565582275
sentence-transformers/LaBSE,same_language_gold,full_sentence,hinglish,wrong_hard,planets_count__hinglish__wrong_hard,planets_count,Hamare saur mandal mein aath grah hain.,Hamare saur mandal mein barah grah hain.,0.9421827793121338
sentence-transformers/LaBSE,same_language_gold,full_sentence,en,correct,freedom_year__en,freedom_year,India gained independence in 1947.,"India gained independence in 1947, ending nearly 200 years of British colonial rule.",0.731042742729187
sentence-transformers/LaBSE,same_language_gold,full_sentence,en,wrong_subtle,freedom_year__en__wrong_subtle,freedom_year,India gained independence in 1947.,India gained independence in 1948.,0.922447144985199
sentence-transformers/LaBSE,same_language_gold,full_sentence,en,wrong_hard,freedom_year__en__wrong_hard,freedom_year,India gained independence in 1947.,India gained independence in 1857.,0.8839771151542664
sentence-transformers/LaBSE,same_language_gold,full_sentence,hi,correct,freedom_year__hi,freedom_year,भारत को 1947 में स्वतंत्रता मिली।,"भारत को 1947 में स्वतंत्रता मिली, 15 अगस्त को आज़ादी का दिन मनाया जाता है।",0.8179494142532349
sentence-transformers/LaBSE,same_language_gold,full_sentence,hi,wrong_subtle,freedom_year__hi__wrong_subtle,freedom_year,भारत को 1947 में स्वतंत्रता मिली।,भारत को 1948 में स्वतंत्रता मिली।,0.9474250078201294
sentence-transformers/LaBSE,same_language_gold,full_sentence,hi,wrong_hard,freedom_year__hi__wrong_hard,freedom_year,भारत को 1947 में स्वतंत्रता मिली।,भारत को 1857 में स्वतंत्रता मिली।,0.9188340902328491
sentence-transformers/LaBSE,same_language_gold,full_sentence,hinglish,correct,freedom_year__hinglish,freedom_year,Bharat ko 1947 mein aazadi mili.,"Bharat ko 1947 mein aazadi mili, 15 August ko. Yeh din aaj bhi Independence Day ke roop mein manaya jata hai.",0.6710639595985413
sentence-transformers/LaBSE,same_language_gold,full_sentence,hinglish,wrong_subtle,freedom_year__hinglish__wrong_subtle,freedom_year,Bharat ko 1947 mein aazadi mili.,Bharat ko 1948 mein aazadi mili.,0.8878058791160583
sentence-transformers/LaBSE,same_language_gold,full_sentence,hinglish,wrong_hard,freedom_year__hinglish__wrong_hard,freedom_year,Bharat ko 1947 mein aazadi mili.,Bharat ko 1857 mein aazadi mili.,0.8104191422462463
sentence-transformers/LaBSE,same_language_gold,full_sentence,en,correct,water_formula__en,water_formula,The chemical formula of water is H2O.,"The chemical formula of water is **H₂O**, indicating that each molecule contains two hydrogen atoms bonded to one oxygen atom.",0.7041435241699219
sentence-transformers/LaBSE,same_language_gold,full_sentence,en,wrong_subtle,water_formula__en__wrong_subtle,water_formula,The chemical formula of water is H2O.,The chemical formula of water is H2O2.,0.9590551853179932
sentence-transformers/LaBSE,same_language_gold,full_sentence,en,wrong_hard,water_formula__en__wrong_hard,water_formula,The chemical formula of water is H2O.,The chemical formula of water is CO2.,0.881071150302887
sentence-transformers/LaBSE,same_language_gold,full_sentence,hi,correct,water_formula__hi,water_formula,पानी का रासायनिक सूत्र H2O है।,"पानी का रासायनिक सूत्र **H₂O** है, अर्थात् दो हाइड्रोजन और एक ऑक्सीजन परमाणु से बना होता है.",0.8174725770950317
sentence-transformers/LaBSE,same_language_gold,full_sentence,hi,wrong_subtle,water_formula__hi__wrong_subtle,water_formula,पानी का रासायनिक सूत्र H2O है।,पानी का रासायनिक सूत्र H2O2 है।,0.9786337018013
sentence-transformers/LaBSE,same_language_gold,full_sentence,hi,wrong_hard,water_formula__hi__wrong_hard,water_formula,पानी का रासायनिक सूत्र H2O है।,पानी का रासायनिक सूत्र CO2 है।,0.9268912076950073
sentence-transformers/LaBSE,same_language_gold,full_sentence,hinglish,correct,water_formula__hinglish,water_formula,Pani ka rasayanik sutra H2O hai.,Pani ka rasayanik sutra H₂O hai. Isme do hydrogen atoms aur ek oxygen atom hota hai.,0.5876331329345703
sentence-transformers/LaBSE,same_language_gold,full_sentence,hinglish,wrong_subtle,water_formula__hinglish__wrong_subtle,water_formula,Pani ka rasayanik sutra H2O hai.,Pani ka rasayanik sutra H2O2 hai.,0.9216519594192505
sentence-transformers/LaBSE,same_language_gold,full_sentence,hinglish,wrong_hard,water_formula__hinglish__wrong_hard,water_formula,Pani ka rasayanik sutra H2O hai.,Pani ka rasayanik sutra CO2 hai.,0.6729362607002258
sentence-transformers/LaBSE,same_language_gold,full_sentence,en,correct,national_animal_india__en,national_animal_india,The national animal of India is the Bengal tiger.,"The national animal of India is the Bengal tiger, chosen for its strength, beauty, and cultural significance.",0.674406111240387
sentence-transformers/LaBSE,same_language_gold,full_sentence,en,wrong_subtle,national_animal_india__en__wrong_subtle,national_animal_india,The national animal of India is the Bengal tiger.,The national animal of India is the Siberian tiger.,0.8433576226234436
sentence-transformers/LaBSE,same_language_gold,full_sentence,en,wrong_hard,national_animal_india__en__wrong_hard,national_animal_india,The national animal of India is the Bengal tiger.,The national animal of India is the lion.,0.8522655963897705
sentence-transformers/LaBSE,same_language_gold,full_sentence,hi,correct,national_animal_india__hi,national_animal_india,भारत का राष्ट्रीय पशु बंगाल टाइगर है।,"भारत का राष्ट्रीय पशु हाथी है, जिसे 1972 में राष्ट्रीय पशु घोषित किया गया था।",0.7597734928131104
sentence-transformers/LaBSE,same_language_gold,full_sentence,hi,wrong_subtle,national_animal_india__hi__wrong_subtle,national_animal_india,भारत का राष्ट्रीय पशु बंगाल टाइगर है।,भारत का राष्ट्रीय पशु साइबेरियाई टाइगर है।,0.8896215558052063
sentence-transformers/LaBSE,same_language_gold,full_sentence,hi,wrong_hard,national_animal_india__hi__wrong_hard,national_animal_india,भारत का राष्ट्रीय पशु बंगाल टाइगर है।,भारत का राष्ट्रीय पशु शेर है।,0.876086950302124
sentence-transformers/LaBSE,same_language_gold,full_sentence,hinglish,correct,national_animal_india__hinglish,national_animal_india,Bharat ka rashtriya pashu Bengal tiger hai.,Bharat ka rashtriya pashu bhains (water buffalo) hai. Ye pashu desh ki arthavyavastha aur parampara mein bahut mahatvapurn hai.,0.6304711699485779
sentence-transformers/LaBSE,same_language_gold,full_sentence,hinglish,wrong_subtle,national_animal_india__hinglish__wrong_subtle,national_animal_india,Bharat ka rashtriya pashu Bengal tiger hai.,Bharat ka rashtriya pashu Siberian tiger hai.,0.8231296539306641
sentence-transformers/LaBSE,same_language_gold,full_sentence,hinglish,wrong_hard,national_animal_india__hinglish__wrong_hard,national_animal_india,Bharat ka rashtriya pashu Bengal tiger hai.,Bharat ka rashtriya pashu sher hai.,0.7439179420471191
sentence-transformers/LaBSE,same_language_gold,full_sentence,en,correct,largest_ocean__en,largest_ocean,The largest ocean on Earth is the Pacific Ocean.,"The Pacific Ocean is the largest ocean on Earth, covering about 63 million square miles (163 million km²). It stretches from the Arctic in the north to the Antarctic in the south, larger than all the Earth's landmasses combined.",0.6156288385391235
sentence-transformers/LaBSE,same_language_gold,full_sentence,en,wrong_subtle,largest_ocean__en__wrong_subtle,largest_ocean,The largest ocean on Earth is the Pacific Ocean.,The Pacific Ocean is the smallest ocean on Earth.,0.8815522193908691
sentence-transformers/LaBSE,same_language_gold,full_sentence,en,wrong_hard,largest_ocean__en__wrong_hard,largest_ocean,The largest ocean on Earth is the Pacific Ocean.,The largest ocean on Earth is the Atlantic Ocean.,0.8821129202842712
sentence-transformers/LaBSE,same_language_gold,full_sentence,hi,correct,largest_ocean__hi,largest_ocean,पृथ्वी का सबसे बड़ा महासागर प्रशांत महासागर है।,"पैसिफिक महासागर पृथ्वी का सबसे बड़ा महासागर है, जो लगभग 46.6 मिलियन वर्ग मील क्षेत्रफल को कवर करता है।",0.8040459752082825
sentence-transformers/LaBSE,same_language_gold,full_sentence,hi,wrong_subtle,largest_ocean__hi__wrong_subtle,largest_ocean,पृथ्वी का सबसे बड़ा महासागर प्रशांत महासागर है।,प्रशांत महासागर पृथ्वी का सबसे छोटा महासागर है।,0.9085800051689148
sentence-transformers/LaBSE,same_language_gold,full_sentence,hi,wrong_hard,largest_ocean__hi__wrong_hard,largest_ocean,पृथ्वी का सबसे बड़ा महासागर प्रशांत महासागर है।,पृथ्वी का सबसे बड़ा महासागर अटलांटिक महासागर है।,0.899770975112915
sentence-transformers/LaBSE,same_language_gold,full_sentence,hinglish,correct,largest_ocean__hinglish,largest_ocean,Prithvi ka sabse bada mahasagar Prashant Mahasagar hai.,Sabse bada mahasagar Pacific Ocean hai. Yeh dharti ke 46% surface area ko cover karta hai.,0.40434813499450684
sentence-transformers/LaBSE,same_language_gold,full_sentence,hinglish,wrong_subtle,largest_ocean__hinglish__wrong_subtle,largest_ocean,Prithvi ka sabse bada mahasagar Prashant Mahasagar hai.,Prashant Mahasagar Prithvi ka sabse chhota mahasagar hai.,0.9493775367736816
sentence-transformers/LaBSE,same_language_gold,full_sentence,hinglish,wrong_hard,largest_ocean__hinglish__wrong_hard,largest_ocean,Prithvi ka sabse bada mahasagar Prashant Mahasagar hai.,Prithvi ka sabse bada mahasagar Atlantic Mahasagar hai.,0.8115407824516296
sentence-transformers/LaBSE,same_language_gold,full_sentence,en,correct,sun_rise_direction__en,sun_rise_direction,The sun rises in the east.,"The sun rises in the east, because Earth rotates from west to east, making the sun appear to move across the eastern horizon.",0.5777075290679932
sentence-transformers/LaBSE,same_language_gold,full_sentence,en,wrong_subtle,sun_rise_direction__en__wrong_subtle,sun_rise_direction,The sun rises in the east.,The sun rises in the north-east.,0.9248983263969421
sentence-transformers/LaBSE,same_language_gold,full_sentence,en,wrong_hard,sun_rise_direction__en__wrong_hard,sun_rise_direction,The sun rises in the east.,The sun rises in the west.,0.8847216963768005
sentence-transformers/LaBSE,same_language_gold,full_sentence,hi,correct,sun_rise_direction__hi,sun_rise_direction,सूर्य पूर्व दिशा में उगता है।,"सूर्य पूर्व दिशा में उगता है, क्योंकि पृथ्वी अपने अक्ष पर घूर्णन करती है।",0.7482723593711853
sentence-transformers/LaBSE,same_language_gold,full_sentence,hi,wrong_subtle,sun_rise_direction__hi__wrong_subtle,sun_rise_direction,सूर्य पूर्व दिशा में उगता है।,सूर्य उत्तर-पूर्व दिशा में उगता है।,0.9507604837417603
sentence-transformers/LaBSE,same_language_gold,full_sentence,hi,wrong_hard,sun_rise_direction__hi__wrong_hard,sun_rise_direction,सूर्य पूर्व दिशा में उगता है।,सूर्य पश्चिम दिशा में उगता है।,0.9148787260055542
sentence-transformers/LaBSE,same_language_gold,full_sentence,hinglish,correct,sun_rise_direction__hinglish,sun_rise_direction,Suraj purab disha mein ugta hai.,"Suraj purvi disha mein ugta hai, kyunki dharti apni dhur par ghuma kar subah ki taraf hoti hai.",0.6229778528213501
sentence-transformers/LaBSE,same_language_gold,full_sentence,hinglish,wrong_subtle,sun_rise_direction__hinglish__wrong_subtle,sun_rise_direction,Suraj purab disha mein ugta hai.,Suraj uttar-purab disha mein ugta hai.,0.9086166620254517
sentence-transformers/LaBSE,same_language_gold,full_sentence,hinglish,wrong_hard,sun_rise_direction__hinglish__wrong_hard,sun_rise_direction,Suraj purab disha mein ugta hai.,Suraj paschim disha mein ugta hai.,0.884250819683075
sentence-transformers/LaBSE,same_language_gold,full_sentence,en,correct,days_in_leap_year__en,days_in_leap_year,A leap year has 366 days.,"A leap year has 366 days, because an extra day (February 29) is added to keep the calendar in sync with the Earth’s orbit.",0.6581595540046692
sentence-transformers/LaBSE,same_language_gold,full_sentence,en,wrong_subtle,days_in_leap_year__en__wrong_subtle,days_in_leap_year,A leap year has 366 days.,A leap year has 365 days.,0.9157489538192749
sentence-transformers/LaBSE,same_language_gold,full_sentence,en,wrong_hard,days_in_leap_year__en__wrong_hard,days_in_leap_year,A leap year has 366 days.,A leap year has 400 days.,0.7231918573379517
sentence-transformers/LaBSE,same_language_gold,full_sentence,hi,correct,days_in_leap_year__hi,days_in_leap_year,एक लीप वर्ष में 366 दिन होते हैं।,एक लीप वर्ष में 366 दिन होते हैं। यह इसलिए होता है क्योंकि फरवरी में 29 दिन होते हैं।,0.7994693517684937
sentence-transformers/LaBSE,same_language_gold,full_sentence,hi,wrong_subtle,days_in_leap_year__hi__wrong_subtle,days_in_leap_year,एक लीप वर्ष में 366 दिन होते हैं।,एक लीप वर्ष में 365 दिन होते हैं।,0.9356468915939331
sentence-transformers/LaBSE,same_language_gold,full_sentence,hi,wrong_hard,days_in_leap_year__hi__wrong_hard,days_in_leap_year,एक लीप वर्ष में 366 दिन होते हैं।,एक लीप वर्ष में 400 दिन होते हैं।,0.774906575679779
sentence-transformers/LaBSE,same_language_gold,full_sentence,hinglish,correct,days_in_leap_year__hinglish,days_in_leap_year,Ek leap year mein 366 din hote hain.,"Leap year mein 366 din hote hain, kyunki February mein 29 din hote hain.",0.7198888063430786
sentence-transformers/LaBSE,same_language_gold,full_sentence,hinglish,wrong_subtle,days_in_leap_year__hinglish__wrong_subtle,days_in_leap_year,Ek leap year mein 366 din hote hain.,Ek leap year mein 365 din hote hain.,0.8972508907318115
sentence-transformers/LaBSE,same_language_gold,full_sentence,hinglish,wrong_hard,days_in_leap_year__hinglish__wrong_hard,days_in_leap_year,Ek leap year mein 366 din hote hain.,Ek leap year mein 400 din hote hain.,0.6677110195159912
sentence-transformers/LaBSE,same_language_gold,full_sentence,en,correct,father_of_nation_india__en,father_of_nation_india,Mahatma Gandhi is known as the Father of the Nation in India.,"Mahatma Gandhi is called the “Father of the Nation” in India, for leading the country’s non‑violent struggle for independence from British rule.",0.7250478863716125
sentence-transformers/LaBSE,same_language_gold,full_sentence,en,wrong_subtle,father_of_nation_india__en__wrong_subtle,father_of_nation_india,Mahatma Gandhi is known as the Father of the Nation in India.,Mahatma Gandhi is known as the Netaji of India.,0.8960866928100586
sentence-transformers/LaBSE,same_language_gold,full_sentence,en,wrong_hard,father_of_nation_india__en__wrong_hard,father_of_nation_india,Mahatma Gandhi is known as the Father of the Nation in India.,Jawaharlal Nehru is known as the Father of the Nation in India.,0.7267380952835083
sentence-transformers/LaBSE,same_language_gold,full_sentence,hi,wrong_subtle,father_of_nation_india__hi__wrong_subtle,father_of_nation_india,भारत में महात्मा गांधी को राष्ट्रपिता के रूप में जाना जाता है।,महात्मा गांधी को भारत का नेताजी कहा जाता है।,0.8911603689193726
sentence-transformers/LaBSE,same_language_gold,full_sentence,hi,wrong_hard,father_of_nation_india__hi__wrong_hard,father_of_nation_india,भारत में महात्मा गांधी को राष्ट्रपिता के रूप में जाना जाता है।,भारत में जवाहरलाल नेहरू को राष्ट्रपिता के रूप में जाना जाता है।,0.8146198391914368
sentence-transformers/LaBSE,same_language_gold,full_sentence,hinglish,correct,father_of_nation_india__hinglish,father_of_nation_india,Bharat mein Mahatma Gandhi ko rashtrapita ke roop mein jana jata hai.,Mahatma Gandhi ko Bharat ka rashtrapita mana jata hai. Unhone ahimsa aur satyagraha se desh ki azadi ki ladai ladhi.,0.8798401355743408
sentence-transformers/LaBSE,same_language_gold,full_sentence,hinglish,wrong_subtle,father_of_nation_india__hinglish__wrong_subtle,father_of_nation_india,Bharat mein Mahatma Gandhi ko rashtrapita ke roop mein jana jata hai.,Mahatma Gandhi ko Bharat ka Netaji kaha jata hai.,0.8570365905761719
sentence-transformers/LaBSE,same_language_gold,full_sentence,hinglish,wrong_hard,father_of_nation_india__hinglish__wrong_hard,father_of_nation_india,Bharat mein Mahatma Gandhi ko rashtrapita ke roop mein jana jata hai.,Bharat mein Jawaharlal Nehru ko rashtrapita ke roop mein jana jata hai.,0.6711708903312683
sentence-transformers/LaBSE,same_language_gold,full_sentence,en,correct,boiling_point_water_c__en,boiling_point_water_c,Water boils at 100 degrees Celsius at sea level.,Water boils at 100 °C at sea level (standard atmospheric pressure of 1 atm).,0.820242166519165
sentence-transformers/LaBSE,same_language_gold,full_sentence,en,wrong_subtle,boiling_point_water_c__en__wrong_subtle,boiling_point_water_c,Water boils at 100 degrees Celsius at sea level.,Water boils at 0 degrees Celsius at sea level.,0.8603394627571106
sentence-transformers/LaBSE,same_language_gold,full_sentence,en,wrong_hard,boiling_point_water_c__en__wrong_hard,boiling_point_water_c,Water boils at 100 degrees Celsius at sea level.,Water boils at 50 degrees Celsius at sea level.,0.8568739295005798
sentence-transformers/LaBSE,same_language_gold,full_sentence,hi,correct,boiling_point_water_c__hi,boiling_point_water_c,समुद्र तल पर पानी 100 डिग्री सेल्सियस पर उबलता है।,समुद्र तल पर पानी 100 डिग्री सेल्सियस पर उबलता है। यह मान मानक वायुमंडलीय दबाव (1 atm) पर लागू होता है।,0.8173766136169434
sentence-transformers/LaBSE,same_language_gold,full_sentence,hi,wrong_subtle,boiling_point_water_c__hi__wrong_subtle,boiling_point_water_c,समुद्र तल पर पानी 100 डिग्री सेल्सियस पर उबलता है।,समुद्र तल पर पानी 0 डिग्री सेल्सियस पर उबलता है।,0.908289909362793
sentence-transformers/LaBSE,same_language_gold,full_sentence,hi,wrong_hard,boiling_point_water_c__hi__wrong_hard,boiling_point_water_c,समुद्र तल पर पानी 100 डिग्री सेल्सियस पर उबलता है।,समुद्र तल पर पानी 50 डिग्री सेल्सियस पर उबलता है।,0.9039185047149658
sentence-transformers/LaBSE,same_language_gold,full_sentence,hinglish,correct,boiling_point_water_c__hinglish,boiling_point_water_c,Samudra tal par pani 100 degree Celsius par ubalta hai.,"Pani samudra tal par 100 °C par ubalta hai, kyunki yeh standard atmospheric pressure (1 atm) par hota hai.",0.6470950841903687
sentence-transformers/LaBSE,same_language_gold,full_sentence,hinglish,wrong_subtle,boiling_point_water_c__hinglish__wrong_subtle,boiling_point_water_c,Samudra tal par pani 100 degree Celsius par ubalta hai.,Samudra tal par pani 0 degree Celsius par ubalta hai.,0.8491135835647583
sentence-transformers/LaBSE,same_language_gold,full_sentence,hinglish,wrong_hard,boiling_point_water_c__hinglish__wrong_hard,boiling_point_water_c,Samudra tal par pani 100 degree Celsius par ubalta hai.,Samudra tal par pani 50 degree Celsius par ubalta hai.,0.8286225199699402
intfloat/multilingual-e5-base,english_gold,short,en,correct,capital_maharashtra__en,capital_maharashtra,Mumbai,"Mumbai is the capital of Maharashtra, the most populous state in India.",0.8087928295135498
intfloat/multilingual-e5-base,english_gold,short,en,wrong_subtle,capital_maharashtra__en__wrong_subtle,capital_maharashtra,Mumbai,Mumbai is the capital of India.,0.8179526925086975
intfloat/multilingual-e5-base,english_gold,short,en,wrong_hard,capital_maharashtra__en__wrong_hard,capital_maharashtra,Mumbai,The capital of Maharashtra is Chennai.,0.7636308670043945
intfloat/multilingual-e5-base,english_gold,short,hi,correct,capital_maharashtra__hi,capital_maharashtra,Mumbai,"महाराष्ट्र की राजधानी मुंबई है, जो भारत का एक प्रमुख आर्थिक केंद्र है।",0.8064616918563843
intfloat/multilingual-e5-base,english_gold,short,hi,wrong_subtle,capital_maharashtra__hi__wrong_subtle,capital_maharashtra,Mumbai,मुंबई भारत की राजधानी है।,0.8240793943405151
intfloat/multilingual-e5-base,english_gold,short,hi,wrong_hard,capital_maharashtra__hi__wrong_hard,capital_maharashtra,Mumbai,महाराष्ट्र की राजधानी चेन्नई है।,0.7936087250709534
intfloat/multilingual-e5-base,english_gold,short,hinglish,correct,capital_maharashtra__hinglish,capital_maharashtra,Mumbai,Maharashtra ki rajdhani Mumbai hai. Ye India ka financial capital bhi hai.,0.8309024572372437
intfloat/multilingual-e5-base,english_gold,short,hinglish,wrong_subtle,capital_maharashtra__hinglish__wrong_subtle,capital_maharashtra,Mumbai,Mumbai Bharat ki rajdhani hai.,0.84026700258255
intfloat/multilingual-e5-base,english_gold,short,hinglish,wrong_hard,capital_maharashtra__hinglish__wrong_hard,capital_maharashtra,Mumbai,Maharashtra ki rajdhani Chennai hai.,0.8215956687927246
intfloat/multilingual-e5-base,english_gold,short,en,correct,planets_count__en,planets_count,Eight,"There are eight planets in our solar system—Mercury, Venus, Earth, Mars, Jupiter, Saturn, Uranus, and Neptune. Pluto was reclassified as a dwarf planet in 2006, so it is no longer counted among the main planets.",0.8119062781333923
intfloat/multilingual-e5-base,english_gold,short,en,wrong_subtle,planets_count__en__wrong_subtle,planets_count,Eight,"There are nine planets in our solar system, including Pluto.",0.7632715106010437
intfloat/multilingual-e5-base,english_gold,short,en,wrong_hard,planets_count__en__wrong_hard,planets_count,Eight,There are twelve planets in our solar system.,0.7510157823562622
intfloat/multilingual-e5-base,english_gold,short,hi,correct,planets_count__hi,planets_count,Eight,"हमारे सौर मंडल में 8 ग्रह हैं: बुध, शुक्र, पृथ्वी, मंगल, बृहस्पति, शनि, यूरेनस और नेपच्यून। 2006 में प्लूटो को बौना ग्रह घोषित कर दिया गया, इसलिए अब इसे मुख्य ग्रहों में नहीं गिना जाता।",0.8091270327568054
intfloat/multilingual-e5-base,english_gold,short,hi,wrong_subtle,planets_count__hi__wrong_subtle,planets_count,Eight,"हमारे सौर मंडल में नौ ग्रह हैं, जिसमें प्लूटो भी शामिल है।",0.7840981483459473
intfloat/multilingual-e5-base,english_gold,short,hi,wrong_hard,planets_count__hi__wrong_hard,planets_count,Eight,हमारे सौर मंडल में बारह ग्रह हैं।,0.7852168083190918
intfloat/multilingual-e5-base,english_gold,short,hinglish,correct,planets_count__hinglish,planets_count,Eight,Hamare Saur Mandal mein 8 grah hain. 2015 se Pluto ko dwarf planet gina jata hai.,0.8101235032081604
intfloat/multilingual-e5-base,english_gold,short,hinglish,wrong_subtle,planets_count__hinglish__wrong_subtle,planets_count,Eight,"Hamare saur mandal mein nau grah hain, jismein Pluto bhi shamil hai.",0.7602212429046631
intfloat/multilingual-e5-base,english_gold,short,hinglish,wrong_hard,planets_count__hinglish__wrong_hard,planets_count,Eight,Hamare saur mandal mein barah grah hain.,0.774427592754364
intfloat/multilingual-e5-base,english_gold,short,en,correct,freedom_year__en,freedom_year,1947,"India gained independence in 1947, ending nearly 200 years of British colonial rule.",0.7938442230224609
intfloat/multilingual-e5-base,english_gold,short,en,wrong_subtle,freedom_year__en__wrong_subtle,freedom_year,1947,India gained independence in 1948.,0.7847419381141663
intfloat/multilingual-e5-base,english_gold,short,en,wrong_hard,freedom_year__en__wrong_hard,freedom_year,1947,India gained independence in 1857.,0.7444930076599121
intfloat/multilingual-e5-base,english_gold,short,hi,correct,freedom_year__hi,freedom_year,1947,"भारत को 1947 में स्वतंत्रता मिली, 15 अगस्त को आज़ादी का दिन मनाया जाता है।",0.7980175018310547
intfloat/multilingual-e5-base,english_gold,short,hi,wrong_subtle,freedom_year__hi__wrong_subtle,freedom_year,1947,भारत को 1948 में स्वतंत्रता मिली।,0.8159363269805908
intfloat/multilingual-e5-base,english_gold,short,hi,wrong_hard,freedom_year__hi__wrong_hard,freedom_year,1947,भारत को 1857 में स्वतंत्रता मिली।,0.7834352254867554
intfloat/multilingual-e5-base,english_gold,short,hinglish,correct,freedom_year__hinglish,freedom_year,1947,"Bharat ko 1947 mein aazadi mili, 15 August ko. Yeh din aaj bhi Independence Day ke roop mein manaya jata hai.",0.8303025960922241
intfloat/multilingual-e5-base,english_gold,short,hinglish,wrong_subtle,freedom_year__hinglish__wrong_subtle,freedom_year,1947,Bharat ko 1948 mein aazadi mili.,0.8315924406051636
intfloat/multilingual-e5-base,english_gold,short,hinglish,wrong_hard,freedom_year__hinglish__wrong_hard,freedom_year,1947,Bharat ko 1857 mein aazadi mili.,0.8034070730209351
intfloat/multilingual-e5-base,english_gold,short,en,correct,water_formula__en,water_formula,H2O,"The chemical formula of water is **H₂O**, indicating that each molecule contains two hydrogen atoms bonded to one oxygen atom.",0.8662716150283813
intfloat/multilingual-e5-base,english_gold,short,en,wrong_subtle,water_formula__en__wrong_subtle,water_formula,H2O,The chemical formula of water is H2O2.,0.860776424407959
intfloat/multilingual-e5-base,english_gold,short,en,wrong_hard,water_formula__en__wrong_hard,water_formula,H2O,The chemical formula of water is CO2.,0.8393875956535339
intfloat/multilingual-e5-base,english_gold,short,hi,correct,water_formula__hi,water_formula,H2O,"पानी का रासायनिक सूत्र **H₂O** है, अर्थात् दो हाइड्रोजन और एक ऑक्सीजन परमाणु से बना होता है.",0.8595880270004272
intfloat/multilingual-e5-base,english_gold,short,hi,wrong_subtle,water_formula__hi__wrong_subtle,water_formula,H2O,पानी का रासायनिक सूत्र H2O2 है।,0.8670085072517395
intfloat/multilingual-e5-base,english_gold,short,hi,wrong_hard,water_formula__hi__wrong_hard,water_formula,H2O,पानी का रासायनिक सूत्र CO2 है।,0.8405643701553345
intfloat/multilingual-e5-base,english_gold,short,hinglish,correct,water_formula__hinglish,water_formula,H2O,Pani ka rasayanik sutra H₂O hai. Isme do hydrogen atoms aur ek oxygen atom hota hai.,0.8592370748519897
intfloat/multilingual-e5-base,english_gold,short,hinglish,wrong_subtle,water_formula__hinglish__wrong_subtle,water_formula,H2O,Pani ka rasayanik sutra H2O2 hai.,0.8432115316390991
intfloat/multilingual-e5-base,english_gold,short,hinglish,wrong_hard,water_formula__hinglish__wrong_hard,water_formula,H2O,Pani ka rasayanik sutra CO2 hai.,0.8138595819473267
intfloat/multilingual-e5-base,english_gold,short,en,correct,national_animal_india__en,national_animal_india,Bengal tiger,"The national animal of India is the Bengal tiger, chosen for its strength, beauty, and cultural significance.",0.8335899114608765
intfloat/multilingual-e5-base,english_gold,short,en,wrong_subtle,national_animal_india__en__wrong_subtle,national_animal_india,Bengal tiger,The national animal of India is the Siberian tiger.,0.7996675968170166
intfloat/multilingual-e5-base,english_gold,short,en,wrong_hard,national_animal_india__en__wrong_hard,national_animal_india,Bengal tiger,The national animal of India is the lion.,0.7683473825454712
intfloat/multilingual-e5-base,english_gold,short,hi,correct,national_animal_india__hi,national_animal_india,Bengal tiger,"भारत का राष्ट्रीय पशु हाथी है, जिसे 1972 में राष्ट्रीय पशु घोषित किया गया था।",0.7649530172348022
intfloat/multilingual-e5-base,english_gold,short,hi,wrong_subtle,national_animal_india__hi__wrong_subtle,national_animal_india,Bengal tiger,भारत का राष्ट्रीय पशु साइबेरियाई टाइगर है।,0.829073429107666
intfloat/multilingual-e5-base,english_gold,short,hi,wrong_hard,national_animal_india__hi__wrong_hard,national_animal_india,Bengal tiger,भारत का राष्ट्रीय पशु शेर है।,0.8128846883773804
intfloat/multilingual-e5-base,english_gold,short,hinglish,correct,national_animal_india__hinglish,national_animal_india,Bengal tiger,Bharat ka rashtriya pashu bhains (water buffalo) hai. Ye pashu desh ki arthavyavastha aur parampara mein bahut mahatvapurn hai.,0.7891929149627686
intfloat/multilingual-e5-base,english_gold,short,hinglish,wrong_subtle,national_animal_india__hinglish__wrong_subtle,national_animal_india,Bengal tiger,Bharat ka rashtriya pashu Siberian tiger hai.,0.8595242500305176
intfloat/multilingual-e5-base,english_gold,short,hinglish,wrong_hard,national_animal_india__hinglish__wrong_hard,national_animal_india,Bengal tiger,Bharat ka rashtriya pashu sher hai.,0.8161811828613281
intfloat/multilingual-e5-base,english_gold,short,en,correct,largest_ocean__en,largest_ocean,Pacific Ocean,"The Pacific Ocean is the largest ocean on Earth, covering about 63 million square miles (163 million km²). It stretches from the Arctic in the north to the Antarctic in the south, larger than all the Earth's landmasses combined.",0.8545311689376831
intfloat/multilingual-e5-base,english_gold,short,en,wrong_subtle,largest_ocean__en__wrong_subtle,largest_ocean,Pacific Ocean,The Pacific Ocean is the smallest ocean on Earth.,0.8384913206100464
intfloat/multilingual-e5-base,english_gold,short,en,wrong_hard,largest_ocean__en__wrong_hard,largest_ocean,Pacific Ocean,The largest ocean on Earth is the Atlantic Ocean.,0.8080040812492371
intfloat/multilingual-e5-base,english_gold,short,hi,correct,largest_ocean__hi,largest_ocean,Pacific Ocean,"पैसिफिक महासागर पृथ्वी का सबसे बड़ा महासागर है, जो लगभग 46.6 मिलियन वर्ग मील क्षेत्रफल को कवर करता है।",0.8010571002960205
intfloat/multilingual-e5-base,english_gold,short,hi,wrong_subtle,largest_ocean__hi__wrong_subtle,largest_ocean,Pacific Ocean,प्रशांत महासागर पृथ्वी का सबसे छोटा महासागर है।,0.8110469579696655
intfloat/multilingual-e5-base,english_gold,short,hi,wrong_hard,largest_ocean__hi__wrong_hard,largest_ocean,Pacific Ocean,पृथ्वी का सबसे बड़ा महासागर अटलांटिक महासागर है।,0.819421648979187
intfloat/multilingual-e5-base,english_gold,short,hinglish,correct,largest_ocean__hinglish,largest_ocean,Pacific Ocean,Sabse bada mahasagar Pacific Ocean hai. Yeh dharti ke 46% surface area ko cover karta hai.,0.8410319089889526
intfloat/multilingual-e5-base,english_gold,short,hinglish,wrong_subtle,largest_ocean__hinglish__wrong_subtle,largest_ocean,Pacific Ocean,Prashant Mahasagar Prithvi ka sabse chhota mahasagar hai.,0.7742441296577454
intfloat/multilingual-e5-base,english_gold,short,hinglish,wrong_hard,largest_ocean__hinglish__wrong_hard,largest_ocean,Pacific Ocean,Prithvi ka sabse bada mahasagar Atlantic Mahasagar hai.,0.8077279329299927
intfloat/multilingual-e5-base,english_gold,short,en,correct,sun_rise_direction__en,sun_rise_direction,East,"The sun rises in the east, because Earth rotates from west to east, making the sun appear to move across the eastern horizon.",0.8218215703964233
intfloat/multilingual-e5-base,english_gold,short,en,wrong_subtle,sun_rise_direction__en__wrong_subtle,sun_rise_direction,East,The sun rises in the north-east.,0.7860904932022095
intfloat/multilingual-e5-base,english_gold,short,en,wrong_hard,sun_rise_direction__en__wrong_hard,sun_rise_direction,East,The sun rises in the west.,0.7672241926193237
intfloat/multilingual-e5-base,english_gold,short,hi,correct,sun_rise_direction__hi,sun_rise_direction,East,"सूर्य पूर्व दिशा में उगता है, क्योंकि पृथ्वी अपने अक्ष पर घूर्णन करती है।",0.7771191596984863
intfloat/multilingual-e5-base,english_gold,short,hi,wrong_subtle,sun_rise_direction__hi__wrong_subtle,sun_rise_direction,East,सूर्य उत्तर-पूर्व दिशा में उगता है।,0.7982019782066345
intfloat/multilingual-e5-base,english_gold,short,hi,wrong_hard,sun_rise_direction__hi__wrong_hard,sun_rise_direction,East,सूर्य पश्चिम दिशा में उगता है।,0.799336314201355
intfloat/multilingual-e5-base,english_gold,short,hinglish,correct,sun_rise_direction__hinglish,sun_rise_direction,East,"Suraj purvi disha mein ugta hai, kyunki dharti apni dhur par ghuma kar subah ki taraf hoti hai.",0.7447848320007324
intfloat/multilingual-e5-base,english_gold,short,hinglish,wrong_subtle,sun_rise_direction__hinglish__wrong_subtle,sun_rise_direction,East,Suraj uttar-purab disha mein ugta hai.,0.7687448263168335
intfloat/multilingual-e5-base,english_gold,short,hinglish,wrong_hard,sun_rise_direction__hinglish__wrong_hard,sun_rise_direction,East,Suraj paschim disha mein ugta hai.,0.7743452787399292
intfloat/multilingual-e5-base,english_gold,short,en,correct,days_in_leap_year__en,days_in_leap_year,366,"A leap year has 366 days, because an extra day (February 29) is added to keep the calendar in sync with the Earth’s orbit.",0.8264257907867432
intfloat/multilingual-e5-base,english_gold,short,en,wrong_subtle,days_in_leap_year__en__wrong_subtle,days_in_leap_year,366,A leap year has 365 days.,0.8043605089187622
intfloat/multilingual-e5-base,english_gold,short,en,wrong_hard,days_in_leap_year__en__wrong_hard,days_in_leap_year,366,A leap year has 400 days.,0.7772035598754883
intfloat/multilingual-e5-base,english_gold,short,hi,correct,days_in_leap_year__hi,days_in_leap_year,366,एक लीप वर्ष में 366 दिन होते हैं। यह इसलिए होता है क्योंकि फरवरी में 29 दिन होते हैं।,0.8305039405822754
intfloat/multilingual-e5-base,english_gold,short,hi,wrong_subtle,days_in_leap_year__hi__wrong_subtle,days_in_leap_year,366,एक लीप वर्ष में 365 दिन होते हैं।,0.8277984857559204
intfloat/multilingual-e5-base,english_gold,short,hi,wrong_hard,days_in_leap_year__hi__wrong_hard,days_in_leap_year,366,एक लीप वर्ष में 400 दिन होते हैं।,0.7890408039093018
intfloat/multilingual-e5-base,english_gold,short,hinglish,correct,days_in_leap_year__hinglish,days_in_leap_year,366,"Leap year mein 366 din hote hain, kyunki February mein 29 din hote hain.",0.8401200175285339
intfloat/multilingual-e5-base,english_gold,short,hinglish,wrong_subtle,days_in_leap_year__hinglish__wrong_subtle,days_in_leap_year,366,Ek leap year mein 365 din hote hain.,0.8469024896621704
intfloat/multilingual-e5-base,english_gold,short,hinglish,wrong_hard,days_in_leap_year__hinglish__wrong_hard,days_in_leap_year,366,Ek leap year mein 400 din hote hain.,0.8072513341903687
intfloat/multilingual-e5-base,english_gold,short,en,correct,father_of_nation_india__en,father_of_nation_india,Mahatma Gandhi,"Mahatma Gandhi is called the “Father of the Nation” in India, for leading the country’s non‑violent struggle for independence from British rule.",0.8211909532546997
intfloat/multilingual-e5-base,english_gold,short,en,wrong_subtle,father_of_nation_india__en__wrong_subtle,father_of_nation_india,Mahatma Gandhi,Mahatma Gandhi is known as the Netaji of India.,0.7828917503356934
intfloat/multilingual-e5-base,english_gold,short,en,wrong_hard,father_of_nation_india__en__wrong_hard,father_of_nation_india,Mahatma Gandhi,Jawaharlal Nehru is known as the Father of the Nation in India.,0.7326925992965698
intfloat/multilingual-e5-base,english_gold,short,hi,wrong_subtle,father_of_nation_india__hi__wrong_subtle,father_of_nation_india,Mahatma Gandhi,महात्मा गांधी को भारत का नेताजी कहा जाता है।,0.7951834797859192
intfloat/multilingual-e5-base,english_gold,short,hi,wrong_hard,father_of_nation_india__hi__wrong_hard,father_of_nation_india,Mahatma Gandhi,भारत में जवाहरलाल नेहरू को राष्ट्रपिता के रूप में जाना जाता है।,0.7605365514755249
intfloat/multilingual-e5-base,english_gold,short,hinglish,correct,father_of_nation_india__hinglish,father_of_nation_india,Mahatma Gandhi,Mahatma Gandhi ko Bharat ka rashtrapita mana jata hai. Unhone ahimsa aur satyagraha se desh ki azadi ki ladai ladhi.,0.8420360088348389
intfloat/multilingual-e5-base,english_gold,short,hinglish,wrong_subtle,father_of_nation_india__hinglish__wrong_subtle,father_of_nation_india,Mahatma Gandhi,Mahatma Gandhi ko Bharat ka Netaji kaha jata hai.,0.8305996656417847
intfloat/multilingual-e5-base,english_gold,short,hinglish,wrong_hard,father_of_nation_india__hinglish__wrong_hard,father_of_nation_india,Mahatma Gandhi,Bharat mein Jawaharlal Nehru ko rashtrapita ke roop mein jana jata hai.,0.7823238968849182
intfloat/multilingual-e5-base,english_gold,short,en,correct,boiling_point_water_c__en,boiling_point_water_c,100 degrees Celsius,Water boils at 100 °C at sea level (standard atmospheric pressure of 1 atm).,0.8378074169158936
intfloat/multilingual-e5-base,english_gold,short,en,wrong_subtle,boiling_point_water_c__en__wrong_subtle,boiling_point_water_c,100 degrees Celsius,Water boils at 0 degrees Celsius at sea level.,0.7994848489761353
intfloat/multilingual-e5-base,english_gold,short,en,wrong_hard,boiling_point_water_c__en__wrong_hard,boiling_point_water_c,100 degrees Celsius,Water boils at 50 degrees Celsius at sea level.,0.8037372827529907
intfloat/multilingual-e5-base,english_gold,short,hi,correct,boiling_point_water_c__hi,boiling_point_water_c,100 degrees Celsius,समुद्र तल पर पानी 100 डिग्री सेल्सियस पर उबलता है। यह मान मानक वायुमंडलीय दबाव (1 atm) पर लागू होता है।,0.8643149137496948
intfloat/multilingual-e5-base,english_gold,short,hi,wrong_subtle,boiling_point_water_c__hi__wrong_subtle,boiling_point_water_c,100 degrees Celsius,समुद्र तल पर पानी 0 डिग्री सेल्सियस पर उबलता है।,0.8290948867797852
intfloat/multilingual-e5-base,english_gold,short,hi,wrong_hard,boiling_point_water_c__hi__wrong_hard,boiling_point_water_c,100 degrees Celsius,समुद्र तल पर पानी 50 डिग्री सेल्सियस पर उबलता है।,0.8283623456954956
intfloat/multilingual-e5-base,english_gold,short,hinglish,correct,boiling_point_water_c__hinglish,boiling_point_water_c,100 degrees Celsius,"Pani samudra tal par 100 °C par ubalta hai, kyunki yeh standard atmospheric pressure (1 atm) par hota hai.",0.8571333885192871
intfloat/multilingual-e5-base,english_gold,short,hinglish,wrong_subtle,boiling_point_water_c__hinglish__wrong_subtle,boiling_point_water_c,100 degrees Celsius,Samudra tal par pani 0 degree Celsius par ubalta hai.,0.8487297892570496
intfloat/multilingual-e5-base,english_gold,short,hinglish,wrong_hard,boiling_point_water_c__hinglish__wrong_hard,boiling_point_water_c,100 degrees Celsius,Samudra tal par pani 50 degree Celsius par ubalta hai.,0.8477572202682495
intfloat/multilingual-e5-base,english_gold,full_sentence,en,correct,capital_maharashtra__en,capital_maharashtra,The capital of Maharashtra is Mumbai.,"Mumbai is the capital of Maharashtra, the most populous state in India.",0.8400335311889648
intfloat/multilingual-e5-base,english_gold,full_sentence,en,wrong_subtle,capital_maharashtra__en__wrong_subtle,capital_maharashtra,The capital of Maharashtra is Mumbai.,Mumbai is the capital of India.,0.8209860324859619
intfloat/multilingual-e5-base,english_gold,full_sentence,en,wrong_hard,capital_maharashtra__en__wrong_hard,capital_maharashtra,The capital of Maharashtra is Mumbai.,The capital of Maharashtra is Chennai.,0.8200380802154541
intfloat/multilingual-e5-base,english_gold,full_sentence,hi,correct,capital_maharashtra__hi,capital_maharashtra,The capital of Maharashtra is Mumbai.,"महाराष्ट्र की राजधानी मुंबई है, जो भारत का एक प्रमुख आर्थिक केंद्र है।",0.8849323987960815
intfloat/multilingual-e5-base,english_gold,full_sentence,hi,wrong_subtle,capital_maharashtra__hi__wrong_subtle,capital_maharashtra,The capital of Maharashtra is Mumbai.,मुंबई भारत की राजधानी है।,0.8711882829666138
intfloat/multilingual-e5-base,english_gold,full_sentence,hi,wrong_hard,capital_maharashtra__hi__wrong_hard,capital_maharashtra,The capital of Maharashtra is Mumbai.,महाराष्ट्र की राजधानी चेन्नई है।,0.872394323348999
intfloat/multilingual-e5-base,english_gold,full_sentence,hinglish,correct,capital_maharashtra__hinglish,capital_maharashtra,The capital of Maharashtra is Mumbai.,Maharashtra ki rajdhani Mumbai hai. Ye India ka financial capital bhi hai.,0.8736037015914917
intfloat/multilingual-e5-base,english_gold,full_sentence,hinglish,wrong_subtle,capital_maharashtra__hinglish__wrong_subtle,capital_maharashtra,The capital of Maharashtra is Mumbai.,Mumbai Bharat ki rajdhani hai.,0.8623605966567993
intfloat/multilingual-e5-base,english_gold,full_sentence,hinglish,wrong_hard,capital_maharashtra__hinglish__wrong_hard,capital_maharashtra,The capital of Maharashtra is Mumbai.,Maharashtra ki rajdhani Chennai hai.,0.8591738939285278
intfloat/multilingual-e5-base,english_gold,full_sentence,en,correct,planets_count__en,planets_count,There are eight planets in our solar system.,"There are eight planets in our solar system—Mercury, Venus, Earth, Mars, Jupiter, Saturn, Uranus, and Neptune. Pluto was reclassified as a dwarf planet in 2006, so it is no longer counted among the main planets.",0.8837873339653015
intfloat/multilingual-e5-base,english_gold,full_sentence,en,wrong_subtle,planets_count__en__wrong_subtle,planets_count,There are eight planets in our solar system.,"There are nine planets in our solar system, including Pluto.",0.8563765287399292
intfloat/multilingual-e5-base,english_gold,full_sentence,en,wrong_hard,planets_count__en__wrong_hard,planets_count,There are eight planets in our solar system.,There are twelve planets in our solar system.,0.8548650145530701
intfloat/multilingual-e5-base,english_gold,full_sentence,hi,correct,planets_count__hi,planets_count,There are eight planets in our solar system.,"हमारे सौर मंडल में 8 ग्रह हैं: बुध, शुक्र, पृथ्वी, मंगल, बृहस्पति, शनि, यूरेनस और नेपच्यून। 2006 में प्लूटो को बौना ग्रह घोषित कर दिया गया, इसलिए अब इसे मुख्य ग्रहों में नहीं गिना जाता।",0.8722606897354126
intfloat/multilingual-e5-base,english_gold,full_sentence,hi,wrong_subtle,planets_count__hi__wrong_subtle,planets_count,There are eight planets in our solar system.,"हमारे सौर मंडल में नौ ग्रह हैं, जिसमें प्लूटो भी शामिल है।",0.8564019203186035
intfloat/multilingual-e5-base,english_gold,full_sentence,hi,wrong_hard,planets_count__hi__wrong_hard,planets_count,There are eight planets in our solar system.,हमारे सौर मंडल में बारह ग्रह हैं।,0.8499636650085449
intfloat/multilingual-e5-base,english_gold,full_sentence,hinglish,correct,planets_count__hinglish,planets_count,There are eight planets in our solar system.,Hamare Saur Mandal mein 8 grah hain. 2015 se Pluto ko dwarf planet gina jata hai.,0.8469548225402832
intfloat/multilingual-e5-base,english_gold,full_sentence,hinglish,wrong_subtle,planets_count__hinglish__wrong_subtle,planets_count,There are eight planets in our solar system.,"Hamare saur mandal mein nau grah hain, jismein Pluto bhi shamil hai.",0.8056632280349731
intfloat/multilingual-e5-base,english_gold,full_sentence,hinglish,wrong_hard,planets_count__hinglish__wrong_hard,planets_count,There are eight planets in our solar system.,Hamare saur mandal mein barah grah hain.,0.777542769908905
intfloat/multilingual-e5-base,english_gold,full_sentence,en,correct,freedom_year__en,freedom_year,India gained independence in 1947.,"India gained independence in 1947, ending nearly 200 years of British colonial rule.",0.844791829586029
intfloat/multilingual-e5-base,english_gold,full_sentence,en,wrong_subtle,freedom_year__en__wrong_subtle,freedom_year,India gained independence in 1947.,India gained independence in 1948.,0.8455302119255066
intfloat/multilingual-e5-base,english_gold,full_sentence,en,wrong_hard,freedom_year__en__wrong_hard,freedom_year,India gained independence in 1947.,India gained independence in 1857.,0.8024216890335083
intfloat/multilingual-e5-base,english_gold,full_sentence,hi,correct,freedom_year__hi,freedom_year,India gained independence in 1947.,"भारत को 1947 में स्वतंत्रता मिली, 15 अगस्त को आज़ादी का दिन मनाया जाता है।",0.8556474447250366
intfloat/multilingual-e5-base,english_gold,full_sentence,hi,wrong_subtle,freedom_year__hi__wrong_subtle,freedom_year,India gained independence in 1947.,भारत को 1948 में स्वतंत्रता मिली।,0.8786787390708923
intfloat/multilingual-e5-base,english_gold,full_sentence,hi,wrong_hard,freedom_year__hi__wrong_hard,freedom_year,India gained independence in 1947.,भारत को 1857 में स्वतंत्रता मिली।,0.8461396098136902
intfloat/multilingual-e5-base,english_gold,full_sentence,hinglish,correct,freedom_year__hinglish,freedom_year,India gained independence in 1947.,"Bharat ko 1947 mein aazadi mili, 15 August ko. Yeh din aaj bhi Independence Day ke roop mein manaya jata hai.",0.8629566431045532
intfloat/multilingual-e5-base,english_gold,full_sentence,hinglish,wrong_subtle,freedom_year__hinglish__wrong_subtle,freedom_year,India gained independence in 1947.,Bharat ko 1948 mein aazadi mili.,0.8467975854873657
intfloat/multilingual-e5-base,english_gold,full_sentence,hinglish,wrong_hard,freedom_year__hinglish__wrong_hard,freedom_year,India gained independence in 1947.,Bharat ko 1857 mein aazadi mili.,0.8151402473449707
intfloat/multilingual-e5-base,english_gold,full_sentence,en,correct,water_formula__en,water_formula,The chemical formula of water is H2O.,"The chemical formula of water is **H₂O**, indicating that each molecule contains two hydrogen atoms bonded to one oxygen atom.",0.8941181898117065
intfloat/multilingual-e5-base,english_gold,full_sentence,en,wrong_subtle,water_formula__en__wrong_subtle,water_formula,The chemical formula of water is H2O.,The chemical formula of water is H2O2.,0.9000129103660583
intfloat/multilingual-e5-base,english_gold,full_sentence,en,wrong_hard,water_formula__en__wrong_hard,water_formula,The chemical formula of water is H2O.,The chemical formula of water is CO2.,0.8741057515144348
intfloat/multilingual-e5-base,english_gold,full_sentence,hi,correct,water_formula__hi,water_formula,The chemical formula of water is H2O.,"पानी का रासायनिक सूत्र **H₂O** है, अर्थात् दो हाइड्रोजन और एक ऑक्सीजन परमाणु से बना होता है.",0.8903663158416748
intfloat/multilingual-e5-base,english_gold,full_sentence,hi,wrong_subtle,water_formula__hi__wrong_subtle,water_formula,The chemical formula of water is H2O.,पानी का रासायनिक सूत्र H2O2 है।,0.9197033047676086
intfloat/multilingual-e5-base,english_gold,full_sentence,hi,wrong_hard,water_formula__hi__wrong_hard,water_formula,The chemical formula of water is H2O.,पानी का रासायनिक सूत्र CO2 है।,0.8880125284194946
intfloat/multilingual-e5-base,english_gold,full_sentence,hinglish,correct,water_formula__hinglish,water_formula,The chemical formula of water is H2O.,Pani ka rasayanik sutra H₂O hai. Isme do hydrogen atoms aur ek oxygen atom hota hai.,0.8519622683525085
intfloat/multilingual-e5-base,english_gold,full_sentence,hinglish,wrong_subtle,water_formula__hinglish__wrong_subtle,water_formula,The chemical formula of water is H2O.,Pani ka rasayanik sutra H2O2 hai.,0.8688446879386902
intfloat/multilingual-e5-base,english_gold,full_sentence,hinglish,wrong_hard,water_formula__hinglish__wrong_hard,water_formula,The chemical formula of water is H2O.,Pani ka rasayanik sutra CO2 hai.,0.8342287540435791
intfloat/multilingual-e5-base,english_gold,full_sentence,en,correct,national_animal_india__en,national_animal_india,The national animal of India is the Bengal tiger.,"The national animal of India is the Bengal tiger, chosen for its strength, beauty, and cultural significance.",0.8825122714042664
intfloat/multilingual-e5-base,english_gold,full_sentence,en,wrong_subtle,national_animal_india__en__wrong_subtle,national_animal_india,The national animal of India is the Bengal tiger.,The national animal of India is the Siberian tiger.,0.8665145039558411
intfloat/multilingual-e5-base,english_gold,full_sentence,en,wrong_hard,national_animal_india__en__wrong_hard,national_animal_india,The national animal of India is the Bengal tiger.,The national animal of India is the lion.,0.8553241491317749
intfloat/multilingual-e5-base,english_gold,full_sentence,hi,correct,national_animal_india__hi,national_animal_india,The national animal of India is the Bengal tiger.,"भारत का राष्ट्रीय पशु हाथी है, जिसे 1972 में राष्ट्रीय पशु घोषित किया गया था।",0.8461469411849976
intfloat/multilingual-e5-base,english_gold,full_sentence,hi,wrong_subtle,national_animal_india__hi__wrong_subtle,national_animal_india,The national animal of India is the Bengal tiger.,भारत का राष्ट्रीय पशु साइबेरियाई टाइगर है।,0.9016451835632324
intfloat/multilingual-e5-base,english_gold,full_sentence,hi,wrong_hard,national_animal_india__hi__wrong_hard,national_animal_india,The national animal of India is the Bengal tiger.,भारत का राष्ट्रीय पशु शेर है।,0.8944848775863647
intfloat/multilingual-e5-base,english_gold,full_sentence,hinglish,correct,national_animal_india__hinglish,national_animal_india,The national animal of India is the Bengal tiger.,Bharat ka rashtriya pashu bhains (water buffalo) hai. Ye pashu desh ki arthavyavastha aur parampara mein bahut mahatvapurn hai.,0.7854858636856079
intfloat/multilingual-e5-base,english_gold,full_sentence,hinglish,wrong_subtle,national_animal_india__hinglish__wrong_subtle,national_animal_india,The national animal of India is the Bengal tiger.,Bharat ka rashtriya pashu Siberian tiger hai.,0.8830094337463379
intfloat/multilingual-e5-base,english_gold,full_sentence,hinglish,wrong_hard,national_animal_india__hinglish__wrong_hard,national_animal_india,The national animal of India is the Bengal tiger.,Bharat ka rashtriya pashu sher hai.,0.8406937122344971
intfloat/multilingual-e5-base,english_gold,full_sentence,en,correct,largest_ocean__en,largest_ocean,The largest ocean on Earth is the Pacific Ocean.,"The Pacific Ocean is the largest ocean on Earth, covering about 63 million square miles (163 million km²). It stretches from the Arctic in the north to the Antarctic in the south, larger than all the Earth's landmasses combined.",0.8919869661331177
intfloat/multilingual-e5-base,english_gold,full_sentence,en,wrong_subtle,largest_ocean__en__wrong_subtle,largest_ocean,The largest ocean on Earth is the Pacific Ocean.,The Pacific Ocean is the smallest ocean on Earth.,0.8535391092300415
intfloat/multilingual-e5-base,english_gold,full_sentence,en,wrong_hard,largest_ocean__en__wrong_hard,largest_ocean,The largest ocean on Earth is the Pacific Ocean.,The largest ocean on Earth is the Atlantic Ocean.,0.8737709522247314
intfloat/multilingual-e5-base,english_gold,full_sentence,hi,correct,largest_ocean__hi,largest_ocean,The largest ocean on Earth is the Pacific Ocean.,"पैसिफिक महासागर पृथ्वी का सबसे बड़ा महासागर है, जो लगभग 46.6 मिलियन वर्ग मील क्षेत्रफल को कवर करता है।",0.8569934368133545
intfloat/multilingual-e5-base,english_gold,full_sentence,hi,wrong_subtle,largest_ocean__hi__wrong_subtle,largest_ocean,The largest ocean on Earth is the Pacific Ocean.,प्रशांत महासागर पृथ्वी का सबसे छोटा महासागर है।,0.8294039964675903
intfloat/multilingual-e5-base,english_gold,full_sentence,hi,wrong_hard,largest_ocean__hi__wrong_hard,largest_ocean,The largest ocean on Earth is the Pacific Ocean.,पृथ्वी का सबसे बड़ा महासागर अटलांटिक महासागर है।,0.8700868487358093
intfloat/multilingual-e5-base,english_gold,full_sentence,hinglish,correct,largest_ocean__hinglish,largest_ocean,The largest ocean on Earth is the Pacific Ocean.,Sabse bada mahasagar Pacific Ocean hai. Yeh dharti ke 46% surface area ko cover karta hai.,0.8343170881271362
intfloat/multilingual-e5-base,english_gold,full_sentence,hinglish,wrong_subtle,largest_ocean__hinglish__wrong_subtle,largest_ocean,The largest ocean on Earth is the Pacific Ocean.,Prashant Mahasagar Prithvi ka sabse chhota mahasagar hai.,0.7863467931747437
intfloat/multilingual-e5-base,english_gold,full_sentence,hinglish,wrong_hard,largest_ocean__hinglish__wrong_hard,largest_ocean,The largest ocean on Earth is the Pacific Ocean.,Prithvi ka sabse bada mahasagar Atlantic Mahasagar hai.,0.8248486518859863
intfloat/multilingual-e5-base,english_gold,full_sentence,en,correct,sun_rise_direction__en,sun_rise_direction,The sun rises in the east.,"The sun rises in the east, because Earth rotates from west to east, making the sun appear to move across the eastern horizon.",0.8838632106781006
intfloat/multilingual-e5-base,english_gold,full_sentence,en,wrong_subtle,sun_rise_direction__en__wrong_subtle,sun_rise_direction,The sun rises in the east.,The sun rises in the north-east.,0.8807632923126221
intfloat/multilingual-e5-base,english_gold,full_sentence,en,wrong_hard,sun_rise_direction__en__wrong_hard,sun_rise_direction,The sun rises in the east.,The sun rises in the west.,0.8616064190864563
intfloat/multilingual-e5-base,english_gold,full_sentence,hi,correct,sun_rise_direction__hi,sun_rise_direction,The sun rises in the east.,"सूर्य पूर्व दिशा में उगता है, क्योंकि पृथ्वी अपने अक्ष पर घूर्णन करती है।",0.8262248039245605
intfloat/multilingual-e5-base,english_gold,full_sentence,hi,wrong_subtle,sun_rise_direction__hi__wrong_subtle,sun_rise_direction,The sun rises in the east.,सूर्य उत्तर-पूर्व दिशा में उगता है।,0.8584938049316406
intfloat/multilingual-e5-base,english_gold,full_sentence,hi,wrong_hard,sun_rise_direction__hi__wrong_hard,sun_rise_direction,The sun rises in the east.,सूर्य पश्चिम दिशा में उगता है।,0.8670192956924438
intfloat/multilingual-e5-base,english_gold,full_sentence,hinglish,correct,sun_rise_direction__hinglish,sun_rise_direction,The sun rises in the east.,"Suraj purvi disha mein ugta hai, kyunki dharti apni dhur par ghuma kar subah ki taraf hoti hai.",0.7623206377029419
intfloat/multilingual-e5-base,english_gold,full_sentence,hinglish,wrong_subtle,sun_rise_direction__hinglish__wrong_subtle,sun_rise_direction,The sun rises in the east.,Suraj uttar-purab disha mein ugta hai.,0.7987948656082153
intfloat/multilingual-e5-base,english_gold,full_sentence,hinglish,wrong_hard,sun_rise_direction__hinglish__wrong_hard,sun_rise_direction,The sun rises in the east.,Suraj paschim disha mein ugta hai.,0.8060015439987183
intfloat/multilingual-e5-base,english_gold,full_sentence,en,correct,days_in_leap_year__en,days_in_leap_year,A leap year has 366 days.,"A leap year has 366 days, because an extra day (February 29) is added to keep the calendar in sync with the Earth’s orbit.",0.8820247054100037
intfloat/multilingual-e5-base,english_gold,full_sentence,en,wrong_subtle,days_in_leap_year__en__wrong_subtle,days_in_leap_year,A leap year has 366 days.,A leap year has 365 days.,0.8765919208526611
intfloat/multilingual-e5-base,english_gold,full_sentence,en,wrong_hard,days_in_leap_year__en__wrong_hard,days_in_leap_year,A leap year has 366 days.,A leap year has 400 days.,0.8453187346458435
intfloat/multilingual-e5-base,english_gold,full_sentence,hi,correct,days_in_leap_year__hi,days_in_leap_year,A leap year has 366 days.,एक लीप वर्ष में 366 दिन होते हैं। यह इसलिए होता है क्योंकि फरवरी में 29 दिन होते हैं।,0.8806519508361816
intfloat/multilingual-e5-base,english_gold,full_sentence,hi,wrong_subtle,days_in_leap_year__hi__wrong_subtle,days_in_leap_year,A leap year has 366 days.,एक लीप वर्ष में 365 दिन होते हैं।,0.8976505994796753
intfloat/multilingual-e5-base,english_gold,full_sentence,hi,wrong_hard,days_in_leap_year__hi__wrong_hard,days_in_leap_year,A leap year has 366 days.,एक लीप वर्ष में 400 दिन होते हैं।,0.8579930067062378
intfloat/multilingual-e5-base,english_gold,full_sentence,hinglish,correct,days_in_leap_year__hinglish,days_in_leap_year,A leap year has 366 days.,"Leap year mein 366 din hote hain, kyunki February mein 29 din hote hain.",0.8801203966140747
intfloat/multilingual-e5-base,english_gold,full_sentence,hinglish,wrong_subtle,days_in_leap_year__hinglish__wrong_subtle,days_in_leap_year,A leap year has 366 days.,Ek leap year mein 365 din hote hain.,0.8912003040313721
intfloat/multilingual-e5-base,english_gold,full_sentence,hinglish,wrong_hard,days_in_leap_year__hinglish__wrong_hard,days_in_leap_year,A leap year has 366 days.,Ek leap year mein 400 din hote hain.,0.8432935476303101
intfloat/multilingual-e5-base,english_gold,full_sentence,en,correct,father_of_nation_india__en,father_of_nation_india,Mahatma Gandhi is known as the Father of the Nation in India.,"Mahatma Gandhi is called the “Father of the Nation” in India, for leading the country’s non‑violent struggle for independence from British rule.",0.8811413049697876
intfloat/multilingual-e5-base,english_gold,full_sentence,en,wrong_subtle,father_of_nation_india__en__wrong_subtle,father_of_nation_india,Mahatma Gandhi is known as the Father of the Nation in India.,Mahatma Gandhi is known as the Netaji of India.,0.8146079778671265
intfloat/multilingual-e5-base,english_gold,full_sentence,en,wrong_hard,father_of_nation_india__en__wrong_hard,father_of_nation_india,Mahatma Gandhi is known as the Father of the Nation in India.,Jawaharlal Nehru is known as the Father of the Nation in India.,0.8187422156333923
intfloat/multilingual-e5-base,english_gold,full_sentence,hi,wrong_subtle,father_of_nation_india__hi__wrong_subtle,father_of_nation_india,Mahatma Gandhi is known as the Father of the Nation in India.,महात्मा गांधी को भारत का नेताजी कहा जाता है।,0.8621605634689331
intfloat/multilingual-e5-base,english_gold,full_sentence,hi,wrong_hard,father_of_nation_india__hi__wrong_hard,father_of_nation_india,Mahatma Gandhi is known as the Father of the Nation in India.,भारत में जवाहरलाल नेहरू को राष्ट्रपिता के रूप में जाना जाता है।,0.8660836219787598
intfloat/multilingual-e5-base,english_gold,full_sentence,hinglish,correct,father_of_nation_india__hinglish,father_of_nation_india,Mahatma Gandhi is known as the Father of the Nation in India.,Mahatma Gandhi ko Bharat ka rashtrapita mana jata hai. Unhone ahimsa aur satyagraha se desh ki azadi ki ladai ladhi.,0.8476150035858154
intfloat/multilingual-e5-base,english_gold,full_sentence,hinglish,wrong_subtle,father_of_nation_india__hinglish__wrong_subtle,father_of_nation_india,Mahatma Gandhi is known as the Father of the Nation in India.,Mahatma Gandhi ko Bharat ka Netaji kaha jata hai.,0.8866041898727417
intfloat/multilingual-e5-base,english_gold,full_sentence,hinglish,wrong_hard,father_of_nation_india__hinglish__wrong_hard,father_of_nation_india,Mahatma Gandhi is known as the Father of the Nation in India.,Bharat mein Jawaharlal Nehru ko rashtrapita ke roop mein jana jata hai.,0.8205652832984924
intfloat/multilingual-e5-base,english_gold,full_sentence,en,correct,boiling_point_water_c__en,boiling_point_water_c,Water boils at 100 degrees Celsius at sea level.,Water boils at 100 °C at sea level (standard atmospheric pressure of 1 atm).,0.887993574142456
intfloat/multilingual-e5-base,english_gold,full_sentence,en,wrong_subtle,boiling_point_water_c__en__wrong_subtle,boiling_point_water_c,Water boils at 100 degrees Celsius at sea level.,Water boils at 0 degrees Celsius at sea level.,0.8698606491088867
intfloat/multilingual-e5-base,english_gold,full_sentence,en,wrong_hard,boiling_point_water_c__en__wrong_hard,boiling_point_water_c,Water boils at 100 degrees Celsius at sea level.,Water boils at 50 degrees Celsius at sea level.,0.8687120676040649
intfloat/multilingual-e5-base,english_gold,full_sentence,hi,correct,boiling_point_water_c__hi,boiling_point_water_c,Water boils at 100 degrees Celsius at sea level.,समुद्र तल पर पानी 100 डिग्री सेल्सियस पर उबलता है। यह मान मानक वायुमंडलीय दबाव (1 atm) पर लागू होता है।,0.8900530338287354
intfloat/multilingual-e5-base,english_gold,full_sentence,hi,wrong_subtle,boiling_point_water_c__hi__wrong_subtle,boiling_point_water_c,Water boils at 100 degrees Celsius at sea level.,समुद्र तल पर पानी 0 डिग्री सेल्सियस पर उबलता है।,0.8858282566070557
intfloat/multilingual-e5-base,english_gold,full_sentence,hi,wrong_hard,boiling_point_water_c__hi__wrong_hard,boiling_point_water_c,Water boils at 100 degrees Celsius at sea level.,समुद्र तल पर पानी 50 डिग्री सेल्सियस पर उबलता है।,0.8795305490493774
intfloat/multilingual-e5-base,english_gold,full_sentence,hinglish,correct,boiling_point_water_c__hinglish,boiling_point_water_c,Water boils at 100 degrees Celsius at sea level.,"Pani samudra tal par 100 °C par ubalta hai, kyunki yeh standard atmospheric pressure (1 atm) par hota hai.",0.8574070334434509
intfloat/multilingual-e5-base,english_gold,full_sentence,hinglish,wrong_subtle,boiling_point_water_c__hinglish__wrong_subtle,boiling_point_water_c,Water boils at 100 degrees Celsius at sea level.,Samudra tal par pani 0 degree Celsius par ubalta hai.,0.864870011806488
intfloat/multilingual-e5-base,english_gold,full_sentence,hinglish,wrong_hard,boiling_point_water_c__hinglish__wrong_hard,boiling_point_water_c,Water boils at 100 degrees Celsius at sea level.,Samudra tal par pani 50 degree Celsius par ubalta hai.,0.8637083768844604
intfloat/multilingual-e5-base,same_language_gold,short,en,correct,capital_maharashtra__en,capital_maharashtra,Mumbai,"Mumbai is the capital of Maharashtra, the most populous state in India.",0.8087928295135498
intfloat/multilingual-e5-base,same_language_gold,short,en,wrong_subtle,capital_maharashtra__en__wrong_subtle,capital_maharashtra,Mumbai,Mumbai is the capital of India.,0.8179526925086975
intfloat/multilingual-e5-base,same_language_gold,short,en,wrong_hard,capital_maharashtra__en__wrong_hard,capital_maharashtra,Mumbai,The capital of Maharashtra is Chennai.,0.7636308670043945
intfloat/multilingual-e5-base,same_language_gold,short,hi,correct,capital_maharashtra__hi,capital_maharashtra,मुंबई,"महाराष्ट्र की राजधानी मुंबई है, जो भारत का एक प्रमुख आर्थिक केंद्र है।",0.8258770704269409
intfloat/multilingual-e5-base,same_language_gold,short,hi,wrong_subtle,capital_maharashtra__hi__wrong_subtle,capital_maharashtra,मुंबई,मुंबई भारत की राजधानी है।,0.8474032878875732
intfloat/multilingual-e5-base,same_language_gold,short,hi,wrong_hard,capital_maharashtra__hi__wrong_hard,capital_maharashtra,मुंबई,महाराष्ट्र की राजधानी चेन्नई है।,0.8067567944526672
intfloat/multilingual-e5-base,same_language_gold,short,hinglish,correct,capital_maharashtra__hinglish,capital_maharashtra,Mumbai,Maharashtra ki rajdhani Mumbai hai. Ye India ka financial capital bhi hai.,0.8309024572372437
intfloat/multilingual-e5-base,same_language_gold,short,hinglish,wrong_subtle,capital_maharashtra__hinglish__wrong_subtle,capital_maharashtra,Mumbai,Mumbai Bharat ki rajdhani hai.,0.84026700258255
intfloat/multilingual-e5-base,same_language_gold,short,hinglish,wrong_hard,capital_maharashtra__hinglish__wrong_hard,capital_maharashtra,Mumbai,Maharashtra ki rajdhani Chennai hai.,0.8215956687927246
intfloat/multilingual-e5-base,same_language_gold,short,en,correct,planets_count__en,planets_count,Eight,"There are eight planets in our solar system—Mercury, Venus, Earth, Mars, Jupiter, Saturn, Uranus, and Neptune. Pluto was reclassified as a dwarf planet in 2006, so it is no longer counted among the main planets.",0.8119062781333923
intfloat/multilingual-e5-base,same_language_gold,short,en,wrong_subtle,planets_count__en__wrong_subtle,planets_count,Eight,"There are nine planets in our solar system, including Pluto.",0.7632715106010437
intfloat/multilingual-e5-base,same_language_gold,short,en,wrong_hard,planets_count__en__wrong_hard,planets_count,Eight,There are twelve planets in our solar system.,0.7510157823562622
intfloat/multilingual-e5-base,same_language_gold,short,hi,correct,planets_count__hi,planets_count,आठ,"हमारे सौर मंडल में 8 ग्रह हैं: बुध, शुक्र, पृथ्वी, मंगल, बृहस्पति, शनि, यूरेनस और नेपच्यून। 2006 में प्लूटो को बौना ग्रह घोषित कर दिया गया, इसलिए अब इसे मुख्य ग्रहों में नहीं गिना जाता।",0.807127833366394
intfloat/multilingual-e5-base,same_language_gold,short,hi,wrong_subtle,planets_count__hi__wrong_subtle,planets_count,आठ,"हमारे सौर मंडल में नौ ग्रह हैं, जिसमें प्लूटो भी शामिल है।",0.7761067748069763
intfloat/multilingual-e5-base,same_language_gold,short,hi,wrong_hard,planets_count__hi__wrong_hard,planets_count,आठ,हमारे सौर मंडल में बारह ग्रह हैं।,0.7804594039916992
intfloat/multilingual-e5-base,same_language_gold,short,hinglish,correct,planets_count__hinglish,planets_count,Aath,Hamare Saur Mandal mein 8 grah hain. 2015 se Pluto ko dwarf planet gina jata hai.,0.7868636250495911
intfloat/multilingual-e5-base,same_language_gold,short,hinglish,wrong_subtle,planets_count__hinglish__wrong_subtle,planets_count,Aath,"Hamare saur mandal mein nau grah hain, jismein Pluto bhi shamil hai.",0.7890163064002991
intfloat/multilingual-e5-base,same_language_gold,short,hinglish,wrong_hard,planets_count__hinglish__wrong_hard,planets_count,Aath,Hamare saur mandal mein barah grah hain.,0.792212963104248
intfloat/multilingual-e5-base,same_language_gold,short,en,correct,freedom_year__en,freedom_year,1947,"India gained independence in 1947, ending nearly 200 years of British colonial rule.",0.7938442230224609
intfloat/multilingual-e5-base,same_language_gold,short,en,wrong_subtle,freedom_year__en__wrong_subtle,freedom_year,1947,India gained independence in 1948.,0.7847419381141663
intfloat/multilingual-e5-base,same_language_gold,short,en,wrong_hard,freedom_year__en__wrong_hard,freedom_year,1947,India gained independence in 1857.,0.7444930076599121
intfloat/multilingual-e5-base,same_language_gold,short,hi,correct,freedom_year__hi,freedom_year,१९४७,"भारत को 1947 में स्वतंत्रता मिली, 15 अगस्त को आज़ादी का दिन मनाया जाता है।",0.77223140001297
intfloat/multilingual-e5-base,same_language_gold,short,hi,wrong_subtle,freedom_year__hi__wrong_subtle,freedom_year,१९४७,भारत को 1948 में स्वतंत्रता मिली।,0.7969580888748169
intfloat/multilingual-e5-base,same_language_gold,short,hi,wrong_hard,freedom_year__hi__wrong_hard,freedom_year,१९४७,भारत को 1857 में स्वतंत्रता मिली।,0.7650465965270996
intfloat/multilingual-e5-base,same_language_gold,short,hinglish,correct,freedom_year__hinglish,freedom_year,1947,"Bharat ko 1947 mein aazadi mili, 15 August ko. Yeh din aaj bhi Independence Day ke roop mein manaya jata hai.",0.8303025960922241
intfloat/multilingual-e5-base,same_language_gold,short,hinglish,wrong_subtle,freedom_year__hinglish__wrong_subtle,freedom_year,1947,Bharat ko 1948 mein aazadi mili.,0.8315924406051636
intfloat/multilingual-e5-base,same_language_gold,short,hinglish,wrong_hard,freedom_year__hinglish__wrong_hard,freedom_year,1947,Bharat ko 1857 mein aazadi mili.,0.8034070730209351
intfloat/multilingual-e5-base,same_language_gold,short,en,correct,water_formula__en,water_formula,H2O,"The chemical formula of water is **H₂O**, indicating that each molecule contains two hydrogen atoms bonded to one oxygen atom.",0.8662716150283813
intfloat/multilingual-e5-base,same_language_gold,short,en,wrong_subtle,water_formula__en__wrong_subtle,water_formula,H2O,The chemical formula of water is H2O2.,0.860776424407959
intfloat/multilingual-e5-base,same_language_gold,short,en,wrong_hard,water_formula__en__wrong_hard,water_formula,H2O,The chemical formula of water is CO2.,0.8393875956535339
intfloat/multilingual-e5-base,same_language_gold,short,hi,correct,water_formula__hi,water_formula,H2O,"पानी का रासायनिक सूत्र **H₂O** है, अर्थात् दो हाइड्रोजन और एक ऑक्सीजन परमाणु से बना होता है.",0.8595880270004272
intfloat/multilingual-e5-base,same_language_gold,short,hi,wrong_subtle,water_formula__hi__wrong_subtle,water_formula,H2O,पानी का रासायनिक सूत्र H2O2 है।,0.8670085072517395
intfloat/multilingual-e5-base,same_language_gold,short,hi,wrong_hard,water_formula__hi__wrong_hard,water_formula,H2O,पानी का रासायनिक सूत्र CO2 है।,0.8405643701553345
intfloat/multilingual-e5-base,same_language_gold,short,hinglish,correct,water_formula__hinglish,water_formula,H2O,Pani ka rasayanik sutra H₂O hai. Isme do hydrogen atoms aur ek oxygen atom hota hai.,0.8592370748519897
intfloat/multilingual-e5-base,same_language_gold,short,hinglish,wrong_subtle,water_formula__hinglish__wrong_subtle,water_formula,H2O,Pani ka rasayanik sutra H2O2 hai.,0.8432115316390991
intfloat/multilingual-e5-base,same_language_gold,short,hinglish,wrong_hard,water_formula__hinglish__wrong_hard,water_formula,H2O,Pani ka rasayanik sutra CO2 hai.,0.8138595819473267
intfloat/multilingual-e5-base,same_language_gold,short,en,correct,national_animal_india__en,national_animal_india,Bengal tiger,"The national animal of India is the Bengal tiger, chosen for its strength, beauty, and cultural significance.",0.8335899114608765
intfloat/multilingual-e5-base,same_language_gold,short,en,wrong_subtle,national_animal_india__en__wrong_subtle,national_animal_india,Bengal tiger,The national animal of India is the Siberian tiger.,0.7996675968170166
intfloat/multilingual-e5-base,same_language_gold,short,en,wrong_hard,national_animal_india__en__wrong_hard,national_animal_india,Bengal tiger,The national animal of India is the lion.,0.7683473825454712
intfloat/multilingual-e5-base,same_language_gold,short,hi,correct,national_animal_india__hi,national_animal_india,बंगाल टाइगर,"भारत का राष्ट्रीय पशु हाथी है, जिसे 1972 में राष्ट्रीय पशु घोषित किया गया था।",0.8004980683326721
intfloat/multilingual-e5-base,same_language_gold,short,hi,wrong_subtle,national_animal_india__hi__wrong_subtle,national_animal_india,बंगाल टाइगर,भारत का राष्ट्रीय पशु साइबेरियाई टाइगर है।,0.8524854183197021
intfloat/multilingual-e5-base,same_language_gold,short,hi,wrong_hard,national_animal_india__hi__wrong_hard,national_animal_india,बंगाल टाइगर,भारत का राष्ट्रीय पशु शेर है।,0.828787088394165
intfloat/multilingual-e5-base,same_language_gold,short,hinglish,correct,national_animal_india__hinglish,national_animal_india,Bengal tiger,Bharat ka rashtriya pashu bhains (water buffalo) hai. Ye pashu desh ki arthavyavastha aur parampara mein bahut mahatvapurn hai.,0.7891929149627686
intfloat/multilingual-e5-base,same_language_gold,short,hinglish,wrong_subtle,national_animal_india__hinglish__wrong_subtle,national_animal_india,Bengal tiger,Bharat ka rashtriya pashu Siberian tiger hai.,0.8595242500305176
intfloat/multilingual-e5-base,same_language_gold,short,hinglish,wrong_hard,national_animal_india__hinglish__wrong_hard,national_animal_india,Bengal tiger,Bharat ka rashtriya pashu sher hai.,0.8161811828613281
intfloat/multilingual-e5-base,same_language_gold,short,en,correct,largest_ocean__en,largest_ocean,Pacific Ocean,"The Pacific Ocean is the largest ocean on Earth, covering about 63 million square miles (163 million km²). It stretches from the Arctic in the north to the Antarctic in the south, larger than all the Earth's landmasses combined.",0.8545311689376831
intfloat/multilingual-e5-base,same_language_gold,short,en,wrong_subtle,largest_ocean__en__wrong_subtle,largest_ocean,Pacific Ocean,The Pacific Ocean is the smallest ocean on Earth.,0.8384913206100464
intfloat/multilingual-e5-base,same_language_gold,short,en,wrong_hard,largest_ocean__en__wrong_hard,largest_ocean,Pacific Ocean,The largest ocean on Earth is the Atlantic Ocean.,0.8080040812492371
intfloat/multilingual-e5-base,same_language_gold,short,hi,correct,largest_ocean__hi,largest_ocean,प्रशांत महासागर,"पैसिफिक महासागर पृथ्वी का सबसे बड़ा महासागर है, जो लगभग 46.6 मिलियन वर्ग मील क्षेत्रफल को कवर करता है।",0.8388389348983765
intfloat/multilingual-e5-base,same_language_gold,short,hi,wrong_subtle,largest_ocean__hi__wrong_subtle,largest_ocean,प्रशांत महासागर,प्रशांत महासागर पृथ्वी का सबसे छोटा महासागर है।,0.8558657765388489
intfloat/multilingual-e5-base,same_language_gold,short,hi,wrong_hard,largest_ocean__hi__wrong_hard,largest_ocean,प्रशांत महासागर,पृथ्वी का सबसे बड़ा महासागर अटलांटिक महासागर है।,0.845416784286499
intfloat/multilingual-e5-base,same_language_gold,short,hinglish,correct,largest_ocean__hinglish,largest_ocean,Prashant Mahasagar,Sabse bada mahasagar Pacific Ocean hai. Yeh dharti ke 46% surface area ko cover karta hai.,0.8154691457748413
intfloat/multilingual-e5-base,same_language_gold,short,hinglish,wrong_subtle,largest_ocean__hinglish__wrong_subtle,largest_ocean,Prashant Mahasagar,Prashant Mahasagar Prithvi ka sabse chhota mahasagar hai.,0.8594525456428528
intfloat/multilingual-e5-base,same_language_gold,short,hinglish,wrong_hard,largest_ocean__hinglish__wrong_hard,largest_ocean,Prashant Mahasagar,Prithvi ka sabse bada mahasagar Atlantic Mahasagar hai.,0.8071158528327942
intfloat/multilingual-e5-base,same_language_gold,short,en,correct,sun_rise_direction__en,sun_rise_direction,East,"The sun rises in the east, because Earth rotates from west to east, making the sun appear to move across the eastern horizon.",0.8218215703964233
intfloat/multilingual-e5-base,same_language_gold,short,en,wrong_subtle,sun_rise_direction__en__wrong_subtle,sun_rise_direction,East,The sun rises in the north-east.,0.7860904932022095
intfloat/multilingual-e5-base,same_language_gold,short,en,wrong_hard,sun_rise_direction__en__wrong_hard,sun_rise_direction,East,The sun rises in the west.,0.7672241926193237
intfloat/multilingual-e5-base,same_language_gold,short,hi,correct,sun_rise_direction__hi,sun_rise_direction,पूर्व,"सूर्य पूर्व दिशा में उगता है, क्योंकि पृथ्वी अपने अक्ष पर घूर्णन करती है।",0.797362208366394
intfloat/multilingual-e5-base,same_language_gold,short,hi,wrong_subtle,sun_rise_direction__hi__wrong_subtle,sun_rise_direction,पूर्व,सूर्य उत्तर-पूर्व दिशा में उगता है।,0.8202149271965027
intfloat/multilingual-e5-base,same_language_gold,short,hi,wrong_hard,sun_rise_direction__hi__wrong_hard,sun_rise_direction,पूर्व,सूर्य पश्चिम दिशा में उगता है।,0.8040735721588135
intfloat/multilingual-e5-base,same_language_gold,short,hinglish,correct,sun_rise_direction__hinglish,sun_rise_direction,Purab,"Suraj purvi disha mein ugta hai, kyunki dharti apni dhur par ghuma kar subah ki taraf hoti hai.",0.7827091813087463
intfloat/multilingual-e5-base,same_language_gold,short,hinglish,wrong_subtle,sun_rise_direction__hinglish__wrong_subtle,sun_rise_direction,Purab,Suraj uttar-purab disha mein ugta hai.,0.7933676838874817
intfloat/multilingual-e5-base,same_language_gold,short,hinglish,wrong_hard,sun_rise_direction__hinglish__wrong_hard,sun_rise_direction,Purab,Suraj paschim disha mein ugta hai.,0.7804744243621826
intfloat/multilingual-e5-base,same_language_gold,short,en,correct,days_in_leap_year__en,days_in_leap_year,366,"A leap year has 366 days, because an extra day (February 29) is added to keep the calendar in sync with the Earth’s orbit.",0.8264257907867432
intfloat/multilingual-e5-base,same_language_gold,short,en,wrong_subtle,days_in_leap_year__en__wrong_subtle,days_in_leap_year,366,A leap year has 365 days.,0.8043605089187622
intfloat/multilingual-e5-base,same_language_gold,short,en,wrong_hard,days_in_leap_year__en__wrong_hard,days_in_leap_year,366,A leap year has 400 days.,0.7772035598754883
intfloat/multilingual-e5-base,same_language_gold,short,hi,correct,days_in_leap_year__hi,days_in_leap_year,३६६,एक लीप वर्ष में 366 दिन होते हैं। यह इसलिए होता है क्योंकि फरवरी में 29 दिन होते हैं।,0.786506175994873
intfloat/multilingual-e5-base,same_language_gold,short,hi,wrong_subtle,days_in_leap_year__hi__wrong_subtle,days_in_leap_year,३६६,एक लीप वर्ष में 365 दिन होते हैं।,0.7877593636512756
intfloat/multilingual-e5-base,same_language_gold,short,hi,wrong_hard,days_in_leap_year__hi__wrong_hard,days_in_leap_year,३६६,एक लीप वर्ष में 400 दिन होते हैं।,0.7558119893074036
intfloat/multilingual-e5-base,same_language_gold,short,hinglish,correct,days_in_leap_year__hinglish,days_in_leap_year,366,"Leap year mein 366 din hote hain, kyunki February mein 29 din hote hain.",0.8401200175285339
intfloat/multilingual-e5-base,same_language_gold,short,hinglish,wrong_subtle,days_in_leap_year__hinglish__wrong_subtle,days_in_leap_year,366,Ek leap year mein 365 din hote hain.,0.8469024896621704
intfloat/multilingual-e5-base,same_language_gold,short,hinglish,wrong_hard,days_in_leap_year__hinglish__wrong_hard,days_in_leap_year,366,Ek leap year mein 400 din hote hain.,0.8072513341903687
intfloat/multilingual-e5-base,same_language_gold,short,en,correct,father_of_nation_india__en,father_of_nation_india,Mahatma Gandhi,"Mahatma Gandhi is called the “Father of the Nation” in India, for leading the country’s non‑violent struggle for independence from British rule.",0.8211909532546997
intfloat/multilingual-e5-base,same_language_gold,short,en,wrong_subtle,father_of_nation_india__en__wrong_subtle,father_of_nation_india,Mahatma Gandhi,Mahatma Gandhi is known as the Netaji of India.,0.7828917503356934
intfloat/multilingual-e5-base,same_language_gold,short,en,wrong_hard,father_of_nation_india__en__wrong_hard,father_of_nation_india,Mahatma Gandhi,Jawaharlal Nehru is known as the Father of the Nation in India.,0.7326925992965698
intfloat/multilingual-e5-base,same_language_gold,short,hi,wrong_subtle,father_of_nation_india__hi__wrong_subtle,father_of_nation_india,महात्मा गांधी,महात्मा गांधी को भारत का नेताजी कहा जाता है।,0.8204463720321655
intfloat/multilingual-e5-base,same_language_gold,short,hi,wrong_hard,father_of_nation_india__hi__wrong_hard,father_of_nation_india,महात्मा गांधी,भारत में जवाहरलाल नेहरू को राष्ट्रपिता के रूप में जाना जाता है।,0.7805768251419067
intfloat/multilingual-e5-base,same_language_gold,short,hinglish,correct,father_of_nation_india__hinglish,father_of_nation_india,Mahatma Gandhi,Mahatma Gandhi ko Bharat ka rashtrapita mana jata hai. Unhone ahimsa aur satyagraha se desh ki azadi ki ladai ladhi.,0.8420360088348389
intfloat/multilingual-e5-base,same_language_gold,short,hinglish,wrong_subtle,father_of_nation_india__hinglish__wrong_subtle,father_of_nation_india,Mahatma Gandhi,Mahatma Gandhi ko Bharat ka Netaji kaha jata hai.,0.8305996656417847
intfloat/multilingual-e5-base,same_language_gold,short,hinglish,wrong_hard,father_of_nation_india__hinglish__wrong_hard,father_of_nation_india,Mahatma Gandhi,Bharat mein Jawaharlal Nehru ko rashtrapita ke roop mein jana jata hai.,0.7823238968849182
intfloat/multilingual-e5-base,same_language_gold,short,en,correct,boiling_point_water_c__en,boiling_point_water_c,100 degrees Celsius,Water boils at 100 °C at sea level (standard atmospheric pressure of 1 atm).,0.8378074169158936
intfloat/multilingual-e5-base,same_language_gold,short,en,wrong_subtle,boiling_point_water_c__en__wrong_subtle,boiling_point_water_c,100 degrees Celsius,Water boils at 0 degrees Celsius at sea level.,0.7994848489761353
intfloat/multilingual-e5-base,same_language_gold,short,en,wrong_hard,boiling_point_water_c__en__wrong_hard,boiling_point_water_c,100 degrees Celsius,Water boils at 50 degrees Celsius at sea level.,0.8037372827529907
intfloat/multilingual-e5-base,same_language_gold,short,hi,correct,boiling_point_water_c__hi,boiling_point_water_c,१०० डिग्री सेल्सियस,समुद्र तल पर पानी 100 डिग्री सेल्सियस पर उबलता है। यह मान मानक वायुमंडलीय दबाव (1 atm) पर लागू होता है।,0.8642096519470215
intfloat/multilingual-e5-base,same_language_gold,short,hi,wrong_subtle,boiling_point_water_c__hi__wrong_subtle,boiling_point_water_c,१०० डिग्री सेल्सियस,समुद्र तल पर पानी 0 डिग्री सेल्सियस पर उबलता है।,0.8263974785804749
intfloat/multilingual-e5-base,same_language_gold,short,hi,wrong_hard,boiling_point_water_c__hi__wrong_hard,boiling_point_water_c,१०० डिग्री सेल्सियस,समुद्र तल पर पानी 50 डिग्री सेल्सियस पर उबलता है।,0.8314629793167114
intfloat/multilingual-e5-base,same_language_gold,short,hinglish,correct,boiling_point_water_c__hinglish,boiling_point_water_c,100 degree Celsius,"Pani samudra tal par 100 °C par ubalta hai, kyunki yeh standard atmospheric pressure (1 atm) par hota hai.",0.8547817468643188
intfloat/multilingual-e5-base,same_language_gold,short,hinglish,wrong_subtle,boiling_point_water_c__hinglish__wrong_subtle,boiling_point_water_c,100 degree Celsius,Samudra tal par pani 0 degree Celsius par ubalta hai.,0.8477697372436523
intfloat/multilingual-e5-base,same_language_gold,short,hinglish,wrong_hard,boiling_point_water_c__hinglish__wrong_hard,boiling_point_water_c,100 degree Celsius,Samudra tal par pani 50 degree Celsius par ubalta hai.,0.8465464115142822
intfloat/multilingual-e5-base,same_language_gold,full_sentence,en,correct,capital_maharashtra__en,capital_maharashtra,The capital of Maharashtra is Mumbai.,"Mumbai is the capital of Maharashtra, the most populous state in India.",0.8400335311889648
intfloat/multilingual-e5-base,same_language_gold,full_sentence,en,wrong_subtle,capital_maharashtra__en__wrong_subtle,capital_maharashtra,The capital of Maharashtra is Mumbai.,Mumbai is the capital of India.,0.8209860324859619
intfloat/multilingual-e5-base,same_language_gold,full_sentence,en,wrong_hard,capital_maharashtra__en__wrong_hard,capital_maharashtra,The capital of Maharashtra is Mumbai.,The capital of Maharashtra is Chennai.,0.8200380802154541
intfloat/multilingual-e5-base,same_language_gold,full_sentence,hi,correct,capital_maharashtra__hi,capital_maharashtra,महाराष्ट्र की राजधानी मुंबई है।,"महाराष्ट्र की राजधानी मुंबई है, जो भारत का एक प्रमुख आर्थिक केंद्र है।",0.9207392334938049
intfloat/multilingual-e5-base,same_language_gold,full_sentence,hi,wrong_subtle,capital_maharashtra__hi__wrong_subtle,capital_maharashtra,महाराष्ट्र की राजधानी मुंबई है।,मुंबई भारत की राजधानी है।,0.9082604646682739
intfloat/multilingual-e5-base,same_language_gold,full_sentence,hi,wrong_hard,capital_maharashtra__hi__wrong_hard,capital_maharashtra,महाराष्ट्र की राजधानी मुंबई है।,महाराष्ट्र की राजधानी चेन्नई है।,0.9065658450126648
intfloat/multilingual-e5-base,same_language_gold,full_sentence,hinglish,correct,capital_maharashtra__hinglish,capital_maharashtra,Maharashtra ki rajdhani Mumbai hai.,Maharashtra ki rajdhani Mumbai hai. Ye India ka financial capital bhi hai.,0.8996680974960327
intfloat/multilingual-e5-base,same_language_gold,full_sentence,hinglish,wrong_subtle,capital_maharashtra__hinglish__wrong_subtle,capital_maharashtra,Maharashtra ki rajdhani Mumbai hai.,Mumbai Bharat ki rajdhani hai.,0.9270753860473633
intfloat/multilingual-e5-base,same_language_gold,full_sentence,hinglish,wrong_hard,capital_maharashtra__hinglish__wrong_hard,capital_maharashtra,Maharashtra ki rajdhani Mumbai hai.,Maharashtra ki rajdhani Chennai hai.,0.9149657487869263
intfloat/multilingual-e5-base,same_language_gold,full_sentence,en,correct,planets_count__en,planets_count,There are eight planets in our solar system.,"There are eight planets in our solar system—Mercury, Venus, Earth, Mars, Jupiter, Saturn, Uranus, and Neptune. Pluto was reclassified as a dwarf planet in 2006, so it is no longer counted among the main planets.",0.8837873339653015
intfloat/multilingual-e5-base,same_language_gold,full_sentence,en,wrong_subtle,planets_count__en__wrong_subtle,planets_count,There are eight planets in our solar system.,"There are nine planets in our solar system, including Pluto.",0.8563765287399292
intfloat/multilingual-e5-base,same_language_gold,full_sentence,en,wrong_hard,planets_count__en__wrong_hard,planets_count,There are eight planets in our solar system.,There are twelve planets in our solar system.,0.8548650145530701
intfloat/multilingual-e5-base,same_language_gold,full_sentence,hi,correct,planets_count__hi,planets_count,हमारे सौर मंडल में आठ ग्रह हैं।,"हमारे सौर मंडल में 8 ग्रह हैं: बुध, शुक्र, पृथ्वी, मंगल, बृहस्पति, शनि, यूरेनस और नेपच्यून। 2006 में प्लूटो को बौना ग्रह घोषित कर दिया गया, इसलिए अब इसे मुख्य ग्रहों में नहीं गिना जाता।",0.8938227891921997
intfloat/multilingual-e5-base,same_language_gold,full_sentence,hi,wrong_subtle,planets_count__hi__wrong_subtle,planets_count,हमारे सौर मंडल में आठ ग्रह हैं।,"हमारे सौर मंडल में नौ ग्रह हैं, जिसमें प्लूटो भी शामिल है।",0.8800291419029236
intfloat/multilingual-e5-base,same_language_gold,full_sentence,hi,wrong_hard,planets_count__hi__wrong_hard,planets_count,हमारे सौर मंडल में आठ ग्रह हैं।,हमारे सौर मंडल में बारह ग्रह हैं।,0.8944811820983887
intfloat/multilingual-e5-base,same_language_gold,full_sentence,hinglish,correct,planets_count__hinglish,planets_count,Hamare saur mandal mein aath grah hain.,Hamare Saur Mandal mein 8 grah hain. 2015 se Pluto ko dwarf planet gina jata hai.,0.8400161862373352
intfloat/multilingual-e5-base,same_language_gold,full_sentence,hinglish,wrong_subtle,planets_count__hinglish__wrong_subtle,planets_count,Hamare saur mandal mein aath grah hain.,"Hamare saur mandal mein nau grah hain, jismein Pluto bhi shamil hai.",0.8443053960800171
intfloat/multilingual-e5-base,same_language_gold,full_sentence,hinglish,wrong_hard,planets_count__hinglish__wrong_hard,planets_count,Hamare saur mandal mein aath grah hain.,Hamare saur mandal mein barah grah hain.,0.8765480518341064
intfloat/multilingual-e5-base,same_language_gold,full_sentence,en,correct,freedom_year__en,freedom_year,India gained independence in 1947.,"India gained independence in 1947, ending nearly 200 years of British colonial rule.",0.844791829586029
intfloat/multilingual-e5-base,same_language_gold,full_sentence,en,wrong_subtle,freedom_year__en__wrong_subtle,freedom_year,India gained independence in 1947.,India gained independence in 1948.,0.8455302119255066
intfloat/multilingual-e5-base,same_language_gold,full_sentence,en,wrong_hard,freedom_year__en__wrong_hard,freedom_year,India gained independence in 1947.,India gained independence in 1857.,0.8024216890335083
intfloat/multilingual-e5-base,same_language_gold,full_sentence,hi,correct,freedom_year__hi,freedom_year,भारत को 1947 में स्वतंत्रता मिली।,"भारत को 1947 में स्वतंत्रता मिली, 15 अगस्त को आज़ादी का दिन मनाया जाता है।",0.8744643330574036
intfloat/multilingual-e5-base,same_language_gold,full_sentence,hi,wrong_subtle,freedom_year__hi__wrong_subtle,freedom_year,भारत को 1947 में स्वतंत्रता मिली।,भारत को 1948 में स्वतंत्रता मिली।,0.9056538939476013
intfloat/multilingual-e5-base,same_language_gold,full_sentence,hi,wrong_hard,freedom_year__hi__wrong_hard,freedom_year,भारत को 1947 में स्वतंत्रता मिली।,भारत को 1857 में स्वतंत्रता मिली।,0.8727326393127441
intfloat/multilingual-e5-base,same_language_gold,full_sentence,hinglish,correct,freedom_year__hinglish,freedom_year,Bharat ko 1947 mein aazadi mili.,"Bharat ko 1947 mein aazadi mili, 15 August ko. Yeh din aaj bhi Independence Day ke roop mein manaya jata hai.",0.8925550580024719
intfloat/multilingual-e5-base,same_language_gold,full_sentence,hinglish,wrong_subtle,freedom_year__hinglish__wrong_subtle,freedom_year,Bharat ko 1947 mein aazadi mili.,Bharat ko 1948 mein aazadi mili.,0.9240929484367371
intfloat/multilingual-e5-base,same_language_gold,full_sentence,hinglish,wrong_hard,freedom_year__hinglish__wrong_hard,freedom_year,Bharat ko 1947 mein aazadi mili.,Bharat ko 1857 mein aazadi mili.,0.8992420434951782
intfloat/multilingual-e5-base,same_language_gold,full_sentence,en,correct,water_formula__en,water_formula,The chemical formula of water is H2O.,"The chemical formula of water is **H₂O**, indicating that each molecule contains two hydrogen atoms bonded to one oxygen atom.",0.8941181898117065
intfloat/multilingual-e5-base,same_language_gold,full_sentence,en,wrong_subtle,water_formula__en__wrong_subtle,water_formula,The chemical formula of water is H2O.,The chemical formula of water is H2O2.,0.9000129103660583
intfloat/multilingual-e5-base,same_language_gold,full_sentence,en,wrong_hard,water_formula__en__wrong_hard,water_formula,The chemical formula of water is H2O.,The chemical formula of water is CO2.,0.8741057515144348
intfloat/multilingual-e5-base,same_language_gold,full_sentence,hi,correct,water_formula__hi,water_formula,पानी का रासायनिक सूत्र H2O है।,"पानी का रासायनिक सूत्र **H₂O** है, अर्थात् दो हाइड्रोजन और एक ऑक्सीजन परमाणु से बना होता है.",0.9062658548355103
intfloat/multilingual-e5-base,same_language_gold,full_sentence,hi,wrong_subtle,water_formula__hi__wrong_subtle,water_formula,पानी का रासायनिक सूत्र H2O है।,पानी का रासायनिक सूत्र H2O2 है।,0.9402393102645874
intfloat/multilingual-e5-base,same_language_gold,full_sentence,hi,wrong_hard,water_formula__hi__wrong_hard,water_formula,पानी का रासायनिक सूत्र H2O है।,पानी का रासायनिक सूत्र CO2 है।,0.9131039381027222
intfloat/multilingual-e5-base,same_language_gold,full_sentence,hinglish,correct,water_formula__hinglish,water_formula,Pani ka rasayanik sutra H2O hai.,Pani ka rasayanik sutra H₂O hai. Isme do hydrogen atoms aur ek oxygen atom hota hai.,0.8890715837478638
intfloat/multilingual-e5-base,same_language_gold,full_sentence,hinglish,wrong_subtle,water_formula__hinglish__wrong_subtle,water_formula,Pani ka rasayanik sutra H2O hai.,Pani ka rasayanik sutra H2O2 hai.,0.9171324968338013
intfloat/multilingual-e5-base,same_language_gold,full_sentence,hinglish,wrong_hard,water_formula__hinglish__wrong_hard,water_formula,Pani ka rasayanik sutra H2O hai.,Pani ka rasayanik sutra CO2 hai.,0.884939432144165
intfloat/multilingual-e5-base,same_language_gold,full_sentence,en,correct,national_animal_india__en,national_animal_india,The national animal of India is the Bengal tiger.,"The national animal of India is the Bengal tiger, chosen for its strength, beauty, and cultural significance.",0.8825122714042664
intfloat/multilingual-e5-base,same_language_gold,full_sentence,en,wrong_subtle,national_animal_india__en__wrong_subtle,national_animal_india,The national animal of India is the Bengal tiger.,The national animal of India is the Siberian tiger.,0.8665145039558411
intfloat/multilingual-e5-base,same_language_gold,full_sentence,en,wrong_hard,national_animal_india__en__wrong_hard,national_animal_india,The national animal of India is the Bengal tiger.,The national animal of India is the lion.,0.8553241491317749
intfloat/multilingual-e5-base,same_language_gold,full_sentence,hi,correct,national_animal_india__hi,national_animal_india,भारत का राष्ट्रीय पशु बंगाल टाइगर है।,"भारत का राष्ट्रीय पशु हाथी है, जिसे 1972 में राष्ट्रीय पशु घोषित किया गया था।",0.8566830158233643
intfloat/multilingual-e5-base,same_language_gold,full_sentence,hi,wrong_subtle,national_animal_india__hi__wrong_subtle,national_animal_india,भारत का राष्ट्रीय पशु बंगाल टाइगर है।,भारत का राष्ट्रीय पशु साइबेरियाई टाइगर है।,0.9153271913528442
intfloat/multilingual-e5-base,same_language_gold,full_sentence,hi,wrong_hard,national_animal_india__hi__wrong_hard,national_animal_india,भारत का राष्ट्रीय पशु बंगाल टाइगर है।,भारत का राष्ट्रीय पशु शेर है।,0.8952993750572205
intfloat/multilingual-e5-base,same_language_gold,full_sentence,hinglish,correct,national_animal_india__hinglish,national_animal_india,Bharat ka rashtriya pashu Bengal tiger hai.,Bharat ka rashtriya pashu bhains (water buffalo) hai. Ye pashu desh ki arthavyavastha aur parampara mein bahut mahatvapurn hai.,0.8674619793891907
intfloat/multilingual-e5-base,same_language_gold,full_sentence,hinglish,wrong_subtle,national_animal_india__hinglish__wrong_subtle,national_animal_india,Bharat ka rashtriya pashu Bengal tiger hai.,Bharat ka rashtriya pashu Siberian tiger hai.,0.9201745986938477
intfloat/multilingual-e5-base,same_language_gold,full_sentence,hinglish,wrong_hard,national_animal_india__hinglish__wrong_hard,national_animal_india,Bharat ka rashtriya pashu Bengal tiger hai.,Bharat ka rashtriya pashu sher hai.,0.8840228319168091
intfloat/multilingual-e5-base,same_language_gold,full_sentence,en,correct,largest_ocean__en,largest_ocean,The largest ocean on Earth is the Pacific Ocean.,"The Pacific Ocean is the largest ocean on Earth, covering about 63 million square miles (163 million km²). It stretches from the Arctic in the north to the Antarctic in the south, larger than all the Earth's landmasses combined.",0.8919869661331177
intfloat/multilingual-e5-base,same_language_gold,full_sentence,en,wrong_subtle,largest_ocean__en__wrong_subtle,largest_ocean,The largest ocean on Earth is the Pacific Ocean.,The Pacific Ocean is the smallest ocean on Earth.,0.8535391092300415
intfloat/multilingual-e5-base,same_language_gold,full_sentence,en,wrong_hard,largest_ocean__en__wrong_hard,largest_ocean,The largest ocean on Earth is the Pacific Ocean.,The largest ocean on Earth is the Atlantic Ocean.,0.8737709522247314
intfloat/multilingual-e5-base,same_language_gold,full_sentence,hi,correct,largest_ocean__hi,largest_ocean,पृथ्वी का सबसे बड़ा महासागर प्रशांत महासागर है।,"पैसिफिक महासागर पृथ्वी का सबसे बड़ा महासागर है, जो लगभग 46.6 मिलियन वर्ग मील क्षेत्रफल को कवर करता है।",0.8916909694671631
intfloat/multilingual-e5-base,same_language_gold,full_sentence,hi,wrong_subtle,largest_ocean__hi__wrong_subtle,largest_ocean,पृथ्वी का सबसे बड़ा महासागर प्रशांत महासागर है।,प्रशांत महासागर पृथ्वी का सबसे छोटा महासागर है।,0.8946261405944824
intfloat/multilingual-e5-base,same_language_gold,full_sentence,hi,wrong_hard,largest_ocean__hi__wrong_hard,largest_ocean,पृथ्वी का सबसे बड़ा महासागर प्रशांत महासागर है।,पृथ्वी का सबसे बड़ा महासागर अटलांटिक महासागर है।,0.9123977422714233
intfloat/multilingual-e5-base,same_language_gold,full_sentence,hinglish,correct,largest_ocean__hinglish,largest_ocean,Prithvi ka sabse bada mahasagar Prashant Mahasagar hai.,Sabse bada mahasagar Pacific Ocean hai. Yeh dharti ke 46% surface area ko cover karta hai.,0.8506693243980408
intfloat/multilingual-e5-base,same_language_gold,full_sentence,hinglish,wrong_subtle,largest_ocean__hinglish__wrong_subtle,largest_ocean,Prithvi ka sabse bada mahasagar Prashant Mahasagar hai.,Prashant Mahasagar Prithvi ka sabse chhota mahasagar hai.,0.8971537351608276
intfloat/multilingual-e5-base,same_language_gold,full_sentence,hinglish,wrong_hard,largest_ocean__hinglish__wrong_hard,largest_ocean,Prithvi ka sabse bada mahasagar Prashant Mahasagar hai.,Prithvi ka sabse bada mahasagar Atlantic Mahasagar hai.,0.8644713163375854
intfloat/multilingual-e5-base,same_language_gold,full_sentence,en,correct,sun_rise_direction__en,sun_rise_direction,The sun rises in the east.,"The sun rises in the east, because Earth rotates from west to east, making the sun appear to move across the eastern horizon.",0.8838632106781006
intfloat/multilingual-e5-base,same_language_gold,full_sentence,en,wrong_subtle,sun_rise_direction__en__wrong_subtle,sun_rise_direction,The sun rises in the east.,The sun rises in the north-east.,0.8807632923126221
intfloat/multilingual-e5-base,same_language_gold,full_sentence,en,wrong_hard,sun_rise_direction__en__wrong_hard,sun_rise_direction,The sun rises in the east.,The sun rises in the west.,0.8616064190864563
intfloat/multilingual-e5-base,same_language_gold,full_sentence,hi,correct,sun_rise_direction__hi,sun_rise_direction,सूर्य पूर्व दिशा में उगता है।,"सूर्य पूर्व दिशा में उगता है, क्योंकि पृथ्वी अपने अक्ष पर घूर्णन करती है।",0.8754253387451172
intfloat/multilingual-e5-base,same_language_gold,full_sentence,hi,wrong_subtle,sun_rise_direction__hi__wrong_subtle,sun_rise_direction,सूर्य पूर्व दिशा में उगता है।,सूर्य उत्तर-पूर्व दिशा में उगता है।,0.9141464233398438
intfloat/multilingual-e5-base,same_language_gold,full_sentence,hi,wrong_hard,sun_rise_direction__hi__wrong_hard,sun_rise_direction,सूर्य पूर्व दिशा में उगता है।,सूर्य पश्चिम दिशा में उगता है।,0.903650164604187
intfloat/multilingual-e5-base,same_language_gold,full_sentence,hinglish,correct,sun_rise_direction__hinglish,sun_rise_direction,Suraj purab disha mein ugta hai.,"Suraj purvi disha mein ugta hai, kyunki dharti apni dhur par ghuma kar subah ki taraf hoti hai.",0.8252063989639282
intfloat/multilingual-e5-base,same_language_gold,full_sentence,hinglish,wrong_subtle,sun_rise_direction__hinglish__wrong_subtle,sun_rise_direction,Suraj purab disha mein ugta hai.,Suraj uttar-purab disha mein ugta hai.,0.8636113405227661
intfloat/multilingual-e5-base,same_language_gold,full_sentence,hinglish,wrong_hard,sun_rise_direction__hinglish__wrong_hard,sun_rise_direction,Suraj purab disha mein ugta hai.,Suraj paschim disha mein ugta hai.,0.8622148633003235
intfloat/multilingual-e5-base,same_language_gold,full_sentence,en,correct,days_in_leap_year__en,days_in_leap_year,A leap year has 366 days.,"A leap year has 366 days, because an extra day (February 29) is added to keep the calendar in sync with the Earth’s orbit.",0.8820247054100037
intfloat/multilingual-e5-base,same_language_gold,full_sentence,en,wrong_subtle,days_in_leap_year__en__wrong_subtle,days_in_leap_year,A leap year has 366 days.,A leap year has 365 days.,0.8765919208526611
intfloat/multilingual-e5-base,same_language_gold,full_sentence,en,wrong_hard,days_in_leap_year__en__wrong_hard,days_in_leap_year,A leap year has 366 days.,A leap year has 400 days.,0.8453187346458435
intfloat/multilingual-e5-base,same_language_gold,full_sentence,hi,correct,days_in_leap_year__hi,days_in_leap_year,एक लीप वर्ष में 366 दिन होते हैं।,एक लीप वर्ष में 366 दिन होते हैं। यह इसलिए होता है क्योंकि फरवरी में 29 दिन होते हैं।,0.909605860710144
intfloat/multilingual-e5-base,same_language_gold,full_sentence,hi,wrong_subtle,days_in_leap_year__hi__wrong_subtle,days_in_leap_year,एक लीप वर्ष में 366 दिन होते हैं।,एक लीप वर्ष में 365 दिन होते हैं।,0.9197041392326355
intfloat/multilingual-e5-base,same_language_gold,full_sentence,hi,wrong_hard,days_in_leap_year__hi__wrong_hard,days_in_leap_year,एक लीप वर्ष में 366 दिन होते हैं।,एक लीप वर्ष में 400 दिन होते हैं।,0.883774995803833
intfloat/multilingual-e5-base,same_language_gold,full_sentence,hinglish,correct,days_in_leap_year__hinglish,days_in_leap_year,Ek leap year mein 366 din hote hain.,"Leap year mein 366 din hote hain, kyunki February mein 29 din hote hain.",0.904015302658081
intfloat/multilingual-e5-base,same_language_gold,full_sentence,hinglish,wrong_subtle,days_in_leap_year__hinglish__wrong_subtle,days_in_leap_year,Ek leap year mein 366 din hote hain.,Ek leap year mein 365 din hote hain.,0.9299328923225403
intfloat/multilingual-e5-base,same_language_gold,full_sentence,hinglish,wrong_hard,days_in_leap_year__hinglish__wrong_hard,days_in_leap_year,Ek leap year mein 366 din hote hain.,Ek leap year mein 400 din hote hain.,0.8898921012878418
intfloat/multilingual-e5-base,same_language_gold,full_sentence,en,correct,father_of_nation_india__en,father_of_nation_india,Mahatma Gandhi is known as the Father of the Nation in India.,"Mahatma Gandhi is called the “Father of the Nation” in India, for leading the country’s non‑violent struggle for independence from British rule.",0.8811413049697876
intfloat/multilingual-e5-base,same_language_gold,full_sentence,en,wrong_subtle,father_of_nation_india__en__wrong_subtle,father_of_nation_india,Mahatma Gandhi is known as the Father of the Nation in India.,Mahatma Gandhi is known as the Netaji of India.,0.8146079778671265
intfloat/multilingual-e5-base,same_language_gold,full_sentence,en,wrong_hard,father_of_nation_india__en__wrong_hard,father_of_nation_india,Mahatma Gandhi is known as the Father of the Nation in India.,Jawaharlal Nehru is known as the Father of the Nation in India.,0.8187422156333923
intfloat/multilingual-e5-base,same_language_gold,full_sentence,hi,wrong_subtle,father_of_nation_india__hi__wrong_subtle,father_of_nation_india,भारत में महात्मा गांधी को राष्ट्रपिता के रूप में जाना जाता है।,महात्मा गांधी को भारत का नेताजी कहा जाता है।,0.8806415796279907
intfloat/multilingual-e5-base,same_language_gold,full_sentence,hi,wrong_hard,father_of_nation_india__hi__wrong_hard,father_of_nation_india,भारत में महात्मा गांधी को राष्ट्रपिता के रूप में जाना जाता है।,भारत में जवाहरलाल नेहरू को राष्ट्रपिता के रूप में जाना जाता है।,0.8875747919082642
intfloat/multilingual-e5-base,same_language_gold,full_sentence,hinglish,correct,father_of_nation_india__hinglish,father_of_nation_india,Bharat mein Mahatma Gandhi ko rashtrapita ke roop mein jana jata hai.,Mahatma Gandhi ko Bharat ka rashtrapita mana jata hai. Unhone ahimsa aur satyagraha se desh ki azadi ki ladai ladhi.,0.8890972137451172
intfloat/multilingual-e5-base,same_language_gold,full_sentence,hinglish,wrong_subtle,father_of_nation_india__hinglish__wrong_subtle,father_of_nation_india,Bharat mein Mahatma Gandhi ko rashtrapita ke roop mein jana jata hai.,Mahatma Gandhi ko Bharat ka Netaji kaha jata hai.,0.8685383200645447
intfloat/multilingual-e5-base,same_language_gold,full_sentence,hinglish,wrong_hard,father_of_nation_india__hinglish__wrong_hard,father_of_nation_india,Bharat mein Mahatma Gandhi ko rashtrapita ke roop mein jana jata hai.,Bharat mein Jawaharlal Nehru ko rashtrapita ke roop mein jana jata hai.,0.8812893629074097
intfloat/multilingual-e5-base,same_language_gold,full_sentence,en,correct,boiling_point_water_c__en,boiling_point_water_c,Water boils at 100 degrees Celsius at sea level.,Water boils at 100 °C at sea level (standard atmospheric pressure of 1 atm).,0.887993574142456
intfloat/multilingual-e5-base,same_language_gold,full_sentence,en,wrong_subtle,boiling_point_water_c__en__wrong_subtle,boiling_point_water_c,Water boils at 100 degrees Celsius at sea level.,Water boils at 0 degrees Celsius at sea level.,0.8698606491088867
intfloat/multilingual-e5-base,same_language_gold,full_sentence,en,wrong_hard,boiling_point_water_c__en__wrong_hard,boiling_point_water_c,Water boils at 100 degrees Celsius at sea level.,Water boils at 50 degrees Celsius at sea level.,0.8687120676040649
intfloat/multilingual-e5-base,same_language_gold,full_sentence,hi,correct,boiling_point_water_c__hi,boiling_point_water_c,समुद्र तल पर पानी 100 डिग्री सेल्सियस पर उबलता है।,समुद्र तल पर पानी 100 डिग्री सेल्सियस पर उबलता है। यह मान मानक वायुमंडलीय दबाव (1 atm) पर लागू होता है।,0.932532787322998
intfloat/multilingual-e5-base,same_language_gold,full_sentence,hi,wrong_subtle,boiling_point_water_c__hi__wrong_subtle,boiling_point_water_c,समुद्र तल पर पानी 100 डिग्री सेल्सियस पर उबलता है।,समुद्र तल पर पानी 0 डिग्री सेल्सियस पर उबलता है।,0.9048963785171509
intfloat/multilingual-e5-base,same_language_gold,full_sentence,hi,wrong_hard,boiling_point_water_c__hi__wrong_hard,boiling_point_water_c,समुद्र तल पर पानी 100 डिग्री सेल्सियस पर उबलता है।,समुद्र तल पर पानी 50 डिग्री सेल्सियस पर उबलता है।,0.9075575470924377
intfloat/multilingual-e5-base,same_language_gold,full_sentence,hinglish,correct,boiling_point_water_c__hinglish,boiling_point_water_c,Samudra tal par pani 100 degree Celsius par ubalta hai.,"Pani samudra tal par 100 °C par ubalta hai, kyunki yeh standard atmospheric pressure (1 atm) par hota hai.",0.9093000292778015
intfloat/multilingual-e5-base,same_language_gold,full_sentence,hinglish,wrong_subtle,boiling_point_water_c__hinglish__wrong_subtle,boiling_point_water_c,Samudra tal par pani 100 degree Celsius par ubalta hai.,Samudra tal par pani 0 degree Celsius par ubalta hai.,0.9087882041931152
intfloat/multilingual-e5-base,same_language_gold,full_sentence,hinglish,wrong_hard,boiling_point_water_c__hinglish__wrong_hard,boiling_point_water_c,Samudra tal par pani 100 degree Celsius par ubalta hai.,Samudra tal par pani 50 degree Celsius par ubalta hai.,0.9061462879180908
google/muril-base-cased,english_gold,short,en,correct,capital_maharashtra__en,capital_maharashtra,Mumbai,"Mumbai is the capital of Maharashtra, the most populous state in India.",0.9876987934112549
google/muril-base-cased,english_gold,short,en,wrong_subtle,capital_maharashtra__en__wrong_subtle,capital_maharashtra,Mumbai,Mumbai is the capital of India.,0.9911917448043823
google/muril-base-cased,english_gold,short,en,wrong_hard,capital_maharashtra__en__wrong_hard,capital_maharashtra,Mumbai,The capital of Maharashtra is Chennai.,0.9905891418457031
google/muril-base-cased,english_gold,short,hi,correct,capital_maharashtra__hi,capital_maharashtra,Mumbai,"महाराष्ट्र की राजधानी मुंबई है, जो भारत का एक प्रमुख आर्थिक केंद्र है।",0.987159013748169
google/muril-base-cased,english_gold,short,hi,wrong_subtle,capital_maharashtra__hi__wrong_subtle,capital_maharashtra,Mumbai,मुंबई भारत की राजधानी है।,0.9908857345581055
google/muril-base-cased,english_gold,short,hi,wrong_hard,capital_maharashtra__hi__wrong_hard,capital_maharashtra,Mumbai,महाराष्ट्र की राजधानी चेन्नई है।,0.9901695251464844
google/muril-base-cased,english_gold,short,hinglish,correct,capital_maharashtra__hinglish,capital_maharashtra,Mumbai,Maharashtra ki rajdhani Mumbai hai. Ye India ka financial capital bhi hai.,0.9885785579681396
google/muril-base-cased,english_gold,short,hinglish,wrong_subtle,capital_maharashtra__hinglish__wrong_subtle,capital_maharashtra,Mumbai,Mumbai Bharat ki rajdhani hai.,0.9908000230789185
google/muril-base-cased,english_gold,short,hinglish,wrong_hard,capital_maharashtra__hinglish__wrong_hard,capital_maharashtra,Mumbai,Maharashtra ki rajdhani Chennai hai.,0.9908919930458069
google/muril-base-cased,english_gold,short,en,correct,planets_count__en,planets_count,Eight,"There are eight planets in our solar system—Mercury, Venus, Earth, Mars, Jupiter, Saturn, Uranus, and Neptune. Pluto was reclassified as a dwarf planet in 2006, so it is no longer counted among the main planets.",0.988929033279419
google/muril-base-cased,english_gold,short,en,wrong_subtle,planets_count__en__wrong_subtle,planets_count,Eight,"There are nine planets in our solar system, including Pluto.",0.9895814657211304
google/muril-base-cased,english_gold,short,en,wrong_hard,planets_count__en__wrong_hard,planets_count,Eight,There are twelve planets in our solar system.,0.9896025657653809
google/muril-base-cased,english_gold,short,hi,correct,planets_count__hi,planets_count,Eight,"हमारे सौर मंडल में 8 ग्रह हैं: बुध, शुक्र, पृथ्वी, मंगल, बृहस्पति, शनि, यूरेनस और नेपच्यून। 2006 में प्लूटो को बौना ग्रह घोषित कर दिया गया, इसलिए अब इसे मुख्य ग्रहों में नहीं गिना जाता।",0.9875977635383606
google/muril-base-cased,english_gold,short,hi,wrong_subtle,planets_count__hi__wrong_subtle,planets_count,Eight,"हमारे सौर मंडल में नौ ग्रह हैं, जिसमें प्लूटो भी शामिल है।",0.9874178171157837
google/muril-base-cased,english_gold,short,hi,wrong_hard,planets_count__hi__wrong_hard,planets_count,Eight,हमारे सौर मंडल में बारह ग्रह हैं।,0.988361656665802
google/muril-base-cased,english_gold,short,hinglish,correct,planets_count__hinglish,planets_count,Eight,Hamare Saur Mandal mein 8 grah hain. 2015 se Pluto ko dwarf planet gina jata hai.,0.9886865615844727
google/muril-base-cased,english_gold,short,hinglish,wrong_subtle,planets_count__hinglish__wrong_subtle,planets_count,Eight,"Hamare saur mandal mein nau grah hain, jismein Pluto bhi shamil hai.",0.9878776669502258
google/muril-base-cased,english_gold,short,hinglish,wrong_hard,planets_count__hinglish__wrong_hard,planets_count,Eight,Hamare saur mandal mein barah grah hain.,0.987640380859375
google/muril-base-cased,english_gold,short,en,correct,freedom_year__en,freedom_year,1947,"India gained independence in 1947, ending nearly 200 years of British colonial rule.",0.9888189435005188
google/muril-base-cased,english_gold,short,en,wrong_subtle,freedom_year__en__wrong_subtle,freedom_year,1947,India gained independence in 1948.,0.9910891056060791
google/muril-base-cased,english_gold,short,en,wrong_hard,freedom_year__en__wrong_hard,freedom_year,1947,India gained independence in 1857.,0.9912055134773254
google/muril-base-cased,english_gold,short,hi,correct,freedom_year__hi,freedom_year,1947,"भारत को 1947 में स्वतंत्रता मिली, 15 अगस्त को आज़ादी का दिन मनाया जाता है।",0.9877592921257019
google/muril-base-cased,english_gold,short,hi,wrong_subtle,freedom_year__hi__wrong_subtle,freedom_year,1947,भारत को 1948 में स्वतंत्रता मिली।,0.9908977746963501
google/muril-base-cased,english_gold,short,hi,wrong_hard,freedom_year__hi__wrong_hard,freedom_year,1947,भारत को 1857 में स्वतंत्रता मिली।,0.9911352396011353
google/muril-base-cased,english_gold,short,hinglish,correct,freedom_year__hinglish,freedom_year,1947,"Bharat ko 1947 mein aazadi mili, 15 August ko. Yeh din aaj bhi Independence Day ke roop mein manaya jata hai.",0.9858565330505371
google/muril-base-cased,english_gold,short,hinglish,wrong_subtle,freedom_year__hinglish__wrong_subtle,freedom_year,1947,Bharat ko 1948 mein aazadi mili.,0.9905364513397217
google/muril-base-cased,english_gold,short,hinglish,wrong_hard,freedom_year__hinglish__wrong_hard,freedom_year,1947,Bharat ko 1857 mein aazadi mili.,0.9907932877540588
google/muril-base-cased,english_gold,short,en,correct,water_formula__en,water_formula,H2O,"The chemical formula of water is **H₂O**, indicating that each molecule contains two hydrogen atoms bonded to one oxygen atom.",0.989557147026062
google/muril-base-cased,english_gold,short,en,wrong_subtle,water_formula__en__wrong_subtle,water_formula,H2O,The chemical formula of water is H2O2.,0.9908348917961121
google/muril-base-cased,english_gold,short,en,wrong_hard,water_formula__en__wrong_hard,water_formula,H2O,The chemical formula of water is CO2.,0.9901350736618042
google/muril-base-cased,english_gold,short,hi,correct,water_formula__hi,water_formula,H2O,"पानी का रासायनिक सूत्र **H₂O** है, अर्थात् दो हाइड्रोजन और एक ऑक्सीजन परमाणु से बना होता है.",0.9898090362548828
google/muril-base-cased,english_gold,short,hi,wrong_subtle,water_formula__hi__wrong_subtle,water_formula,H2O,पानी का रासायनिक सूत्र H2O2 है।,0.99053555727005
google/muril-base-cased,english_gold,short,hi,wrong_hard,water_formula__hi__wrong_hard,water_formula,H2O,पानी का रासायनिक सूत्र CO2 है।,0.9900684952735901
google/muril-base-cased,english_gold,short,hinglish,correct,water_formula__hinglish,water_formula,H2O,Pani ka rasayanik sutra H₂O hai. Isme do hydrogen atoms aur ek oxygen atom hota hai.,0.9887274503707886
google/muril-base-cased,english_gold,short,hinglish,wrong_subtle,water_formula__hinglish__wrong_subtle,water_formula,H2O,Pani ka rasayanik sutra H2O2 hai.,0.9910650849342346
google/muril-base-cased,english_gold,short,hinglish,wrong_hard,water_formula__hinglish__wrong_hard,water_formula,H2O,Pani ka rasayanik sutra CO2 hai.,0.9898219108581543
google/muril-base-cased,english_gold,short,en,correct,national_animal_india__en,national_animal_india,Bengal tiger,"The national animal of India is the Bengal tiger, chosen for its strength, beauty, and cultural significance.",0.9927990436553955
google/muril-base-cased,english_gold,short,en,wrong_subtle,national_animal_india__en__wrong_subtle,national_animal_india,Bengal tiger,The national animal of India is the Siberian tiger.,0.993083119392395
google/muril-base-cased,english_gold,short,en,wrong_hard,national_animal_india__en__wrong_hard,national_animal_india,Bengal tiger,The national animal of India is the lion.,0.9917376041412354
google/muril-base-cased,english_gold,short,hi,correct,national_animal_india__hi,national_animal_india,Bengal tiger,"भारत का राष्ट्रीय पशु हाथी है, जिसे 1972 में राष्ट्रीय पशु घोषित किया गया था।",0.9889928698539734
google/muril-base-cased,english_gold,short,hi,wrong_subtle,national_animal_india__hi__wrong_subtle,national_animal_india,Bengal tiger,भारत का राष्ट्रीय पशु साइबेरियाई टाइगर है।,0.9926190972328186
google/muril-base-cased,english_gold,short,hi,wrong_hard,national_animal_india__hi__wrong_hard,national_animal_india,Bengal tiger,भारत का राष्ट्रीय पशु शेर है।,0.9915514588356018
google/muril-base-cased,english_gold,short,hinglish,correct,national_animal_india__hinglish,national_animal_india,Bengal tiger,Bharat ka rashtriya pashu bhains (water buffalo) hai. Ye pashu desh ki arthavyavastha aur parampara mein bahut mahatvapurn hai.,0.9913734793663025
google/muril-base-cased,english_gold,short,hinglish,wrong_subtle,national_animal_india__hinglish__wrong_subtle,national_animal_india,Bengal tiger,Bharat ka rashtriya pashu Siberian tiger hai.,0.9931807518005371
google/muril-base-cased,english_gold,short,hinglish,wrong_hard,national_animal_india__hinglish__wrong_hard,national_animal_india,Bengal tiger,Bharat ka rashtriya pashu sher hai.,0.9924784302711487
google/muril-base-cased,english_gold,short,en,correct,largest_ocean__en,largest_ocean,Pacific Ocean,"The Pacific Ocean is the largest ocean on Earth, covering about 63 million square miles (163 million km²). It stretches from the Arctic in the north to the Antarctic in the south, larger than all the Earth's landmasses combined.",0.9885979294776917
google/muril-base-cased,english_gold,short,en,wrong_subtle,largest_ocean__en__wrong_subtle,largest_ocean,Pacific Ocean,The Pacific Ocean is the smallest ocean on Earth.,0.9918486475944519
google/muril-base-cased,english_gold,short,en,wrong_hard,largest_ocean__en__wrong_hard,largest_ocean,Pacific Ocean,The largest ocean on Earth is the Atlantic Ocean.,0.9913333654403687
google/muril-base-cased,english_gold,short,hi,correct,largest_ocean__hi,largest_ocean,Pacific Ocean,"पैसिफिक महासागर पृथ्वी का सबसे बड़ा महासागर है, जो लगभग 46.6 मिलियन वर्ग मील क्षेत्रफल को कवर करता है।",0.9868317246437073
google/muril-base-cased,english_gold,short,hi,wrong_subtle,largest_ocean__hi__wrong_subtle,largest_ocean,Pacific Ocean,प्रशांत महासागर पृथ्वी का सबसे छोटा महासागर है।,0.9870709180831909
google/muril-base-cased,english_gold,short,hi,wrong_hard,largest_ocean__hi__wrong_hard,largest_ocean,Pacific Ocean,पृथ्वी का सबसे बड़ा महासागर अटलांटिक महासागर है।,0.9868127703666687
google/muril-base-cased,english_gold,short,hinglish,correct,largest_ocean__hinglish,largest_ocean,Pacific Ocean,Sabse bada mahasagar Pacific Ocean hai. Yeh dharti ke 46% surface area ko cover karta hai.,0.9901597499847412
google/muril-base-cased,english_gold,short,hinglish,wrong_subtle,largest_ocean__hinglish__wrong_subtle,largest_ocean,Pacific Ocean,Prashant Mahasagar Prithvi ka sabse chhota mahasagar hai.,0.9898250102996826
google/muril-base-cased,english_gold,short,hinglish,wrong_hard,largest_ocean__hinglish__wrong_hard,largest_ocean,Pacific Ocean,Prithvi ka sabse bada mahasagar Atlantic Mahasagar hai.,0.9903609752655029
google/muril-base-cased,english_gold,short,en,correct,sun_rise_direction__en,sun_rise_direction,East,"The sun rises in the east, because Earth rotates from west to east, making the sun appear to move across the eastern horizon.",0.9882495999336243
google/muril-base-cased,english_gold,short,en,wrong_subtle,sun_rise_direction__en__wrong_subtle,sun_rise_direction,East,The sun rises in the north-east.,0.9896297454833984
google/muril-base-cased,english_gold,short,en,wrong_hard,sun_rise_direction__en__wrong_hard,sun_rise_direction,East,The sun rises in the west.,0.990036129951477
google/muril-base-cased,english_gold,short,hi,correct,sun_rise_direction__hi,sun_rise_direction,East,"सूर्य पूर्व दिशा में उगता है, क्योंकि पृथ्वी अपने अक्ष पर घूर्णन करती है।",0.9875730872154236
google/muril-base-cased,english_gold,short,hi,wrong_subtle,sun_rise_direction__hi__wrong_subtle,sun_rise_direction,East,सूर्य उत्तर-पूर्व दिशा में उगता है।,0.9895542860031128
google/muril-base-cased,english_gold,short,hi,wrong_hard,sun_rise_direction__hi__wrong_hard,sun_rise_direction,East,सूर्य पश्चिम दिशा में उगता है।,0.9894077777862549
google/muril-base-cased,english_gold,short,hinglish,correct,sun_rise_direction__hinglish,sun_rise_direction,East,"Suraj purvi disha mein ugta hai, kyunki dharti apni dhur par ghuma kar subah ki taraf hoti hai.",0.9881958961486816
google/muril-base-cased,english_gold,short,hinglish,wrong_subtle,sun_rise_direction__hinglish__wrong_subtle,sun_rise_direction,East,Suraj uttar-purab disha mein ugta hai.,0.9872260689735413
google/muril-base-cased,english_gold,short,hinglish,wrong_hard,sun_rise_direction__hinglish__wrong_hard,sun_rise_direction,East,Suraj paschim disha mein ugta hai.,0.9883966445922852
google/muril-base-cased,english_gold,short,en,correct,days_in_leap_year__en,days_in_leap_year,366,"A leap year has 366 days, because an extra day (February 29) is added to keep the calendar in sync with the Earth’s orbit.",0.99037766456604
google/muril-base-cased,english_gold,short,en,wrong_subtle,days_in_leap_year__en__wrong_subtle,days_in_leap_year,366,A leap year has 365 days.,0.9914605617523193
google/muril-base-cased,english_gold,short,en,wrong_hard,days_in_leap_year__en__wrong_hard,days_in_leap_year,366,A leap year has 400 days.,0.9910848140716553
google/muril-base-cased,english_gold,short,hi,correct,days_in_leap_year__hi,days_in_leap_year,366,एक लीप वर्ष में 366 दिन होते हैं। यह इसलिए होता है क्योंकि फरवरी में 29 दिन होते हैं।,0.9858013987541199
google/muril-base-cased,english_gold,short,hi,wrong_subtle,days_in_leap_year__hi__wrong_subtle,days_in_leap_year,366,एक लीप वर्ष में 365 दिन होते हैं।,0.9869340062141418
google/muril-base-cased,english_gold,short,hi,wrong_hard,days_in_leap_year__hi__wrong_hard,days_in_leap_year,366,एक लीप वर्ष में 400 दिन होते हैं।,0.9862484335899353
google/muril-base-cased,english_gold,short,hinglish,correct,days_in_leap_year__hinglish,days_in_leap_year,366,"Leap year mein 366 din hote hain, kyunki February mein 29 din hote hain.",0.9889448881149292
google/muril-base-cased,english_gold,short,hinglish,wrong_subtle,days_in_leap_year__hinglish__wrong_subtle,days_in_leap_year,366,Ek leap year mein 365 din hote hain.,0.9879417419433594
google/muril-base-cased,english_gold,short,hinglish,wrong_hard,days_in_leap_year__hinglish__wrong_hard,days_in_leap_year,366,Ek leap year mein 400 din hote hain.,0.9874491095542908
google/muril-base-cased,english_gold,short,en,correct,father_of_nation_india__en,father_of_nation_india,Mahatma Gandhi,"Mahatma Gandhi is called the “Father of the Nation” in India, for leading the country’s non‑violent struggle for independence from British rule.",0.9917132258415222
google/muril-base-cased,english_gold,short,en,wrong_subtle,father_of_nation_india__en__wrong_subtle,father_of_nation_india,Mahatma Gandhi,Mahatma Gandhi is known as the Netaji of India.,0.9928343892097473
google/muril-base-cased,english_gold,short,en,wrong_hard,father_of_nation_india__en__wrong_hard,father_of_nation_india,Mahatma Gandhi,Jawaharlal Nehru is known as the Father of the Nation in India.,0.9915137887001038
google/muril-base-cased,english_gold,short,hi,wrong_subtle,father_of_nation_india__hi__wrong_subtle,father_of_nation_india,Mahatma Gandhi,महात्मा गांधी को भारत का नेताजी कहा जाता है।,0.9918696284294128
google/muril-base-cased,english_gold,short,hi,wrong_hard,father_of_nation_india__hi__wrong_hard,father_of_nation_india,Mahatma Gandhi,भारत में जवाहरलाल नेहरू को राष्ट्रपिता के रूप में जाना जाता है।,0.9889877438545227
google/muril-base-cased,english_gold,short,hinglish,correct,father_of_nation_india__hinglish,father_of_nation_india,Mahatma Gandhi,Mahatma Gandhi ko Bharat ka rashtrapita mana jata hai. Unhone ahimsa aur satyagraha se desh ki azadi ki ladai ladhi.,0.9906710386276245
google/muril-base-cased,english_gold,short,hinglish,wrong_subtle,father_of_nation_india__hinglish__wrong_subtle,father_of_nation_india,Mahatma Gandhi,Mahatma Gandhi ko Bharat ka Netaji kaha jata hai.,0.9902864694595337
google/muril-base-cased,english_gold,short,hinglish,wrong_hard,father_of_nation_india__hinglish__wrong_hard,father_of_nation_india,Mahatma Gandhi,Bharat mein Jawaharlal Nehru ko rashtrapita ke roop mein jana jata hai.,0.9892219305038452
google/muril-base-cased,english_gold,short,en,correct,boiling_point_water_c__en,boiling_point_water_c,100 degrees Celsius,Water boils at 100 °C at sea level (standard atmospheric pressure of 1 atm).,0.9934504628181458
google/muril-base-cased,english_gold,short,en,wrong_subtle,boiling_point_water_c__en__wrong_subtle,boiling_point_water_c,100 degrees Celsius,Water boils at 0 degrees Celsius at sea level.,0.9947026968002319
google/muril-base-cased,english_gold,short,en,wrong_hard,boiling_point_water_c__en__wrong_hard,boiling_point_water_c,100 degrees Celsius,Water boils at 50 degrees Celsius at sea level.,0.9948098063468933
google/muril-base-cased,english_gold,short,hi,correct,boiling_point_water_c__hi,boiling_point_water_c,100 degrees Celsius,समुद्र तल पर पानी 100 डिग्री सेल्सियस पर उबलता है। यह मान मानक वायुमंडलीय दबाव (1 atm) पर लागू होता है।,0.9901723265647888
google/muril-base-cased,english_gold,short,hi,wrong_subtle,boiling_point_water_c__hi__wrong_subtle,boiling_point_water_c,100 degrees Celsius,समुद्र तल पर पानी 0 डिग्री सेल्सियस पर उबलता है।,0.9912205338478088
google/muril-base-cased,english_gold,short,hi,wrong_hard,boiling_point_water_c__hi__wrong_hard,boiling_point_water_c,100 degrees Celsius,समुद्र तल पर पानी 50 डिग्री सेल्सियस पर उबलता है।,0.9912876486778259
google/muril-base-cased,english_gold,short,hinglish,correct,boiling_point_water_c__hinglish,boiling_point_water_c,100 degrees Celsius,"Pani samudra tal par 100 °C par ubalta hai, kyunki yeh standard atmospheric pressure (1 atm) par hota hai.",0.9919310808181763
google/muril-base-cased,english_gold,short,hinglish,wrong_subtle,boiling_point_water_c__hinglish__wrong_subtle,boiling_point_water_c,100 degrees Celsius,Samudra tal par pani 0 degree Celsius par ubalta hai.,0.9924095869064331
google/muril-base-cased,english_gold,short,hinglish,wrong_hard,boiling_point_water_c__hinglish__wrong_hard,boiling_point_water_c,100 degrees Celsius,Samudra tal par pani 50 degree Celsius par ubalta hai.,0.9922394752502441
google/muril-base-cased,english_gold,full_sentence,en,correct,capital_maharashtra__en,capital_maharashtra,The capital of Maharashtra is Mumbai.,"Mumbai is the capital of Maharashtra, the most populous state in India.",0.9975718855857849
google/muril-base-cased,english_gold,full_sentence,en,wrong_subtle,capital_maharashtra__en__wrong_subtle,capital_maharashtra,The capital of Maharashtra is Mumbai.,Mumbai is the capital of India.,0.9987505674362183
google/muril-base-cased,english_gold,full_sentence,en,wrong_hard,capital_maharashtra__en__wrong_hard,capital_maharashtra,The capital of Maharashtra is Mumbai.,The capital of Maharashtra is Chennai.,0.9993141889572144
google/muril-base-cased,english_gold,full_sentence,hi,correct,capital_maharashtra__hi,capital_maharashtra,The capital of Maharashtra is Mumbai.,"महाराष्ट्र की राजधानी मुंबई है, जो भारत का एक प्रमुख आर्थिक केंद्र है।",0.9929022192955017
google/muril-base-cased,english_gold,full_sentence,hi,wrong_subtle,capital_maharashtra__hi__wrong_subtle,capital_maharashtra,The capital of Maharashtra is Mumbai.,मुंबई भारत की राजधानी है।,0.9940439462661743
google/muril-base-cased,english_gold,full_sentence,hi,wrong_hard,capital_maharashtra__hi__wrong_hard,capital_maharashtra,The capital of Maharashtra is Mumbai.,महाराष्ट्र की राजधानी चेन्नई है।,0.9938497543334961
google/muril-base-cased,english_gold,full_sentence,hinglish,correct,capital_maharashtra__hinglish,capital_maharashtra,The capital of Maharashtra is Mumbai.,Maharashtra ki rajdhani Mumbai hai. Ye India ka financial capital bhi hai.,0.9933090209960938
google/muril-base-cased,english_gold,full_sentence,hinglish,wrong_subtle,capital_maharashtra__hinglish__wrong_subtle,capital_maharashtra,The capital of Maharashtra is Mumbai.,Mumbai Bharat ki rajdhani hai.,0.9939343929290771
google/muril-base-cased,english_gold,full_sentence,hinglish,wrong_hard,capital_maharashtra__hinglish__wrong_hard,capital_maharashtra,The capital of Maharashtra is Mumbai.,Maharashtra ki rajdhani Chennai hai.,0.9949557185173035
google/muril-base-cased,english_gold,full_sentence,en,correct,planets_count__en,planets_count,There are eight planets in our solar system.,"There are eight planets in our solar system—Mercury, Venus, Earth, Mars, Jupiter, Saturn, Uranus, and Neptune. Pluto was reclassified as a dwarf planet in 2006, so it is no longer counted among the main planets.",0.9964234828948975
google/muril-base-cased,english_gold,full_sentence,en,wrong_subtle,planets_count__en__wrong_subtle,planets_count,There are eight planets in our solar system.,"There are nine planets in our solar system, including Pluto.",0.9992313981056213
google/muril-base-cased,english_gold,full_sentence,en,wrong_hard,planets_count__en__wrong_hard,planets_count,There are eight planets in our solar system.,There are twelve planets in our solar system.,0.999754011631012
google/muril-base-cased,english_gold,full_sentence,hi,correct,planets_count__hi,planets_count,There are eight planets in our solar system.,"हमारे सौर मंडल में 8 ग्रह हैं: बुध, शुक्र, पृथ्वी, मंगल, बृहस्पति, शनि, यूरेनस और नेपच्यून। 2006 में प्लूटो को बौना ग्रह घोषित कर दिया गया, इसलिए अब इसे मुख्य ग्रहों में नहीं गिना जाता।",0.9925118088722229
google/muril-base-cased,english_gold,full_sentence,hi,wrong_subtle,planets_count__hi__wrong_subtle,planets_count,There are eight planets in our solar system.,"हमारे सौर मंडल में नौ ग्रह हैं, जिसमें प्लूटो भी शामिल है।",0.9937270879745483
google/muril-base-cased,english_gold,full_sentence,hi,wrong_hard,planets_count__hi__wrong_hard,planets_count,There are eight planets in our solar system.,हमारे सौर मंडल में बारह ग्रह हैं।,0.9950965046882629
google/muril-base-cased,english_gold,full_sentence,hinglish,correct,planets_count__hinglish,planets_count,There are eight planets in our solar system.,Hamare Saur Mandal mein 8 grah hain. 2015 se Pluto ko dwarf planet gina jata hai.,0.9918172955513
google/muril-base-cased,english_gold,full_sentence,hinglish,wrong_subtle,planets_count__hinglish__wrong_subtle,planets_count,There are eight planets in our solar system.,"Hamare saur mandal mein nau grah hain, jismein Pluto bhi shamil hai.",0.9920281767845154
google/muril-base-cased,english_gold,full_sentence,hinglish,wrong_hard,planets_count__hinglish__wrong_hard,planets_count,There are eight planets in our solar system.,Hamare saur mandal mein barah grah hain.,0.9905385375022888
google/muril-base-cased,english_gold,full_sentence,en,correct,freedom_year__en,freedom_year,India gained independence in 1947.,"India gained independence in 1947, ending nearly 200 years of British colonial rule.",0.9965125322341919
google/muril-base-cased,english_gold,full_sentence,en,wrong_subtle,freedom_year__en__wrong_subtle,freedom_year,India gained independence in 1947.,India gained independence in 1948.,0.999756932258606
google/muril-base-cased,english_gold,full_sentence,en,wrong_hard,freedom_year__en__wrong_hard,freedom_year,India gained independence in 1947.,India gained independence in 1857.,0.9991210103034973
google/muril-base-cased,english_gold,full_sentence,hi,correct,freedom_year__hi,freedom_year,India gained independence in 1947.,"भारत को 1947 में स्वतंत्रता मिली, 15 अगस्त को आज़ादी का दिन मनाया जाता है।",0.9924992918968201
google/muril-base-cased,english_gold,full_sentence,hi,wrong_subtle,freedom_year__hi__wrong_subtle,freedom_year,India gained independence in 1947.,भारत को 1948 में स्वतंत्रता मिली।,0.9952189922332764
google/muril-base-cased,english_gold,full_sentence,hi,wrong_hard,freedom_year__hi__wrong_hard,freedom_year,India gained independence in 1947.,भारत को 1857 में स्वतंत्रता मिली।,0.9949069023132324
google/muril-base-cased,english_gold,full_sentence,hinglish,correct,freedom_year__hinglish,freedom_year,India gained independence in 1947.,"Bharat ko 1947 mein aazadi mili, 15 August ko. Yeh din aaj bhi Independence Day ke roop mein manaya jata hai.",0.9909143447875977
google/muril-base-cased,english_gold,full_sentence,hinglish,wrong_subtle,freedom_year__hinglish__wrong_subtle,freedom_year,India gained independence in 1947.,Bharat ko 1948 mein aazadi mili.,0.9943207502365112
google/muril-base-cased,english_gold,full_sentence,hinglish,wrong_hard,freedom_year__hinglish__wrong_hard,freedom_year,India gained independence in 1947.,Bharat ko 1857 mein aazadi mili.,0.9937419295310974
google/muril-base-cased,english_gold,full_sentence,en,correct,water_formula__en,water_formula,The chemical formula of water is H2O.,"The chemical formula of water is **H₂O**, indicating that each molecule contains two hydrogen atoms bonded to one oxygen atom.",0.9957686066627502
google/muril-base-cased,english_gold,full_sentence,en,wrong_subtle,water_formula__en__wrong_subtle,water_formula,The chemical formula of water is H2O.,The chemical formula of water is H2O2.,0.9997076988220215
google/muril-base-cased,english_gold,full_sentence,en,wrong_hard,water_formula__en__wrong_hard,water_formula,The chemical formula of water is H2O.,The chemical formula of water is CO2.,0.9990966320037842
google/muril-base-cased,english_gold,full_sentence,hi,correct,water_formula__hi,water_formula,The chemical formula of water is H2O.,"पानी का रासायनिक सूत्र **H₂O** है, अर्थात् दो हाइड्रोजन और एक ऑक्सीजन परमाणु से बना होता है.",0.9937880039215088
google/muril-base-cased,english_gold,full_sentence,hi,wrong_subtle,water_formula__hi__wrong_subtle,water_formula,The chemical formula of water is H2O.,पानी का रासायनिक सूत्र H2O2 है।,0.9959280490875244
google/muril-base-cased,english_gold,full_sentence,hi,wrong_hard,water_formula__hi__wrong_hard,water_formula,The chemical formula of water is H2O.,पानी का रासायनिक सूत्र CO2 है।,0.9950721859931946
google/muril-base-cased,english_gold,full_sentence,hinglish,correct,water_formula__hinglish,water_formula,The chemical formula of water is H2O.,Pani ka rasayanik sutra H₂O hai. Isme do hydrogen atoms aur ek oxygen atom hota hai.,0.9918914437294006
google/muril-base-cased,english_gold,full_sentence,hinglish,wrong_subtle,water_formula__hinglish__wrong_subtle,water_formula,The chemical formula of water is H2O.,Pani ka rasayanik sutra H2O2 hai.,0.9944230318069458
google/muril-base-cased,english_gold,full_sentence,hinglish,wrong_hard,water_formula__hinglish__wrong_hard,water_formula,The chemical formula of water is H2O.,Pani ka rasayanik sutra CO2 hai.,0.992967963218689
google/muril-base-cased,english_gold,full_sentence,en,correct,national_animal_india__en,national_animal_india,The national animal of India is the Bengal tiger.,"The national animal of India is the Bengal tiger, chosen for its strength, beauty, and cultural significance.",0.9980378150939941
google/muril-base-cased,english_gold,full_sentence,en,wrong_subtle,national_animal_india__en__wrong_subtle,national_animal_india,The national animal of India is the Bengal tiger.,The national animal of India is the Siberian tiger.,0.9994227290153503
google/muril-base-cased,english_gold,full_sentence,en,wrong_hard,national_animal_india__en__wrong_hard,national_animal_india,The national animal of India is the Bengal tiger.,The national animal of India is the lion.,0.9990705251693726
google/muril-base-cased,english_gold,full_sentence,hi,correct,national_animal_india__hi,national_animal_india,The national animal of India is the Bengal tiger.,"भारत का राष्ट्रीय पशु हाथी है, जिसे 1972 में राष्ट्रीय पशु घोषित किया गया था।",0.9932223558425903
google/muril-base-cased,english_gold,full_sentence,hi,wrong_subtle,national_animal_india__hi__wrong_subtle,national_animal_india,The national animal of India is the Bengal tiger.,भारत का राष्ट्रीय पशु साइबेरियाई टाइगर है।,0.994127631187439
google/muril-base-cased,english_gold,full_sentence,hi,wrong_hard,national_animal_india__hi__wrong_hard,national_animal_india,The national animal of India is the Bengal tiger.,भारत का राष्ट्रीय पशु शेर है।,0.9944487810134888
google/muril-base-cased,english_gold,full_sentence,hinglish,correct,national_animal_india__hinglish,national_animal_india,The national animal of India is the Bengal tiger.,Bharat ka rashtriya pashu bhains (water buffalo) hai. Ye pashu desh ki arthavyavastha aur parampara mein bahut mahatvapurn hai.,0.9927727580070496
google/muril-base-cased,english_gold,full_sentence,hinglish,wrong_subtle,national_animal_india__hinglish__wrong_subtle,national_animal_india,The national animal of India is the Bengal tiger.,Bharat ka rashtriya pashu Siberian tiger hai.,0.9940532445907593
google/muril-base-cased,english_gold,full_sentence,hinglish,wrong_hard,national_animal_india__hinglish__wrong_hard,national_animal_india,The national animal of India is the Bengal tiger.,Bharat ka rashtriya pashu sher hai.,0.9932860732078552
google/muril-base-cased,english_gold,full_sentence,en,correct,largest_ocean__en,largest_ocean,The largest ocean on Earth is the Pacific Ocean.,"The Pacific Ocean is the largest ocean on Earth, covering about 63 million square miles (163 million km²). It stretches from the Arctic in the north to the Antarctic in the south, larger than all the Earth's landmasses combined.",0.996819794178009
google/muril-base-cased,english_gold,full_sentence,en,wrong_subtle,largest_ocean__en__wrong_subtle,largest_ocean,The largest ocean on Earth is the Pacific Ocean.,The Pacific Ocean is the smallest ocean on Earth.,0.9993180632591248
google/muril-base-cased,english_gold,full_sentence,en,wrong_hard,largest_ocean__en__wrong_hard,largest_ocean,The largest ocean on Earth is the Pacific Ocean.,The largest ocean on Earth is the Atlantic Ocean.,0.9998533129692078
google/muril-base-cased,english_gold,full_sentence,hi,correct,largest_ocean__hi,largest_ocean,The largest ocean on Earth is the Pacific Ocean.,"पैसिफिक महासागर पृथ्वी का सबसे बड़ा महासागर है, जो लगभग 46.6 मिलियन वर्ग मील क्षेत्रफल को कवर करता है।",0.9929842948913574
google/muril-base-cased,english_gold,full_sentence,hi,wrong_subtle,largest_ocean__hi__wrong_subtle,largest_ocean,The largest ocean on Earth is the Pacific Ocean.,प्रशांत महासागर पृथ्वी का सबसे छोटा महासागर है।,0.9923628568649292
google/muril-base-cased,english_gold,full_sentence,hi,wrong_hard,largest_ocean__hi__wrong_hard,largest_ocean,The largest ocean on Earth is the Pacific Ocean.,पृथ्वी का सबसे बड़ा महासागर अटलांटिक महासागर है।,0.9925956130027771
google/muril-base-cased,english_gold,full_sentence,hinglish,correct,largest_ocean__hinglish,largest_ocean,The largest ocean on Earth is the Pacific Ocean.,Sabse bada mahasagar Pacific Ocean hai. Yeh dharti ke 46% surface area ko cover karta hai.,0.9935863018035889
google/muril-base-cased,english_gold,full_sentence,hinglish,wrong_subtle,largest_ocean__hinglish__wrong_subtle,largest_ocean,The largest ocean on Earth is the Pacific Ocean.,Prashant Mahasagar Prithvi ka sabse chhota mahasagar hai.,0.9921149015426636
google/muril-base-cased,english_gold,full_sentence,hinglish,wrong_hard,largest_ocean__hinglish__wrong_hard,largest_ocean,The largest ocean on Earth is the Pacific Ocean.,Prithvi ka sabse bada mahasagar Atlantic Mahasagar hai.,0.9926609992980957
google/muril-base-cased,english_gold,full_sentence,en,correct,sun_rise_direction__en,sun_rise_direction,The sun rises in the east.,"The sun rises in the east, because Earth rotates from west to east, making the sun appear to move across the eastern horizon.",0.9972813129425049
google/muril-base-cased,english_gold,full_sentence,en,wrong_subtle,sun_rise_direction__en__wrong_subtle,sun_rise_direction,The sun rises in the east.,The sun rises in the north-east.,0.9992892146110535
google/muril-base-cased,english_gold,full_sentence,en,wrong_hard,sun_rise_direction__en__wrong_hard,sun_rise_direction,The sun rises in the east.,The sun rises in the west.,0.9998701214790344
google/muril-base-cased,english_gold,full_sentence,hi,correct,sun_rise_direction__hi,sun_rise_direction,The sun rises in the east.,"सूर्य पूर्व दिशा में उगता है, क्योंकि पृथ्वी अपने अक्ष पर घूर्णन करती है।",0.9923933148384094
google/muril-base-cased,english_gold,full_sentence,hi,wrong_subtle,sun_rise_direction__hi__wrong_subtle,sun_rise_direction,The sun rises in the east.,सूर्य उत्तर-पूर्व दिशा में उगता है।,0.993720293045044
google/muril-base-cased,english_gold,full_sentence,hi,wrong_hard,sun_rise_direction__hi__wrong_hard,sun_rise_direction,The sun rises in the east.,सूर्य पश्चिम दिशा में उगता है।,0.993822455406189
google/muril-base-cased,english_gold,full_sentence,hinglish,correct,sun_rise_direction__hinglish,sun_rise_direction,The sun rises in the east.,"Suraj purvi disha mein ugta hai, kyunki dharti apni dhur par ghuma kar subah ki taraf hoti hai.",0.9913167953491211
google/muril-base-cased,english_gold,full_sentence,hinglish,wrong_subtle,sun_rise_direction__hinglish__wrong_subtle,sun_rise_direction,The sun rises in the east.,Suraj uttar-purab disha mein ugta hai.,0.9901669025421143
google/muril-base-cased,english_gold,full_sentence,hinglish,wrong_hard,sun_rise_direction__hinglish__wrong_hard,sun_rise_direction,The sun rises in the east.,Suraj paschim disha mein ugta hai.,0.9917144179344177
google/muril-base-cased,english_gold,full_sentence,en,correct,days_in_leap_year__en,days_in_leap_year,A leap year has 366 days.,"A leap year has 366 days, because an extra day (February 29) is added to keep the calendar in sync with the Earth’s orbit.",0.996044397354126
google/muril-base-cased,english_gold,full_sentence,en,wrong_subtle,days_in_leap_year__en__wrong_subtle,days_in_leap_year,A leap year has 366 days.,A leap year has 365 days.,0.9997615814208984
google/muril-base-cased,english_gold,full_sentence,en,wrong_hard,days_in_leap_year__en__wrong_hard,days_in_leap_year,A leap year has 366 days.,A leap year has 400 days.,0.9994964599609375
google/muril-base-cased,english_gold,full_sentence,hi,correct,days_in_leap_year__hi,days_in_leap_year,A leap year has 366 days.,एक लीप वर्ष में 366 दिन होते हैं। यह इसलिए होता है क्योंकि फरवरी में 29 दिन होते हैं।,0.992067813873291
google/muril-base-cased,english_gold,full_sentence,hi,wrong_subtle,days_in_leap_year__hi__wrong_subtle,days_in_leap_year,A leap year has 366 days.,एक लीप वर्ष में 365 दिन होते हैं।,0.9936209917068481
google/muril-base-cased,english_gold,full_sentence,hi,wrong_hard,days_in_leap_year__hi__wrong_hard,days_in_leap_year,A leap year has 366 days.,एक लीप वर्ष में 400 दिन होते हैं।,0.9931371212005615
google/muril-base-cased,english_gold,full_sentence,hinglish,correct,days_in_leap_year__hinglish,days_in_leap_year,A leap year has 366 days.,"Leap year mein 366 din hote hain, kyunki February mein 29 din hote hain.",0.9931865930557251
google/muril-base-cased,english_gold,full_sentence,hinglish,wrong_subtle,days_in_leap_year__hinglish__wrong_subtle,days_in_leap_year,A leap year has 366 days.,Ek leap year mein 365 din hote hain.,0.9945525527000427
google/muril-base-cased,english_gold,full_sentence,hinglish,wrong_hard,days_in_leap_year__hinglish__wrong_hard,days_in_leap_year,A leap year has 366 days.,Ek leap year mein 400 din hote hain.,0.9941004514694214
google/muril-base-cased,english_gold,full_sentence,en,correct,father_of_nation_india__en,father_of_nation_india,Mahatma Gandhi is known as the Father of the Nation in India.,"Mahatma Gandhi is called the “Father of the Nation” in India, for leading the country’s non‑violent struggle for independence from British rule.",0.9974009990692139
google/muril-base-cased,english_gold,full_sentence,en,wrong_subtle,father_of_nation_india__en__wrong_subtle,father_of_nation_india,Mahatma Gandhi is known as the Father of the Nation in India.,Mahatma Gandhi is known as the Netaji of India.,0.9973431825637817
google/muril-base-cased,english_gold,full_sentence,en,wrong_hard,father_of_nation_india__en__wrong_hard,father_of_nation_india,Mahatma Gandhi is known as the Father of the Nation in India.,Jawaharlal Nehru is known as the Father of the Nation in India.,0.9992719888687134
google/muril-base-cased,english_gold,full_sentence,hi,wrong_subtle,father_of_nation_india__hi__wrong_subtle,father_of_nation_india,Mahatma Gandhi is known as the Father of the Nation in India.,महात्मा गांधी को भारत का नेताजी कहा जाता है।,0.9935842752456665
google/muril-base-cased,english_gold,full_sentence,hi,wrong_hard,father_of_nation_india__hi__wrong_hard,father_of_nation_india,Mahatma Gandhi is known as the Father of the Nation in India.,भारत में जवाहरलाल नेहरू को राष्ट्रपिता के रूप में जाना जाता है।,0.9929513931274414
google/muril-base-cased,english_gold,full_sentence,hinglish,correct,father_of_nation_india__hinglish,father_of_nation_india,Mahatma Gandhi is known as the Father of the Nation in India.,Mahatma Gandhi ko Bharat ka rashtrapita mana jata hai. Unhone ahimsa aur satyagraha se desh ki azadi ki ladai ladhi.,0.9907472133636475
google/muril-base-cased,english_gold,full_sentence,hinglish,wrong_subtle,father_of_nation_india__hinglish__wrong_subtle,father_of_nation_india,Mahatma Gandhi is known as the Father of the Nation in India.,Mahatma Gandhi ko Bharat ka Netaji kaha jata hai.,0.9898389577865601
google/muril-base-cased,english_gold,full_sentence,hinglish,wrong_hard,father_of_nation_india__hinglish__wrong_hard,father_of_nation_india,Mahatma Gandhi is known as the Father of the Nation in India.,Bharat mein Jawaharlal Nehru ko rashtrapita ke roop mein jana jata hai.,0.9901774525642395
google/muril-base-cased,english_gold,full_sentence,en,correct,boiling_point_water_c__en,boiling_point_water_c,Water boils at 100 degrees Celsius at sea level.,Water boils at 100 °C at sea level (standard atmospheric pressure of 1 atm).,0.9980821013450623
google/muril-base-cased,english_gold,full_sentence,en,wrong_subtle,boiling_point_water_c__en__wrong_subtle,boiling_point_water_c,Water boils at 100 degrees Celsius at sea level.,Water boils at 0 degrees Celsius at sea level.,0.9993307590484619
google/muril-base-cased,english_gold,full_sentence,en,wrong_hard,boiling_point_water_c__en__wrong_hard,boiling_point_water_c,Water boils at 100 degrees Celsius at sea level.,Water boils at 50 degrees Celsius at sea level.,0.9997981786727905
google/muril-base-cased,english_gold,full_sentence,hi,correct,boiling_point_water_c__hi,boiling_point_water_c,Water boils at 100 degrees Celsius at sea level.,समुद्र तल पर पानी 100 डिग्री सेल्सियस पर उबलता है। यह मान मानक वायुमंडलीय दबाव (1 atm) पर लागू होता है।,0.9923767447471619
google/muril-base-cased,english_gold,full_sentence,hi,wrong_subtle,boiling_point_water_c__hi__wrong_subtle,boiling_point_water_c,Water boils at 100 degrees Celsius at sea level.,समुद्र तल पर पानी 0 डिग्री सेल्सियस पर उबलता है।,0.9934841990470886
google/muril-base-cased,english_gold,full_sentence,hi,wrong_hard,boiling_point_water_c__hi__wrong_hard,boiling_point_water_c,Water boils at 100 degrees Celsius at sea level.,समुद्र तल पर पानी 50 डिग्री सेल्सियस पर उबलता है।,0.9936903715133667
google/muril-base-cased,english_gold,full_sentence,hinglish,correct,boiling_point_water_c__hinglish,boiling_point_water_c,Water boils at 100 degrees Celsius at sea level.,"Pani samudra tal par 100 °C par ubalta hai, kyunki yeh standard atmospheric pressure (1 atm) par hota hai.",0.9933205842971802
google/muril-base-cased,english_gold,full_sentence,hinglish,wrong_subtle,boiling_point_water_c__hinglish__wrong_subtle,boiling_point_water_c,Water boils at 100 degrees Celsius at sea level.,Samudra tal par pani 0 degree Celsius par ubalta hai.,0.9925704002380371
google/muril-base-cased,english_gold,full_sentence,hinglish,wrong_hard,boiling_point_water_c__hinglish__wrong_hard,boiling_point_water_c,Water boils at 100 degrees Celsius at sea level.,Samudra tal par pani 50 degree Celsius par ubalta hai.,0.9926113486289978
google/muril-base-cased,same_language_gold,short,en,correct,capital_maharashtra__en,capital_maharashtra,Mumbai,"Mumbai is the capital of Maharashtra, the most populous state in India.",0.9876987934112549
google/muril-base-cased,same_language_gold,short,en,wrong_subtle,capital_maharashtra__en__wrong_subtle,capital_maharashtra,Mumbai,Mumbai is the capital of India.,0.9911917448043823
google/muril-base-cased,same_language_gold,short,en,wrong_hard,capital_maharashtra__en__wrong_hard,capital_maharashtra,Mumbai,The capital of Maharashtra is Chennai.,0.9905891418457031
google/muril-base-cased,same_language_gold,short,hi,correct,capital_maharashtra__hi,capital_maharashtra,मुंबई,"महाराष्ट्र की राजधानी मुंबई है, जो भारत का एक प्रमुख आर्थिक केंद्र है।",0.989668607711792
google/muril-base-cased,same_language_gold,short,hi,wrong_subtle,capital_maharashtra__hi__wrong_subtle,capital_maharashtra,मुंबई,मुंबई भारत की राजधानी है।,0.9930693507194519
google/muril-base-cased,same_language_gold,short,hi,wrong_hard,capital_maharashtra__hi__wrong_hard,capital_maharashtra,मुंबई,महाराष्ट्र की राजधानी चेन्नई है।,0.9924126267433167
google/muril-base-cased,same_language_gold,short,hinglish,correct,capital_maharashtra__hinglish,capital_maharashtra,Mumbai,Maharashtra ki rajdhani Mumbai hai. Ye India ka financial capital bhi hai.,0.9885785579681396
google/muril-base-cased,same_language_gold,short,hinglish,wrong_subtle,capital_maharashtra__hinglish__wrong_subtle,capital_maharashtra,Mumbai,Mumbai Bharat ki rajdhani hai.,0.9908000230789185
google/muril-base-cased,same_language_gold,short,hinglish,wrong_hard,capital_maharashtra__hinglish__wrong_hard,capital_maharashtra,Mumbai,Maharashtra ki rajdhani Chennai hai.,0.9908919930458069
google/muril-base-cased,same_language_gold,short,en,correct,planets_count__en,planets_count,Eight,"There are eight planets in our solar system—Mercury, Venus, Earth, Mars, Jupiter, Saturn, Uranus, and Neptune. Pluto was reclassified as a dwarf planet in 2006, so it is no longer counted among the main planets.",0.988929033279419
google/muril-base-cased,same_language_gold,short,en,wrong_subtle,planets_count__en__wrong_subtle,planets_count,Eight,"There are nine planets in our solar system, including Pluto.",0.9895814657211304
google/muril-base-cased,same_language_gold,short,en,wrong_hard,planets_count__en__wrong_hard,planets_count,Eight,There are twelve planets in our solar system.,0.9896025657653809
google/muril-base-cased,same_language_gold,short,hi,correct,planets_count__hi,planets_count,आठ,"हमारे सौर मंडल में 8 ग्रह हैं: बुध, शुक्र, पृथ्वी, मंगल, बृहस्पति, शनि, यूरेनस और नेपच्यून। 2006 में प्लूटो को बौना ग्रह घोषित कर दिया गया, इसलिए अब इसे मुख्य ग्रहों में नहीं गिना जाता।",0.9879092574119568
google/muril-base-cased,same_language_gold,short,hi,wrong_subtle,planets_count__hi__wrong_subtle,planets_count,आठ,"हमारे सौर मंडल में नौ ग्रह हैं, जिसमें प्लूटो भी शामिल है।",0.9878498315811157
google/muril-base-cased,same_language_gold,short,hi,wrong_hard,planets_count__hi__wrong_hard,planets_count,आठ,हमारे सौर मंडल में बारह ग्रह हैं।,0.9890447854995728
google/muril-base-cased,same_language_gold,short,hinglish,correct,planets_count__hinglish,planets_count,Aath,Hamare Saur Mandal mein 8 grah hain. 2015 se Pluto ko dwarf planet gina jata hai.,0.987852931022644
google/muril-base-cased,same_language_gold,short,hinglish,wrong_subtle,planets_count__hinglish__wrong_subtle,planets_count,Aath,"Hamare saur mandal mein nau grah hain, jismein Pluto bhi shamil hai.",0.9864760637283325
google/muril-base-cased,same_language_gold,short,hinglish,wrong_hard,planets_count__hinglish__wrong_hard,planets_count,Aath,Hamare saur mandal mein barah grah hain.,0.9867478013038635
google/muril-base-cased,same_language_gold,short,en,correct,freedom_year__en,freedom_year,1947,"India gained independence in 1947, ending nearly 200 years of British colonial rule.",0.9888189435005188
google/muril-base-cased,same_language_gold,short,en,wrong_subtle,freedom_year__en__wrong_subtle,freedom_year,1947,India gained independence in 1948.,0.9910891056060791
google/muril-base-cased,same_language_gold,short,en,wrong_hard,freedom_year__en__wrong_hard,freedom_year,1947,India gained independence in 1857.,0.9912055134773254
google/muril-base-cased,same_language_gold,short,hi,correct,freedom_year__hi,freedom_year,१९४७,"भारत को 1947 में स्वतंत्रता मिली, 15 अगस्त को आज़ादी का दिन मनाया जाता है।",0.9876818060874939
google/muril-base-cased,same_language_gold,short,hi,wrong_subtle,freedom_year__hi__wrong_subtle,freedom_year,१९४७,भारत को 1948 में स्वतंत्रता मिली।,0.9907342195510864
google/muril-base-cased,same_language_gold,short,hi,wrong_hard,freedom_year__hi__wrong_hard,freedom_year,१९४७,भारत को 1857 में स्वतंत्रता मिली।,0.9909102916717529
google/muril-base-cased,same_language_gold,short,hinglish,correct,freedom_year__hinglish,freedom_year,1947,"Bharat ko 1947 mein aazadi mili, 15 August ko. Yeh din aaj bhi Independence Day ke roop mein manaya jata hai.",0.9858565330505371
google/muril-base-cased,same_language_gold,short,hinglish,wrong_subtle,freedom_year__hinglish__wrong_subtle,freedom_year,1947,Bharat ko 1948 mein aazadi mili.,0.9905364513397217
google/muril-base-cased,same_language_gold,short,hinglish,wrong_hard,freedom_year__hinglish__wrong_hard,freedom_year,1947,Bharat ko 1857 mein aazadi mili.,0.9907932877540588
google/muril-base-cased,same_language_gold,short,en,correct,water_formula__en,water_formula,H2O,"The chemical formula of water is **H₂O**, indicating that each molecule contains two hydrogen atoms bonded to one oxygen atom.",0.989557147026062
google/muril-base-cased,same_language_gold,short,en,wrong_subtle,water_formula__en__wrong_subtle,water_formula,H2O,The chemical formula of water is H2O2.,0.9908348917961121
google/muril-base-cased,same_language_gold,short,en,wrong_hard,water_formula__en__wrong_hard,water_formula,H2O,The chemical formula of water is CO2.,0.9901350736618042
google/muril-base-cased,same_language_gold,short,hi,correct,water_formula__hi,water_formula,H2O,"पानी का रासायनिक सूत्र **H₂O** है, अर्थात् दो हाइड्रोजन और एक ऑक्सीजन परमाणु से बना होता है.",0.9898090362548828
google/muril-base-cased,same_language_gold,short,hi,wrong_subtle,water_formula__hi__wrong_subtle,water_formula,H2O,पानी का रासायनिक सूत्र H2O2 है।,0.99053555727005
google/muril-base-cased,same_language_gold,short,hi,wrong_hard,water_formula__hi__wrong_hard,water_formula,H2O,पानी का रासायनिक सूत्र CO2 है।,0.9900684952735901
google/muril-base-cased,same_language_gold,short,hinglish,correct,water_formula__hinglish,water_formula,H2O,Pani ka rasayanik sutra H₂O hai. Isme do hydrogen atoms aur ek oxygen atom hota hai.,0.9887274503707886
google/muril-base-cased,same_language_gold,short,hinglish,wrong_subtle,water_formula__hinglish__wrong_subtle,water_formula,H2O,Pani ka rasayanik sutra H2O2 hai.,0.9910650849342346
google/muril-base-cased,same_language_gold,short,hinglish,wrong_hard,water_formula__hinglish__wrong_hard,water_formula,H2O,Pani ka rasayanik sutra CO2 hai.,0.9898219108581543
google/muril-base-cased,same_language_gold,short,en,correct,national_animal_india__en,national_animal_india,Bengal tiger,"The national animal of India is the Bengal tiger, chosen for its strength, beauty, and cultural significance.",0.9927990436553955
google/muril-base-cased,same_language_gold,short,en,wrong_subtle,national_animal_india__en__wrong_subtle,national_animal_india,Bengal tiger,The national animal of India is the Siberian tiger.,0.993083119392395
google/muril-base-cased,same_language_gold,short,en,wrong_hard,national_animal_india__en__wrong_hard,national_animal_india,Bengal tiger,The national animal of India is the lion.,0.9917376041412354
google/muril-base-cased,same_language_gold,short,hi,correct,national_animal_india__hi,national_animal_india,बंगाल टाइगर,"भारत का राष्ट्रीय पशु हाथी है, जिसे 1972 में राष्ट्रीय पशु घोषित किया गया था।",0.9903855323791504
google/muril-base-cased,same_language_gold,short,hi,wrong_subtle,national_animal_india__hi__wrong_subtle,national_animal_india,बंगाल टाइगर,भारत का राष्ट्रीय पशु साइबेरियाई टाइगर है।,0.9945141077041626
google/muril-base-cased,same_language_gold,short,hi,wrong_hard,national_animal_india__hi__wrong_hard,national_animal_india,बंगाल टाइगर,भारत का राष्ट्रीय पशु शेर है।,0.9924567937850952
google/muril-base-cased,same_language_gold,short,hinglish,correct,national_animal_india__hinglish,national_animal_india,Bengal tiger,Bharat ka rashtriya pashu bhains (water buffalo) hai. Ye pashu desh ki arthavyavastha aur parampara mein bahut mahatvapurn hai.,0.9913734793663025
google/muril-base-cased,same_language_gold,short,hinglish,wrong_subtle,national_animal_india__hinglish__wrong_subtle,national_animal_india,Bengal tiger,Bharat ka rashtriya pashu Siberian tiger hai.,0.9931807518005371
google/muril-base-cased,same_language_gold,short,hinglish,wrong_hard,national_animal_india__hinglish__wrong_hard,national_animal_india,Bengal tiger,Bharat ka rashtriya pashu sher hai.,0.9924784302711487
google/muril-base-cased,same_language_gold,short,en,correct,largest_ocean__en,largest_ocean,Pacific Ocean,"The Pacific Ocean is the largest ocean on Earth, covering about 63 million square miles (163 million km²). It stretches from the Arctic in the north to the Antarctic in the south, larger than all the Earth's landmasses combined.",0.9885979294776917
google/muril-base-cased,same_language_gold,short,en,wrong_subtle,largest_ocean__en__wrong_subtle,largest_ocean,Pacific Ocean,The Pacific Ocean is the smallest ocean on Earth.,0.9918486475944519
google/muril-base-cased,same_language_gold,short,en,wrong_hard,largest_ocean__en__wrong_hard,largest_ocean,Pacific Ocean,The largest ocean on Earth is the Atlantic Ocean.,0.9913333654403687
google/muril-base-cased,same_language_gold,short,hi,correct,largest_ocean__hi,largest_ocean,प्रशांत महासागर,"पैसिफिक महासागर पृथ्वी का सबसे बड़ा महासागर है, जो लगभग 46.6 मिलियन वर्ग मील क्षेत्रफल को कवर करता है।",0.9894577860832214
google/muril-base-cased,same_language_gold,short,hi,wrong_subtle,largest_ocean__hi__wrong_subtle,largest_ocean,प्रशांत महासागर,प्रशांत महासागर पृथ्वी का सबसे छोटा महासागर है।,0.9913774728775024
google/muril-base-cased,same_language_gold,short,hi,wrong_hard,largest_ocean__hi__wrong_hard,largest_ocean,प्रशांत महासागर,पृथ्वी का सबसे बड़ा महासागर अटलांटिक महासागर है।,0.9906268119812012
google/muril-base-cased,same_language_gold,short,hinglish,correct,largest_ocean__hinglish,largest_ocean,Prashant Mahasagar,Sabse bada mahasagar Pacific Ocean hai. Yeh dharti ke 46% surface area ko cover karta hai.,0.9904710054397583
google/muril-base-cased,same_language_gold,short,hinglish,wrong_subtle,largest_ocean__hinglish__wrong_subtle,largest_ocean,Prashant Mahasagar,Prashant Mahasagar Prithvi ka sabse chhota mahasagar hai.,0.9914048910140991
google/muril-base-cased,same_language_gold,short,hinglish,wrong_hard,largest_ocean__hinglish__wrong_hard,largest_ocean,Prashant Mahasagar,Prithvi ka sabse bada mahasagar Atlantic Mahasagar hai.,0.9913135170936584
google/muril-base-cased,same_language_gold,short,en,correct,sun_rise_direction__en,sun_rise_direction,East,"The sun rises in the east, because Earth rotates from west to east, making the sun appear to move across the eastern horizon.",0.9882495999336243
google/muril-base-cased,same_language_gold,short,en,wrong_subtle,sun_rise_direction__en__wrong_subtle,sun_rise_direction,East,The sun rises in the north-east.,0.9896297454833984
google/muril-base-cased,same_language_gold,short,en,wrong_hard,sun_rise_direction__en__wrong_hard,sun_rise_direction,East,The sun rises in the west.,0.990036129951477
google/muril-base-cased,same_language_gold,short,hi,correct,sun_rise_direction__hi,sun_rise_direction,पूर्व,"सूर्य पूर्व दिशा में उगता है, क्योंकि पृथ्वी अपने अक्ष पर घूर्णन करती है।",0.987891435623169
google/muril-base-cased,same_language_gold,short,hi,wrong_subtle,sun_rise_direction__hi__wrong_subtle,sun_rise_direction,पूर्व,सूर्य उत्तर-पूर्व दिशा में उगता है।,0.989815890789032
google/muril-base-cased,same_language_gold,short,hi,wrong_hard,sun_rise_direction__hi__wrong_hard,sun_rise_direction,पूर्व,सूर्य पश्चिम दिशा में उगता है।,0.9896813631057739
google/muril-base-cased,same_language_gold,short,hinglish,correct,sun_rise_direction__hinglish,sun_rise_direction,Purab,"Suraj purvi disha mein ugta hai, kyunki dharti apni dhur par ghuma kar subah ki taraf hoti hai.",0.9851213693618774
google/muril-base-cased,same_language_gold,short,hinglish,wrong_subtle,sun_rise_direction__hinglish__wrong_subtle,sun_rise_direction,Purab,Suraj uttar-purab disha mein ugta hai.,0.9856886863708496
google/muril-base-cased,same_language_gold,short,hinglish,wrong_hard,sun_rise_direction__hinglish__wrong_hard,sun_rise_direction,Purab,Suraj paschim disha mein ugta hai.,0.9851938486099243
google/muril-base-cased,same_language_gold,short,en,correct,days_in_leap_year__en,days_in_leap_year,366,"A leap year has 366 days, because an extra day (February 29) is added to keep the calendar in sync with the Earth’s orbit.",0.99037766456604
google/muril-base-cased,same_language_gold,short,en,wrong_subtle,days_in_leap_year__en__wrong_subtle,days_in_leap_year,366,A leap year has 365 days.,0.9914605617523193
google/muril-base-cased,same_language_gold,short,en,wrong_hard,days_in_leap_year__en__wrong_hard,days_in_leap_year,366,A leap year has 400 days.,0.9910848140716553
google/muril-base-cased,same_language_gold,short,hi,correct,days_in_leap_year__hi,days_in_leap_year,३६६,एक लीप वर्ष में 366 दिन होते हैं। यह इसलिए होता है क्योंकि फरवरी में 29 दिन होते हैं।,0.9814891815185547
google/muril-base-cased,same_language_gold,short,hi,wrong_subtle,days_in_leap_year__hi__wrong_subtle,days_in_leap_year,३६६,एक लीप वर्ष में 365 दिन होते हैं।,0.9822562336921692
google/muril-base-cased,same_language_gold,short,hi,wrong_hard,days_in_leap_year__hi__wrong_hard,days_in_leap_year,३६६,एक लीप वर्ष में 400 दिन होते हैं।,0.980891227722168
google/muril-base-cased,same_language_gold,short,hinglish,correct,days_in_leap_year__hinglish,days_in_leap_year,366,"Leap year mein 366 din hote hain, kyunki February mein 29 din hote hain.",0.9889448881149292
google/muril-base-cased,same_language_gold,short,hinglish,wrong_subtle,days_in_leap_year__hinglish__wrong_subtle,days_in_leap_year,366,Ek leap year mein 365 din hote hain.,0.9879417419433594
google/muril-base-cased,same_language_gold,short,hinglish,wrong_hard,days_in_leap_year__hinglish__wrong_hard,days_in_leap_year,366,Ek leap year mein 400 din hote hain.,0.9874491095542908
google/muril-base-cased,same_language_gold,short,en,correct,father_of_nation_india__en,father_of_nation_india,Mahatma Gandhi,"Mahatma Gandhi is called the “Father of the Nation” in India, for leading the country’s non‑violent struggle for independence from British rule.",0.9917132258415222
google/muril-base-cased,same_language_gold,short,en,wrong_subtle,father_of_nation_india__en__wrong_subtle,father_of_nation_india,Mahatma Gandhi,Mahatma Gandhi is known as the Netaji of India.,0.9928343892097473
google/muril-base-cased,same_language_gold,short,en,wrong_hard,father_of_nation_india__en__wrong_hard,father_of_nation_india,Mahatma Gandhi,Jawaharlal Nehru is known as the Father of the Nation in India.,0.9915137887001038
google/muril-base-cased,same_language_gold,short,hi,wrong_subtle,father_of_nation_india__hi__wrong_subtle,father_of_nation_india,महात्मा गांधी,महात्मा गांधी को भारत का नेताजी कहा जाता है।,0.9930553436279297
google/muril-base-cased,same_language_gold,short,hi,wrong_hard,father_of_nation_india__hi__wrong_hard,father_of_nation_india,महात्मा गांधी,भारत में जवाहरलाल नेहरू को राष्ट्रपिता के रूप में जाना जाता है।,0.9903461933135986
google/muril-base-cased,same_language_gold,short,hinglish,correct,father_of_nation_india__hinglish,father_of_nation_india,Mahatma Gandhi,Mahatma Gandhi ko Bharat ka rashtrapita mana jata hai. Unhone ahimsa aur satyagraha se desh ki azadi ki ladai ladhi.,0.9906710386276245
google/muril-base-cased,same_language_gold,short,hinglish,wrong_subtle,father_of_nation_india__hinglish__wrong_subtle,father_of_nation_india,Mahatma Gandhi,Mahatma Gandhi ko Bharat ka Netaji kaha jata hai.,0.9902864694595337
google/muril-base-cased,same_language_gold,short,hinglish,wrong_hard,father_of_nation_india__hinglish__wrong_hard,father_of_nation_india,Mahatma Gandhi,Bharat mein Jawaharlal Nehru ko rashtrapita ke roop mein jana jata hai.,0.9892219305038452
google/muril-base-cased,same_language_gold,short,en,correct,boiling_point_water_c__en,boiling_point_water_c,100 degrees Celsius,Water boils at 100 °C at sea level (standard atmospheric pressure of 1 atm).,0.9934504628181458
google/muril-base-cased,same_language_gold,short,en,wrong_subtle,boiling_point_water_c__en__wrong_subtle,boiling_point_water_c,100 degrees Celsius,Water boils at 0 degrees Celsius at sea level.,0.9947026968002319
google/muril-base-cased,same_language_gold,short,en,wrong_hard,boiling_point_water_c__en__wrong_hard,boiling_point_water_c,100 degrees Celsius,Water boils at 50 degrees Celsius at sea level.,0.9948098063468933
google/muril-base-cased,same_language_gold,short,hi,correct,boiling_point_water_c__hi,boiling_point_water_c,१०० डिग्री सेल्सियस,समुद्र तल पर पानी 100 डिग्री सेल्सियस पर उबलता है। यह मान मानक वायुमंडलीय दबाव (1 atm) पर लागू होता है।,0.9910978078842163
google/muril-base-cased,same_language_gold,short,hi,wrong_subtle,boiling_point_water_c__hi__wrong_subtle,boiling_point_water_c,१०० डिग्री सेल्सियस,समुद्र तल पर पानी 0 डिग्री सेल्सियस पर उबलता है।,0.9922708868980408
google/muril-base-cased,same_language_gold,short,hi,wrong_hard,boiling_point_water_c__hi__wrong_hard,boiling_point_water_c,१०० डिग्री सेल्सियस,समुद्र तल पर पानी 50 डिग्री सेल्सियस पर उबलता है।,0.9920984506607056
google/muril-base-cased,same_language_gold,short,hinglish,correct,boiling_point_water_c__hinglish,boiling_point_water_c,100 degree Celsius,"Pani samudra tal par 100 °C par ubalta hai, kyunki yeh standard atmospheric pressure (1 atm) par hota hai.",0.9922131299972534
google/muril-base-cased,same_language_gold,short,hinglish,wrong_subtle,boiling_point_water_c__hinglish__wrong_subtle,boiling_point_water_c,100 degree Celsius,Samudra tal par pani 0 degree Celsius par ubalta hai.,0.9927223324775696
google/muril-base-cased,same_language_gold,short,hinglish,wrong_hard,boiling_point_water_c__hinglish__wrong_hard,boiling_point_water_c,100 degree Celsius,Samudra tal par pani 50 degree Celsius par ubalta hai.,0.9926092028617859
google/muril-base-cased,same_language_gold,full_sentence,en,correct,capital_maharashtra__en,capital_maharashtra,The capital of Maharashtra is Mumbai.,"Mumbai is the capital of Maharashtra, the most populous state in India.",0.9975718855857849
google/muril-base-cased,same_language_gold,full_sentence,en,wrong_subtle,capital_maharashtra__en__wrong_subtle,capital_maharashtra,The capital of Maharashtra is Mumbai.,Mumbai is the capital of India.,0.9987505674362183
google/muril-base-cased,same_language_gold,full_sentence,en,wrong_hard,capital_maharashtra__en__wrong_hard,capital_maharashtra,The capital of Maharashtra is Mumbai.,The capital of Maharashtra is Chennai.,0.9993141889572144
google/muril-base-cased,same_language_gold,full_sentence,hi,correct,capital_maharashtra__hi,capital_maharashtra,महाराष्ट्र की राजधानी मुंबई है।,"महाराष्ट्र की राजधानी मुंबई है, जो भारत का एक प्रमुख आर्थिक केंद्र है।",0.9967019557952881
google/muril-base-cased,same_language_gold,full_sentence,hi,wrong_subtle,capital_maharashtra__hi__wrong_subtle,capital_maharashtra,महाराष्ट्र की राजधानी मुंबई है।,मुंबई भारत की राजधानी है।,0.9989023208618164
google/muril-base-cased,same_language_gold,full_sentence,hi,wrong_hard,capital_maharashtra__hi__wrong_hard,capital_maharashtra,महाराष्ट्र की राजधानी मुंबई है।,महाराष्ट्र की राजधानी चेन्नई है।,0.9984285235404968
google/muril-base-cased,same_language_gold,full_sentence,hinglish,correct,capital_maharashtra__hinglish,capital_maharashtra,Maharashtra ki rajdhani Mumbai hai.,Maharashtra ki rajdhani Mumbai hai. Ye India ka financial capital bhi hai.,0.9983438849449158
google/muril-base-cased,same_language_gold,full_sentence,hinglish,wrong_subtle,capital_maharashtra__hinglish__wrong_subtle,capital_maharashtra,Maharashtra ki rajdhani Mumbai hai.,Mumbai Bharat ki rajdhani hai.,0.9991477131843567
google/muril-base-cased,same_language_gold,full_sentence,hinglish,wrong_hard,capital_maharashtra__hinglish__wrong_hard,capital_maharashtra,Maharashtra ki rajdhani Mumbai hai.,Maharashtra ki rajdhani Chennai hai.,0.9995386004447937
google/muril-base-cased,same_language_gold,full_sentence,en,correct,planets_count__en,planets_count,There are eight planets in our solar system.,"There are eight planets in our solar system—Mercury, Venus, Earth, Mars, Jupiter, Saturn, Uranus, and Neptune. Pluto was reclassified as a dwarf planet in 2006, so it is no longer counted among the main planets.",0.9964234828948975
google/muril-base-cased,same_language_gold,full_sentence,en,wrong_subtle,planets_count__en__wrong_subtle,planets_count,There are eight planets in our solar system.,"There are nine planets in our solar system, including Pluto.",0.9992313981056213
google/muril-base-cased,same_language_gold,full_sentence,en,wrong_hard,planets_count__en__wrong_hard,planets_count,There are eight planets in our solar system.,There are twelve planets in our solar system.,0.999754011631012
google/muril-base-cased,same_language_gold,full_sentence,hi,correct,planets_count__hi,planets_count,हमारे सौर मंडल में आठ ग्रह हैं।,"हमारे सौर मंडल में 8 ग्रह हैं: बुध, शुक्र, पृथ्वी, मंगल, बृहस्पति, शनि, यूरेनस और नेपच्यून। 2006 में प्लूटो को बौना ग्रह घोषित कर दिया गया, इसलिए अब इसे मुख्य ग्रहों में नहीं गिना जाता।",0.9958416819572449
google/muril-base-cased,same_language_gold,full_sentence,hi,wrong_subtle,planets_count__hi__wrong_subtle,planets_count,हमारे सौर मंडल में आठ ग्रह हैं।,"हमारे सौर मंडल में नौ ग्रह हैं, जिसमें प्लूटो भी शामिल है।",0.9980820417404175
google/muril-base-cased,same_language_gold,full_sentence,hi,wrong_hard,planets_count__hi__wrong_hard,planets_count,हमारे सौर मंडल में आठ ग्रह हैं।,हमारे सौर मंडल में बारह ग्रह हैं।,0.9997222423553467
google/muril-base-cased,same_language_gold,full_sentence,hinglish,correct,planets_count__hinglish,planets_count,Hamare saur mandal mein aath grah hain.,Hamare Saur Mandal mein 8 grah hain. 2015 se Pluto ko dwarf planet gina jata hai.,0.9968539476394653
google/muril-base-cased,same_language_gold,full_sentence,hinglish,wrong_subtle,planets_count__hinglish__wrong_subtle,planets_count,Hamare saur mandal mein aath grah hain.,"Hamare saur mandal mein nau grah hain, jismein Pluto bhi shamil hai.",0.9977133870124817
google/muril-base-cased,same_language_gold,full_sentence,hinglish,wrong_hard,planets_count__hinglish__wrong_hard,planets_count,Hamare saur mandal mein aath grah hain.,Hamare saur mandal mein barah grah hain.,0.9992219805717468
google/muril-base-cased,same_language_gold,full_sentence,en,correct,freedom_year__en,freedom_year,India gained independence in 1947.,"India gained independence in 1947, ending nearly 200 years of British colonial rule.",0.9965125322341919
google/muril-base-cased,same_language_gold,full_sentence,en,wrong_subtle,freedom_year__en__wrong_subtle,freedom_year,India gained independence in 1947.,India gained independence in 1948.,0.999756932258606
google/muril-base-cased,same_language_gold,full_sentence,en,wrong_hard,freedom_year__en__wrong_hard,freedom_year,India gained independence in 1947.,India gained independence in 1857.,0.9991210103034973
google/muril-base-cased,same_language_gold,full_sentence,hi,correct,freedom_year__hi,freedom_year,भारत को 1947 में स्वतंत्रता मिली।,"भारत को 1947 में स्वतंत्रता मिली, 15 अगस्त को आज़ादी का दिन मनाया जाता है।",0.9964628219604492
google/muril-base-cased,same_language_gold,full_sentence,hi,wrong_subtle,freedom_year__hi__wrong_subtle,freedom_year,भारत को 1947 में स्वतंत्रता मिली।,भारत को 1948 में स्वतंत्रता मिली।,0.9998248815536499
google/muril-base-cased,same_language_gold,full_sentence,hi,wrong_hard,freedom_year__hi__wrong_hard,freedom_year,भारत को 1947 में स्वतंत्रता मिली।,भारत को 1857 में स्वतंत्रता मिली।,0.9993451833724976
google/muril-base-cased,same_language_gold,full_sentence,hinglish,correct,freedom_year__hinglish,freedom_year,Bharat ko 1947 mein aazadi mili.,"Bharat ko 1947 mein aazadi mili, 15 August ko. Yeh din aaj bhi Independence Day ke roop mein manaya jata hai.",0.9956074357032776
google/muril-base-cased,same_language_gold,full_sentence,hinglish,wrong_subtle,freedom_year__hinglish__wrong_subtle,freedom_year,Bharat ko 1947 mein aazadi mili.,Bharat ko 1948 mein aazadi mili.,0.9997775554656982
google/muril-base-cased,same_language_gold,full_sentence,hinglish,wrong_hard,freedom_year__hinglish__wrong_hard,freedom_year,Bharat ko 1947 mein aazadi mili.,Bharat ko 1857 mein aazadi mili.,0.9994100332260132
google/muril-base-cased,same_language_gold,full_sentence,en,correct,water_formula__en,water_formula,The chemical formula of water is H2O.,"The chemical formula of water is **H₂O**, indicating that each molecule contains two hydrogen atoms bonded to one oxygen atom.",0.9957686066627502
google/muril-base-cased,same_language_gold,full_sentence,en,wrong_subtle,water_formula__en__wrong_subtle,water_formula,The chemical formula of water is H2O.,The chemical formula of water is H2O2.,0.9997076988220215
google/muril-base-cased,same_language_gold,full_sentence,en,wrong_hard,water_formula__en__wrong_hard,water_formula,The chemical formula of water is H2O.,The chemical formula of water is CO2.,0.9990966320037842
google/muril-base-cased,same_language_gold,full_sentence,hi,correct,water_formula__hi,water_formula,पानी का रासायनिक सूत्र H2O है।,"पानी का रासायनिक सूत्र **H₂O** है, अर्थात् दो हाइड्रोजन और एक ऑक्सीजन परमाणु से बना होता है.",0.9963330030441284
google/muril-base-cased,same_language_gold,full_sentence,hi,wrong_subtle,water_formula__hi__wrong_subtle,water_formula,पानी का रासायनिक सूत्र H2O है।,पानी का रासायनिक सूत्र H2O2 है।,0.9996891617774963
google/muril-base-cased,same_language_gold,full_sentence,hi,wrong_hard,water_formula__hi__wrong_hard,water_formula,पानी का रासायनिक सूत्र H2O है।,पानी का रासायनिक सूत्र CO2 है।,0.9992459416389465
google/muril-base-cased,same_language_gold,full_sentence,hinglish,correct,water_formula__hinglish,water_formula,Pani ka rasayanik sutra H2O hai.,Pani ka rasayanik sutra H₂O hai. Isme do hydrogen atoms aur ek oxygen atom hota hai.,0.9971756339073181
google/muril-base-cased,same_language_gold,full_sentence,hinglish,wrong_subtle,water_formula__hinglish__wrong_subtle,water_formula,Pani ka rasayanik sutra H2O hai.,Pani ka rasayanik sutra H2O2 hai.,0.9995620846748352
google/muril-base-cased,same_language_gold,full_sentence,hinglish,wrong_hard,water_formula__hinglish__wrong_hard,water_formula,Pani ka rasayanik sutra H2O hai.,Pani ka rasayanik sutra CO2 hai.,0.9991887807846069
google/muril-base-cased,same_language_gold,full_sentence,en,correct,national_animal_india__en,national_animal_india,The national animal of India is the Bengal tiger.,"The national animal of India is the Bengal tiger, chosen for its strength, beauty, and cultural significance.",0.9980378150939941
google/muril-base-cased,same_language_gold,full_sentence,en,wrong_subtle,national_animal_india__en__wrong_subtle,national_animal_india,The national animal of India is the Bengal tiger.,The national animal of India is the Siberian tiger.,0.9994227290153503
google/muril-base-cased,same_language_gold,full_sentence,en,wrong_hard,national_animal_india__en__wrong_hard,national_animal_india,The national animal of India is the Bengal tiger.,The national animal of India is the lion.,0.9990705251693726
google/muril-base-cased,same_language_gold,full_sentence,hi,correct,national_animal_india__hi,national_animal_india,भारत का राष्ट्रीय पशु बंगाल टाइगर है।,"भारत का राष्ट्रीय पशु हाथी है, जिसे 1972 में राष्ट्रीय पशु घोषित किया गया था।",0.9968419075012207
google/muril-base-cased,same_language_gold,full_sentence,hi,wrong_subtle,national_animal_india__hi__wrong_subtle,national_animal_india,भारत का राष्ट्रीय पशु बंगाल टाइगर है।,भारत का राष्ट्रीय पशु साइबेरियाई टाइगर है।,0.9988071918487549
google/muril-base-cased,same_language_gold,full_sentence,hi,wrong_hard,national_animal_india__hi__wrong_hard,national_animal_india,भारत का राष्ट्रीय पशु बंगाल टाइगर है।,भारत का राष्ट्रीय पशु शेर है।,0.9985681176185608
google/muril-base-cased,same_language_gold,full_sentence,hinglish,correct,national_animal_india__hinglish,national_animal_india,Bharat ka rashtriya pashu Bengal tiger hai.,Bharat ka rashtriya pashu bhains (water buffalo) hai. Ye pashu desh ki arthavyavastha aur parampara mein bahut mahatvapurn hai.,0.9968200325965881
google/muril-base-cased,same_language_gold,full_sentence,hinglish,wrong_subtle,national_animal_india__hinglish__wrong_subtle,national_animal_india,Bharat ka rashtriya pashu Bengal tiger hai.,Bharat ka rashtriya pashu Siberian tiger hai.,0.9994562864303589
google/muril-base-cased,same_language_gold,full_sentence,hinglish,wrong_hard,national_animal_india__hinglish__wrong_hard,national_animal_india,Bharat ka rashtriya pashu Bengal tiger hai.,Bharat ka rashtriya pashu sher hai.,0.9990189671516418
google/muril-base-cased,same_language_gold,full_sentence,en,correct,largest_ocean__en,largest_ocean,The largest ocean on Earth is the Pacific Ocean.,"The Pacific Ocean is the largest ocean on Earth, covering about 63 million square miles (163 million km²). It stretches from the Arctic in the north to the Antarctic in the south, larger than all the Earth's landmasses combined.",0.996819794178009
google/muril-base-cased,same_language_gold,full_sentence,en,wrong_subtle,largest_ocean__en__wrong_subtle,largest_ocean,The largest ocean on Earth is the Pacific Ocean.,The Pacific Ocean is the smallest ocean on Earth.,0.9993180632591248
google/muril-base-cased,same_language_gold,full_sentence,en,wrong_hard,largest_ocean__en__wrong_hard,largest_ocean,The largest ocean on Earth is the Pacific Ocean.,The largest ocean on Earth is the Atlantic Ocean.,0.9998533129692078
google/muril-base-cased,same_language_gold,full_sentence,hi,correct,largest_ocean__hi,largest_ocean,पृथ्वी का सबसे बड़ा महासागर प्रशांत महासागर है।,"पैसिफिक महासागर पृथ्वी का सबसे बड़ा महासागर है, जो लगभग 46.6 मिलियन वर्ग मील क्षेत्रफल को कवर करता है।",0.9966930747032166
google/muril-base-cased,same_language_gold,full_sentence,hi,wrong_subtle,largest_ocean__hi__wrong_subtle,largest_ocean,पृथ्वी का सबसे बड़ा महासागर प्रशांत महासागर है।,प्रशांत महासागर पृथ्वी का सबसे छोटा महासागर है।,0.9991334676742554
google/muril-base-cased,same_language_gold,full_sentence,hi,wrong_hard,largest_ocean__hi__wrong_hard,largest_ocean,पृथ्वी का सबसे बड़ा महासागर प्रशांत महासागर है।,पृथ्वी का सबसे बड़ा महासागर अटलांटिक महासागर है।,0.9994823932647705
google/muril-base-cased,same_language_gold,full_sentence,hinglish,correct,largest_ocean__hinglish,largest_ocean,Prithvi ka sabse bada mahasagar Prashant Mahasagar hai.,Sabse bada mahasagar Pacific Ocean hai. Yeh dharti ke 46% surface area ko cover karta hai.,0.9965807795524597
google/muril-base-cased,same_language_gold,full_sentence,hinglish,wrong_subtle,largest_ocean__hinglish__wrong_subtle,largest_ocean,Prithvi ka sabse bada mahasagar Prashant Mahasagar hai.,Prashant Mahasagar Prithvi ka sabse chhota mahasagar hai.,0.9990277290344238
google/muril-base-cased,same_language_gold,full_sentence,hinglish,wrong_hard,largest_ocean__hinglish__wrong_hard,largest_ocean,Prithvi ka sabse bada mahasagar Prashant Mahasagar hai.,Prithvi ka sabse bada mahasagar Atlantic Mahasagar hai.,0.9992710947990417
google/muril-base-cased,same_language_gold,full_sentence,en,correct,sun_rise_direction__en,sun_rise_direction,The sun rises in the east.,"The sun rises in the east, because Earth rotates from west to east, making the sun appear to move across the eastern horizon.",0.9972813129425049
google/muril-base-cased,same_language_gold,full_sentence,en,wrong_subtle,sun_rise_direction__en__wrong_subtle,sun_rise_direction,The sun rises in the east.,The sun rises in the north-east.,0.9992892146110535
google/muril-base-cased,same_language_gold,full_sentence,en,wrong_hard,sun_rise_direction__en__wrong_hard,sun_rise_direction,The sun rises in the east.,The sun rises in the west.,0.9998701214790344
google/muril-base-cased,same_language_gold,full_sentence,hi,correct,sun_rise_direction__hi,sun_rise_direction,सूर्य पूर्व दिशा में उगता है।,"सूर्य पूर्व दिशा में उगता है, क्योंकि पृथ्वी अपने अक्ष पर घूर्णन करती है।",0.9975345134735107
google/muril-base-cased,same_language_gold,full_sentence,hi,wrong_subtle,sun_rise_direction__hi__wrong_subtle,sun_rise_direction,सूर्य पूर्व दिशा में उगता है।,सूर्य उत्तर-पूर्व दिशा में उगता है।,0.9995365142822266
google/muril-base-cased,same_language_gold,full_sentence,hi,wrong_hard,sun_rise_direction__hi__wrong_hard,sun_rise_direction,सूर्य पूर्व दिशा में उगता है।,सूर्य पश्चिम दिशा में उगता है।,0.9997340440750122
google/muril-base-cased,same_language_gold,full_sentence,hinglish,correct,sun_rise_direction__hinglish,sun_rise_direction,Suraj purab disha mein ugta hai.,"Suraj purvi disha mein ugta hai, kyunki dharti apni dhur par ghuma kar subah ki taraf hoti hai.",0.9957014918327332
google/muril-base-cased,same_language_gold,full_sentence,hinglish,wrong_subtle,sun_rise_direction__hinglish__wrong_subtle,sun_rise_direction,Suraj purab disha mein ugta hai.,Suraj uttar-purab disha mein ugta hai.,0.9993393421173096
google/muril-base-cased,same_language_gold,full_sentence,hinglish,wrong_hard,sun_rise_direction__hinglish__wrong_hard,sun_rise_direction,Suraj purab disha mein ugta hai.,Suraj paschim disha mein ugta hai.,0.9989479780197144
google/muril-base-cased,same_language_gold,full_sentence,en,correct,days_in_leap_year__en,days_in_leap_year,A leap year has 366 days.,"A leap year has 366 days, because an extra day (February 29) is added to keep the calendar in sync with the Earth’s orbit.",0.996044397354126
google/muril-base-cased,same_language_gold,full_sentence,en,wrong_subtle,days_in_leap_year__en__wrong_subtle,days_in_leap_year,A leap year has 366 days.,A leap year has 365 days.,0.9997615814208984
google/muril-base-cased,same_language_gold,full_sentence,en,wrong_hard,days_in_leap_year__en__wrong_hard,days_in_leap_year,A leap year has 366 days.,A leap year has 400 days.,0.9994964599609375
google/muril-base-cased,same_language_gold,full_sentence,hi,correct,days_in_leap_year__hi,days_in_leap_year,एक लीप वर्ष में 366 दिन होते हैं।,एक लीप वर्ष में 366 दिन होते हैं। यह इसलिए होता है क्योंकि फरवरी में 29 दिन होते हैं।,0.9976525902748108
google/muril-base-cased,same_language_gold,full_sentence,hi,wrong_subtle,days_in_leap_year__hi__wrong_subtle,days_in_leap_year,एक लीप वर्ष में 366 दिन होते हैं।,एक लीप वर्ष में 365 दिन होते हैं।,0.9998399615287781
google/muril-base-cased,same_language_gold,full_sentence,hi,wrong_hard,days_in_leap_year__hi__wrong_hard,days_in_leap_year,एक लीप वर्ष में 366 दिन होते हैं।,एक लीप वर्ष में 400 दिन होते हैं।,0.9995669722557068
google/muril-base-cased,same_language_gold,full_sentence,hinglish,correct,days_in_leap_year__hinglish,days_in_leap_year,Ek leap year mein 366 din hote hain.,"Leap year mein 366 din hote hain, kyunki February mein 29 din hote hain.",0.9971494078636169
google/muril-base-cased,same_language_gold,full_sentence,hinglish,wrong_subtle,days_in_leap_year__hinglish__wrong_subtle,days_in_leap_year,Ek leap year mein 366 din hote hain.,Ek leap year mein 365 din hote hain.,0.9997259974479675
google/muril-base-cased,same_language_gold,full_sentence,hinglish,wrong_hard,days_in_leap_year__hinglish__wrong_hard,days_in_leap_year,Ek leap year mein 366 din hote hain.,Ek leap year mein 400 din hote hain.,0.999423623085022
google/muril-base-cased,same_language_gold,full_sentence,en,correct,father_of_nation_india__en,father_of_nation_india,Mahatma Gandhi is known as the Father of the Nation in India.,"Mahatma Gandhi is called the “Father of the Nation” in India, for leading the country’s non‑violent struggle for independence from British rule.",0.9974009990692139
google/muril-base-cased,same_language_gold,full_sentence,en,wrong_subtle,father_of_nation_india__en__wrong_subtle,father_of_nation_india,Mahatma Gandhi is known as the Father of the Nation in India.,Mahatma Gandhi is known as the Netaji of India.,0.9973431825637817
google/muril-base-cased,same_language_gold,full_sentence,en,wrong_hard,father_of_nation_india__en__wrong_hard,father_of_nation_india,Mahatma Gandhi is known as the Father of the Nation in India.,Jawaharlal Nehru is known as the Father of the Nation in India.,0.9992719888687134
google/muril-base-cased,same_language_gold,full_sentence,hi,wrong_subtle,father_of_nation_india__hi__wrong_subtle,father_of_nation_india,भारत में महात्मा गांधी को राष्ट्रपिता के रूप में जाना जाता है।,महात्मा गांधी को भारत का नेताजी कहा जाता है।,0.9979114532470703
google/muril-base-cased,same_language_gold,full_sentence,hi,wrong_hard,father_of_nation_india__hi__wrong_hard,father_of_nation_india,भारत में महात्मा गांधी को राष्ट्रपिता के रूप में जाना जाता है।,भारत में जवाहरलाल नेहरू को राष्ट्रपिता के रूप में जाना जाता है।,0.9993757605552673
google/muril-base-cased,same_language_gold,full_sentence,hinglish,correct,father_of_nation_india__hinglish,father_of_nation_india,Bharat mein Mahatma Gandhi ko rashtrapita ke roop mein jana jata hai.,Mahatma Gandhi ko Bharat ka rashtrapita mana jata hai. Unhone ahimsa aur satyagraha se desh ki azadi ki ladai ladhi.,0.9967884421348572
google/muril-base-cased,same_language_gold,full_sentence,hinglish,wrong_subtle,father_of_nation_india__hinglish__wrong_subtle,father_of_nation_india,Bharat mein Mahatma Gandhi ko rashtrapita ke roop mein jana jata hai.,Mahatma Gandhi ko Bharat ka Netaji kaha jata hai.,0.9972955584526062
google/muril-base-cased,same_language_gold,full_sentence,hinglish,wrong_hard,father_of_nation_india__hinglish__wrong_hard,father_of_nation_india,Bharat mein Mahatma Gandhi ko rashtrapita ke roop mein jana jata hai.,Bharat mein Jawaharlal Nehru ko rashtrapita ke roop mein jana jata hai.,0.9996153712272644
google/muril-base-cased,same_language_gold,full_sentence,en,correct,boiling_point_water_c__en,boiling_point_water_c,Water boils at 100 degrees Celsius at sea level.,Water boils at 100 °C at sea level (standard atmospheric pressure of 1 atm).,0.9980821013450623
google/muril-base-cased,same_language_gold,full_sentence,en,wrong_subtle,boiling_point_water_c__en__wrong_subtle,boiling_point_water_c,Water boils at 100 degrees Celsius at sea level.,Water boils at 0 degrees Celsius at sea level.,0.9993307590484619
google/muril-base-cased,same_language_gold,full_sentence,en,wrong_hard,boiling_point_water_c__en__wrong_hard,boiling_point_water_c,Water boils at 100 degrees Celsius at sea level.,Water boils at 50 degrees Celsius at sea level.,0.9997981786727905
google/muril-base-cased,same_language_gold,full_sentence,hi,correct,boiling_point_water_c__hi,boiling_point_water_c,समुद्र तल पर पानी 100 डिग्री सेल्सियस पर उबलता है।,समुद्र तल पर पानी 100 डिग्री सेल्सियस पर उबलता है। यह मान मानक वायुमंडलीय दबाव (1 atm) पर लागू होता है।,0.9982773661613464
google/muril-base-cased,same_language_gold,full_sentence,hi,wrong_subtle,boiling_point_water_c__hi__wrong_subtle,boiling_point_water_c,समुद्र तल पर पानी 100 डिग्री सेल्सियस पर उबलता है।,समुद्र तल पर पानी 0 डिग्री सेल्सियस पर उबलता है।,0.9995070695877075
google/muril-base-cased,same_language_gold,full_sentence,hi,wrong_hard,boiling_point_water_c__hi__wrong_hard,boiling_point_water_c,समुद्र तल पर पानी 100 डिग्री सेल्सियस पर उबलता है।,समुद्र तल पर पानी 50 डिग्री सेल्सियस पर उबलता है।,0.9999020099639893
google/muril-base-cased,same_language_gold,full_sentence,hinglish,correct,boiling_point_water_c__hinglish,boiling_point_water_c,Samudra tal par pani 100 degree Celsius par ubalta hai.,"Pani samudra tal par 100 °C par ubalta hai, kyunki yeh standard atmospheric pressure (1 atm) par hota hai.",0.9963675141334534
google/muril-base-cased,same_language_gold,full_sentence,hinglish,wrong_subtle,boiling_point_water_c__hinglish__wrong_subtle,boiling_point_water_c,Samudra tal par pani 100 degree Celsius par ubalta hai.,Samudra tal par pani 0 degree Celsius par ubalta hai.,0.9979991316795349
google/muril-base-cased,same_language_gold,full_sentence,hinglish,wrong_hard,boiling_point_water_c__hinglish__wrong_hard,boiling_point_water_c,Samudra tal par pani 100 degree Celsius par ubalta hai.,Samudra tal par pani 50 degree Celsius par ubalta hai.,0.9999017119407654
sentence-transformers/paraphrase-multilingual-mpnet-base-v2,english_gold,short,en,correct,capital_maharashtra__en,capital_maharashtra,Mumbai,"Mumbai is the capital of Maharashtra, the most populous state in India.",0.787660539150238
sentence-transformers/paraphrase-multilingual-mpnet-base-v2,english_gold,short,en,wrong_subtle,capital_maharashtra__en__wrong_subtle,capital_maharashtra,Mumbai,Mumbai is the capital of India.,0.8497109413146973
sentence-transformers/paraphrase-multilingual-mpnet-base-v2,english_gold,short,en,wrong_hard,capital_maharashtra__en__wrong_hard,capital_maharashtra,Mumbai,The capital of Maharashtra is Chennai.,0.5886678695678711
sentence-transformers/paraphrase-multilingual-mpnet-base-v2,english_gold,short,hi,correct,capital_maharashtra__hi,capital_maharashtra,Mumbai,"महाराष्ट्र की राजधानी मुंबई है, जो भारत का एक प्रमुख आर्थिक केंद्र है।",0.7634779810905457
sentence-transformers/paraphrase-multilingual-mpnet-base-v2,english_gold,short,hi,wrong_subtle,capital_maharashtra__hi__wrong_subtle,capital_maharashtra,Mumbai,मुंबई भारत की राजधानी है।,0.856246292591095
sentence-transformers/paraphrase-multilingual-mpnet-base-v2,english_gold,short,hi,wrong_hard,capital_maharashtra__hi__wrong_hard,capital_maharashtra,Mumbai,महाराष्ट्र की राजधानी चेन्नई है।,0.6547421813011169
sentence-transformers/paraphrase-multilingual-mpnet-base-v2,english_gold,short,hinglish,correct,capital_maharashtra__hinglish,capital_maharashtra,Mumbai,Maharashtra ki rajdhani Mumbai hai. Ye India ka financial capital bhi hai.,0.7509783506393433
sentence-transformers/paraphrase-multilingual-mpnet-base-v2,english_gold,short,hinglish,wrong_subtle,capital_maharashtra__hinglish__wrong_subtle,capital_maharashtra,Mumbai,Mumbai Bharat ki rajdhani hai.,0.7849842309951782
sentence-transformers/paraphrase-multilingual-mpnet-base-v2,english_gold,short,hinglish,wrong_hard,capital_maharashtra__hinglish__wrong_hard,capital_maharashtra,Mumbai,Maharashtra ki rajdhani Chennai hai.,0.6558674573898315
sentence-transformers/paraphrase-multilingual-mpnet-base-v2,english_gold,short,en,correct,planets_count__en,planets_count,Eight,"There are eight planets in our solar system—Mercury, Venus, Earth, Mars, Jupiter, Saturn, Uranus, and Neptune. Pluto was reclassified as a dwarf planet in 2006, so it is no longer counted among the main planets.",0.4929555058479309
sentence-transformers/paraphrase-multilingual-mpnet-base-v2,english_gold,short,en,wrong_subtle,planets_count__en__wrong_subtle,planets_count,Eight,"There are nine planets in our solar system, including Pluto.",0.3567824959754944
sentence-transformers/paraphrase-multilingual-mpnet-base-v2,english_gold,short,en,wrong_hard,planets_count__en__wrong_hard,planets_count,Eight,There are twelve planets in our solar system.,0.40141940116882324
sentence-transformers/paraphrase-multilingual-mpnet-base-v2,english_gold,short,hi,correct,planets_count__hi,planets_count,Eight,"हमारे सौर मंडल में 8 ग्रह हैं: बुध, शुक्र, पृथ्वी, मंगल, बृहस्पति, शनि, यूरेनस और नेपच्यून। 2006 में प्लूटो को बौना ग्रह घोषित कर दिया गया, इसलिए अब इसे मुख्य ग्रहों में नहीं गिना जाता।",0.4616428017616272
sentence-transformers/paraphrase-multilingual-mpnet-base-v2,english_gold,short,hi,wrong_subtle,planets_count__hi__wrong_subtle,planets_count,Eight,"हमारे सौर मंडल में नौ ग्रह हैं, जिसमें प्लूटो भी शामिल है।",0.35666829347610474
sentence-transformers/paraphrase-multilingual-mpnet-base-v2,english_gold,short,hi,wrong_hard,planets_count__hi__wrong_hard,planets_count,Eight,हमारे सौर मंडल में बारह ग्रह हैं।,0.3942713737487793
sentence-transformers/paraphrase-multilingual-mpnet-base-v2,english_gold,short,hinglish,correct,planets_count__hinglish,planets_count,Eight,Hamare Saur Mandal mein 8 grah hain. 2015 se Pluto ko dwarf planet gina jata hai.,0.29901790618896484
sentence-transformers/paraphrase-multilingual-mpnet-base-v2,english_gold,short,hinglish,wrong_subtle,planets_count__hinglish__wrong_subtle,planets_count,Eight,"Hamare saur mandal mein nau grah hain, jismein Pluto bhi shamil hai.",0.18628045916557312
sentence-transformers/paraphrase-multilingual-mpnet-base-v2,english_gold,short,hinglish,wrong_hard,planets_count__hinglish__wrong_hard,planets_count,Eight,Hamare saur mandal mein barah grah hain.,0.19266003370285034
sentence-transformers/paraphrase-multilingual-mpnet-base-v2,english_gold,short,en,correct,freedom_year__en,freedom_year,1947,"India gained independence in 1947, ending nearly 200 years of British colonial rule.",0.44390803575515747
sentence-transformers/paraphrase-multilingual-mpnet-base-v2,english_gold,short,en,wrong_subtle,freedom_year__en__wrong_subtle,freedom_year,1947,India gained independence in 1948.,0.345857709646225
sentence-transformers/paraphrase-multilingual-mpnet-base-v2,english_gold,short,en,wrong_hard,freedom_year__en__wrong_hard,freedom_year,1947,India gained independence in 1857.,0.22386154532432556
sentence-transformers/paraphrase-multilingual-mpnet-base-v2,english_gold,short,hi,correct,freedom_year__hi,freedom_year,1947,"भारत को 1947 में स्वतंत्रता मिली, 15 अगस्त को आज़ादी का दिन मनाया जाता है।",0.43776050209999084
sentence-transformers/paraphrase-multilingual-mpnet-base-v2,english_gold,short,hi,wrong_subtle,freedom_year__hi__wrong_subtle,freedom_year,1947,भारत को 1948 में स्वतंत्रता मिली।,0.35323619842529297
sentence-transformers/paraphrase-multilingual-mpnet-base-v2,english_gold,short,hi,wrong_hard,freedom_year__hi__wrong_hard,freedom_year,1947,भारत को 1857 में स्वतंत्रता मिली।,0.23236331343650818
sentence-transformers/paraphrase-multilingual-mpnet-base-v2,english_gold,short,hinglish,correct,freedom_year__hinglish,freedom_year,1947,"Bharat ko 1947 mein aazadi mili, 15 August ko. Yeh din aaj bhi Independence Day ke roop mein manaya jata hai.",0.5132616758346558
sentence-transformers/paraphrase-multilingual-mpnet-base-v2,english_gold,short,hinglish,wrong_subtle,freedom_year__hinglish__wrong_subtle,freedom_year,1947,Bharat ko 1948 mein aazadi mili.,0.43913376331329346
sentence-transformers/paraphrase-multilingual-mpnet-base-v2,english_gold,short,hinglish,wrong_hard,freedom_year__hinglish__wrong_hard,freedom_year,1947,Bharat ko 1857 mein aazadi mili.,0.34686923027038574
sentence-transformers/paraphrase-multilingual-mpnet-base-v2,english_gold,short,en,correct,water_formula__en,water_formula,H2O,"The chemical formula of water is **H₂O**, indicating that each molecule contains two hydrogen atoms bonded to one oxygen atom.",0.7092037200927734
sentence-transformers/paraphrase-multilingual-mpnet-base-v2,english_gold,short,en,wrong_subtle,water_formula__en__wrong_subtle,water_formula,H2O,The chemical formula of water is H2O2.,0.7289213538169861
sentence-transformers/paraphrase-multilingual-mpnet-base-v2,english_gold,short,en,wrong_hard,water_formula__en__wrong_hard,water_formula,H2O,The chemical formula of water is CO2.,0.6393566727638245
sentence-transformers/paraphrase-multilingual-mpnet-base-v2,english_gold,short,hi,correct,water_formula__hi,water_formula,H2O,"पानी का रासायनिक सूत्र **H₂O** है, अर्थात् दो हाइड्रोजन और एक ऑक्सीजन परमाणु से बना होता है.",0.7340093851089478
sentence-transformers/paraphrase-multilingual-mpnet-base-v2,english_gold,short,hi,wrong_subtle,water_formula__hi__wrong_subtle,water_formula,H2O,पानी का रासायनिक सूत्र H2O2 है।,0.7426533699035645
sentence-transformers/paraphrase-multilingual-mpnet-base-v2,english_gold,short,hi,wrong_hard,water_formula__hi__wrong_hard,water_formula,H2O,पानी का रासायनिक सूत्र CO2 है।,0.6400724649429321
sentence-transformers/paraphrase-multilingual-mpnet-base-v2,english_gold,short,hinglish,correct,water_formula__hinglish,water_formula,H2O,Pani ka rasayanik sutra H₂O hai. Isme do hydrogen atoms aur ek oxygen atom hota hai.,0.7721322774887085
sentence-transformers/paraphrase-multilingual-mpnet-base-v2,english_gold,short,hinglish,wrong_subtle,water_formula__hinglish__wrong_subtle,water_formula,H2O,Pani ka rasayanik sutra H2O2 hai.,0.8011881709098816
sentence-transformers/paraphrase-multilingual-mpnet-base-v2,english_gold,short,hinglish,wrong_hard,water_formula__hinglish__wrong_hard,water_formula,H2O,Pani ka rasayanik sutra CO2 hai.,0.6268364191055298
sentence-transformers/paraphrase-multilingual-mpnet-base-v2,english_gold,short,en,correct,national_animal_india__en,national_animal_india,Bengal tiger,"The national animal of India is the Bengal tiger, chosen for its strength, beauty, and cultural significance.",0.7463358640670776
sentence-transformers/paraphrase-multilingual-mpnet-base-v2,english_gold,short,en,wrong_subtle,national_animal_india__en__wrong_subtle,national_animal_india,Bengal tiger,The national animal of India is the Siberian tiger.,0.6644805669784546
sentence-transformers/paraphrase-multilingual-mpnet-base-v2,english_gold,short,en,wrong_hard,national_animal_india__en__wrong_hard,national_animal_india,Bengal tiger,The national animal of India is the lion.,0.4859190881252289
sentence-transformers/paraphrase-multilingual-mpnet-base-v2,english_gold,short,hi,correct,national_animal_india__hi,national_animal_india,Bengal tiger,"भारत का राष्ट्रीय पशु हाथी है, जिसे 1972 में राष्ट्रीय पशु घोषित किया गया था।",0.3380649983882904
sentence-transformers/paraphrase-multilingual-mpnet-base-v2,english_gold,short,hi,wrong_subtle,national_animal_india__hi__wrong_subtle,national_animal_india,Bengal tiger,भारत का राष्ट्रीय पशु साइबेरियाई टाइगर है।,0.6860346794128418
sentence-transformers/paraphrase-multilingual-mpnet-base-v2,english_gold,short,hi,wrong_hard,national_animal_india__hi__wrong_hard,national_animal_india,Bengal tiger,भारत का राष्ट्रीय पशु शेर है।,0.5748151540756226
sentence-transformers/paraphrase-multilingual-mpnet-base-v2,english_gold,short,hinglish,correct,national_animal_india__hinglish,national_animal_india,Bengal tiger,Bharat ka rashtriya pashu bhains (water buffalo) hai. Ye pashu desh ki arthavyavastha aur parampara mein bahut mahatvapurn hai.,0.47250133752822876
sentence-transformers/paraphrase-multilingual-mpnet-base-v2,english_gold,short,hinglish,wrong_subtle,national_animal_india__hinglish__wrong_subtle,national_animal_india,Bengal tiger,Bharat ka rashtriya pashu Siberian tiger hai.,0.731142520904541
sentence-transformers/paraphrase-multilingual-mpnet-base-v2,english_gold,short,hinglish,wrong_hard,national_animal_india__hinglish__wrong_hard,national_animal_india,Bengal tiger,Bharat ka rashtriya pashu sher hai.,0.3643607497215271
sentence-transformers/paraphrase-multilingual-mpnet-base-v2,english_gold,short,en,correct,largest_ocean__en,largest_ocean,Pacific Ocean,"The Pacific Ocean is the largest ocean on Earth, covering about 63 million square miles (163 million km²). It stretches from the Arctic in the north to the Antarctic in the south, larger than all the Earth's landmasses combined.",0.6500738859176636
sentence-transformers/paraphrase-multilingual-mpnet-base-v2,english_gold,short,en,wrong_subtle,largest_ocean__en__wrong_subtle,largest_ocean,Pacific Ocean,The Pacific Ocean is the smallest ocean on Earth.,0.6187008023262024
sentence-transformers/paraphrase-multilingual-mpnet-base-v2,english_gold,short,en,wrong_hard,largest_ocean__en__wrong_hard,largest_ocean,Pacific Ocean,The largest ocean on Earth is the Atlantic Ocean.,0.5917608737945557
sentence-transformers/paraphrase-multilingual-mpnet-base-v2,english_gold,short,hi,correct,largest_ocean__hi,largest_ocean,Pacific Ocean,"पैसिफिक महासागर पृथ्वी का सबसे बड़ा महासागर है, जो लगभग 46.6 मिलियन वर्ग मील क्षेत्रफल को कवर करता है।",0.5389561653137207
sentence-transformers/paraphrase-multilingual-mpnet-base-v2,english_gold,short,hi,wrong_subtle,largest_ocean__hi__wrong_subtle,largest_ocean,Pacific Ocean,प्रशांत महासागर पृथ्वी का सबसे छोटा महासागर है।,0.6074569821357727
sentence-transformers/paraphrase-multilingual-mpnet-base-v2,english_gold,short,hi,wrong_hard,largest_ocean__hi__wrong_hard,largest_ocean,Pacific Ocean,पृथ्वी का सबसे बड़ा महासागर अटलांटिक महासागर है।,0.6001179218292236
sentence-transformers/paraphrase-multilingual-mpnet-base-v2,english_gold,short,hinglish,correct,largest_ocean__hinglish,largest_ocean,Pacific Ocean,Sabse bada mahasagar Pacific Ocean hai. Yeh dharti ke 46% surface area ko cover karta hai.,0.7102132439613342
sentence-transformers/paraphrase-multilingual-mpnet-base-v2,english_gold,short,hinglish,wrong_subtle,largest_ocean__hinglish__wrong_subtle,largest_ocean,Pacific Ocean,Prashant Mahasagar Prithvi ka sabse chhota mahasagar hai.,0.18122193217277527
sentence-transformers/paraphrase-multilingual-mpnet-base-v2,english_gold,short,hinglish,wrong_hard,largest_ocean__hinglish__wrong_hard,largest_ocean,Pacific Ocean,Prithvi ka sabse bada mahasagar Atlantic Mahasagar hai.,0.4971936345100403
sentence-transformers/paraphrase-multilingual-mpnet-base-v2,english_gold,short,en,correct,sun_rise_direction__en,sun_rise_direction,East,"The sun rises in the east, because Earth rotates from west to east, making the sun appear to move across the eastern horizon.",0.6659791469573975
sentence-transformers/paraphrase-multilingual-mpnet-base-v2,english_gold,short,en,wrong_subtle,sun_rise_direction__en__wrong_subtle,sun_rise_direction,East,The sun rises in the north-east.,0.4993284344673157
sentence-transformers/paraphrase-multilingual-mpnet-base-v2,english_gold,short,en,wrong_hard,sun_rise_direction__en__wrong_hard,sun_rise_direction,East,The sun rises in the west.,0.3221457600593567
sentence-transformers/paraphrase-multilingual-mpnet-base-v2,english_gold,short,hi,correct,sun_rise_direction__hi,sun_rise_direction,East,"सूर्य पूर्व दिशा में उगता है, क्योंकि पृथ्वी अपने अक्ष पर घूर्णन करती है।",0.48388758301734924
sentence-transformers/paraphrase-multilingual-mpnet-base-v2,english_gold,short,hi,wrong_subtle,sun_rise_direction__hi__wrong_subtle,sun_rise_direction,East,सूर्य उत्तर-पूर्व दिशा में उगता है।,0.44923311471939087
sentence-transformers/paraphrase-multilingual-mpnet-base-v2,english_gold,short,hi,wrong_hard,sun_rise_direction__hi__wrong_hard,sun_rise_direction,East,सूर्य पश्चिम दिशा में उगता है।,0.40210604667663574
sentence-transformers/paraphrase-multilingual-mpnet-base-v2,english_gold,short,hinglish,correct,sun_rise_direction__hinglish,sun_rise_direction,East,"Suraj purvi disha mein ugta hai, kyunki dharti apni dhur par ghuma kar subah ki taraf hoti hai.",0.1706370711326599
sentence-transformers/paraphrase-multilingual-mpnet-base-v2,english_gold,short,hinglish,wrong_subtle,sun_rise_direction__hinglish__wrong_subtle,sun_rise_direction,East,Suraj uttar-purab disha mein ugta hai.,0.18144157528877258
sentence-transformers/paraphrase-multilingual-mpnet-base-v2,english_gold,short,hinglish,wrong_hard,sun_rise_direction__hinglish__wrong_hard,sun_rise_direction,East,Suraj paschim disha mein ugta hai.,0.23393765091896057
sentence-transformers/paraphrase-multilingual-mpnet-base-v2,english_gold,short,en,correct,days_in_leap_year__en,days_in_leap_year,366,"A leap year has 366 days, because an extra day (February 29) is added to keep the calendar in sync with the Earth’s orbit.",0.4242557883262634
sentence-transformers/paraphrase-multilingual-mpnet-base-v2,english_gold,short,en,wrong_subtle,days_in_leap_year__en__wrong_subtle,days_in_leap_year,366,A leap year has 365 days.,0.42568516731262207
sentence-transformers/paraphrase-multilingual-mpnet-base-v2,english_gold,short,en,wrong_hard,days_in_leap_year__en__wrong_hard,days_in_leap_year,366,A leap year has 400 days.,0.24877062439918518
sentence-transformers/paraphrase-multilingual-mpnet-base-v2,english_gold,short,hi,correct,days_in_leap_year__hi,days_in_leap_year,366,एक लीप वर्ष में 366 दिन होते हैं। यह इसलिए होता है क्योंकि फरवरी में 29 दिन होते हैं।,0.4974667429924011
sentence-transformers/paraphrase-multilingual-mpnet-base-v2,english_gold,short,hi,wrong_subtle,days_in_leap_year__hi__wrong_subtle,days_in_leap_year,366,एक लीप वर्ष में 365 दिन होते हैं।,0.49314022064208984
sentence-transformers/paraphrase-multilingual-mpnet-base-v2,english_gold,short,hi,wrong_hard,days_in_leap_year__hi__wrong_hard,days_in_leap_year,366,एक लीप वर्ष में 400 दिन होते हैं।,0.29481041431427
sentence-transformers/paraphrase-multilingual-mpnet-base-v2,english_gold,short,hinglish,correct,days_in_leap_year__hinglish,days_in_leap_year,366,"Leap year mein 366 din hote hain, kyunki February mein 29 din hote hain.",0.38158750534057617
sentence-transformers/paraphrase-multilingual-mpnet-base-v2,english_gold,short,hinglish,wrong_subtle,days_in_leap_year__hinglish__wrong_subtle,days_in_leap_year,366,Ek leap year mein 365 din hote hain.,0.40231549739837646
sentence-transformers/paraphrase-multilingual-mpnet-base-v2,english_gold,short,hinglish,wrong_hard,days_in_leap_year__hinglish__wrong_hard,days_in_leap_year,366,Ek leap year mein 400 din hote hain.,0.28896838426589966
sentence-transformers/paraphrase-multilingual-mpnet-base-v2,english_gold,short,en,correct,father_of_nation_india__en,father_of_nation_india,Mahatma Gandhi,"Mahatma Gandhi is called the “Father of the Nation” in India, for leading the country’s non‑violent struggle for independence from British rule.",0.8119685649871826
sentence-transformers/paraphrase-multilingual-mpnet-base-v2,english_gold,short,en,wrong_subtle,father_of_nation_india__en__wrong_subtle,father_of_nation_india,Mahatma Gandhi,Mahatma Gandhi is known as the Netaji of India.,0.8031549453735352
sentence-transformers/paraphrase-multilingual-mpnet-base-v2,english_gold,short,en,wrong_hard,father_of_nation_india__en__wrong_hard,father_of_nation_india,Mahatma Gandhi,Jawaharlal Nehru is known as the Father of the Nation in India.,0.5508521795272827
sentence-transformers/paraphrase-multilingual-mpnet-base-v2,english_gold,short,hi,wrong_subtle,father_of_nation_india__hi__wrong_subtle,father_of_nation_india,Mahatma Gandhi,महात्मा गांधी को भारत का नेताजी कहा जाता है।,0.8924351930618286
sentence-transformers/paraphrase-multilingual-mpnet-base-v2,english_gold,short,hi,wrong_hard,father_of_nation_india__hi__wrong_hard,father_of_nation_india,Mahatma Gandhi,भारत में जवाहरलाल नेहरू को राष्ट्रपिता के रूप में जाना जाता है।,0.6357939839363098
sentence-transformers/paraphrase-multilingual-mpnet-base-v2,english_gold,short,hinglish,correct,father_of_nation_india__hinglish,father_of_nation_india,Mahatma Gandhi,Mahatma Gandhi ko Bharat ka rashtrapita mana jata hai. Unhone ahimsa aur satyagraha se desh ki azadi ki ladai ladhi.,0.7268165946006775
sentence-transformers/paraphrase-multilingual-mpnet-base-v2,english_gold,short,hinglish,wrong_subtle,father_of_nation_india__hinglish__wrong_subtle,father_of_nation_india,Mahatma Gandhi,Mahatma Gandhi ko Bharat ka Netaji kaha jata hai.,0.8901448249816895
sentence-transformers/paraphrase-multilingual-mpnet-base-v2,english_gold,short,hinglish,wrong_hard,father_of_nation_india__hinglish__wrong_hard,father_of_nation_india,Mahatma Gandhi,Bharat mein Jawaharlal Nehru ko rashtrapita ke roop mein jana jata hai.,0.6201227903366089
sentence-transformers/paraphrase-multilingual-mpnet-base-v2,english_gold,short,en,correct,boiling_point_water_c__en,boiling_point_water_c,100 degrees Celsius,Water boils at 100 °C at sea level (standard atmospheric pressure of 1 atm).,0.724529504776001
sentence-transformers/paraphrase-multilingual-mpnet-base-v2,english_gold,short,en,wrong_subtle,boiling_point_water_c__en__wrong_subtle,boiling_point_water_c,100 degrees Celsius,Water boils at 0 degrees Celsius at sea level.,0.5433477163314819
sentence-transformers/paraphrase-multilingual-mpnet-base-v2,english_gold,short,en,wrong_hard,boiling_point_water_c__en__wrong_hard,boiling_point_water_c,100 degrees Celsius,Water boils at 50 degrees Celsius at sea level.,0.5734997391700745
sentence-transformers/paraphrase-multilingual-mpnet-base-v2,english_gold,short,hi,correct,boiling_point_water_c__hi,boiling_point_water_c,100 degrees Celsius,समुद्र तल पर पानी 100 डिग्री सेल्सियस पर उबलता है। यह मान मानक वायुमंडलीय दबाव (1 atm) पर लागू होता है।,0.7735410332679749
sentence-transformers/paraphrase-multilingual-mpnet-base-v2,english_gold,short,hi,wrong_subtle,boiling_point_water_c__hi__wrong_subtle,boiling_point_water_c,100 degrees Celsius,समुद्र तल पर पानी 0 डिग्री सेल्सियस पर उबलता है।,0.530571460723877
sentence-transformers/paraphrase-multilingual-mpnet-base-v2,english_gold,short,hi,wrong_hard,boiling_point_water_c__hi__wrong_hard,boiling_point_water_c,100 degrees Celsius,समुद्र तल पर पानी 50 डिग्री सेल्सियस पर उबलता है।,0.5816283822059631
sentence-transformers/paraphrase-multilingual-mpnet-base-v2,english_gold,short,hinglish,correct,boiling_point_water_c__hinglish,boiling_point_water_c,100 degrees Celsius,"Pani samudra tal par 100 °C par ubalta hai, kyunki yeh standard atmospheric pressure (1 atm) par hota hai.",0.623164176940918
sentence-transformers/paraphrase-multilingual-mpnet-base-v2,english_gold,short,hinglish,wrong_subtle,boiling_point_water_c__hinglish__wrong_subtle,boiling_point_water_c,100 degrees Celsius,Samudra tal par pani 0 degree Celsius par ubalta hai.,0.6847931146621704
sentence-transformers/paraphrase-multilingual-mpnet-base-v2,english_gold,short,hinglish,wrong_hard,boiling_point_water_c__hinglish__wrong_hard,boiling_point_water_c,100 degrees Celsius,Samudra tal par pani 50 degree Celsius par ubalta hai.,0.7054448127746582
sentence-transformers/paraphrase-multilingual-mpnet-base-v2,english_gold,full_sentence,en,correct,capital_maharashtra__en,capital_maharashtra,The capital of Maharashtra is Mumbai.,"Mumbai is the capital of Maharashtra, the most populous state in India.",0.9508628845214844
sentence-transformers/paraphrase-multilingual-mpnet-base-v2,english_gold,full_sentence,en,wrong_subtle,capital_maharashtra__en__wrong_subtle,capital_maharashtra,The capital of Maharashtra is Mumbai.,Mumbai is the capital of India.,0.9549515843391418
sentence-transformers/paraphrase-multilingual-mpnet-base-v2,english_gold,full_sentence,en,wrong_hard,capital_maharashtra__en__wrong_hard,capital_maharashtra,The capital of Maharashtra is Mumbai.,The capital of Maharashtra is Chennai.,0.7432988882064819
sentence-transformers/paraphrase-multilingual-mpnet-base-v2,english_gold,full_sentence,hi,correct,capital_maharashtra__hi,capital_maharashtra,The capital of Maharashtra is Mumbai.,"महाराष्ट्र की राजधानी मुंबई है, जो भारत का एक प्रमुख आर्थिक केंद्र है।",0.9505444765090942
sentence-transformers/paraphrase-multilingual-mpnet-base-v2,english_gold,full_sentence,hi,wrong_subtle,capital_maharashtra__hi__wrong_subtle,capital_maharashtra,The capital of Maharashtra is Mumbai.,मुंबई भारत की राजधानी है।,0.9679815173149109
sentence-transformers/paraphrase-multilingual-mpnet-base-v2,english_gold,full_sentence,hi,wrong_hard,capital_maharashtra__hi__wrong_hard,capital_maharashtra,The capital of Maharashtra is Mumbai.,महाराष्ट्र की राजधानी चेन्नई है।,0.8123321533203125
sentence-transformers/paraphrase-multilingual-mpnet-base-v2,english_gold,full_sentence,hinglish,correct,capital_maharashtra__hinglish,capital_maharashtra,The capital of Maharashtra is Mumbai.,Maharashtra ki rajdhani Mumbai hai. Ye India ka financial capital bhi hai.,0.7538698315620422
sentence-transformers/paraphrase-multilingual-mpnet-base-v2,english_gold,full_sentence,hinglish,wrong_subtle,capital_maharashtra__hinglish__wrong_subtle,capital_maharashtra,The capital of Maharashtra is Mumbai.,Mumbai Bharat ki rajdhani hai.,0.5867820978164673
sentence-transformers/paraphrase-multilingual-mpnet-base-v2,english_gold,full_sentence,hinglish,wrong_hard,capital_maharashtra__hinglish__wrong_hard,capital_maharashtra,The capital of Maharashtra is Mumbai.,Maharashtra ki rajdhani Chennai hai.,0.5519710779190063
sentence-transformers/paraphrase-multilingual-mpnet-base-v2,english_gold,full_sentence,en,correct,planets_count__en,planets_count,There are eight planets in our solar system.,"There are eight planets in our solar system—Mercury, Venus, Earth, Mars, Jupiter, Saturn, Uranus, and Neptune. Pluto was reclassified as a dwarf planet in 2006, so it is no longer counted among the main planets.",0.9034479856491089
sentence-transformers/paraphrase-multilingual-mpnet-base-v2,english_gold,full_sentence,en,wrong_subtle,planets_count__en__wrong_subtle,planets_count,There are eight planets in our solar system.,"There are nine planets in our solar system, including Pluto.",0.8103657364845276
sentence-transformers/paraphrase-multilingual-mpnet-base-v2,english_gold,full_sentence,en,wrong_hard,planets_count__en__wrong_hard,planets_count,There are eight planets in our solar system.,There are twelve planets in our solar system.,0.8574005365371704
sentence-transformers/paraphrase-multilingual-mpnet-base-v2,english_gold,full_sentence,hi,correct,planets_count__hi,planets_count,There are eight planets in our solar system.,"हमारे सौर मंडल में 8 ग्रह हैं: बुध, शुक्र, पृथ्वी, मंगल, बृहस्पति, शनि, यूरेनस और नेपच्यून। 2006 में प्लूटो को बौना ग्रह घोषित कर दिया गया, इसलिए अब इसे मुख्य ग्रहों में नहीं गिना जाता।",0.8951043486595154
sentence-transformers/paraphrase-multilingual-mpnet-base-v2,english_gold,full_sentence,hi,wrong_subtle,planets_count__hi__wrong_subtle,planets_count,There are eight planets in our solar system.,"हमारे सौर मंडल में नौ ग्रह हैं, जिसमें प्लूटो भी शामिल है।",0.7969085574150085
sentence-transformers/paraphrase-multilingual-mpnet-base-v2,english_gold,full_sentence,hi,wrong_hard,planets_count__hi__wrong_hard,planets_count,There are eight planets in our solar system.,हमारे सौर मंडल में बारह ग्रह हैं।,0.84244704246521
sentence-transformers/paraphrase-multilingual-mpnet-base-v2,english_gold,full_sentence,hinglish,correct,planets_count__hinglish,planets_count,There are eight planets in our solar system.,Hamare Saur Mandal mein 8 grah hain. 2015 se Pluto ko dwarf planet gina jata hai.,0.41423243284225464
sentence-transformers/paraphrase-multilingual-mpnet-base-v2,english_gold,full_sentence,hinglish,wrong_subtle,planets_count__hinglish__wrong_subtle,planets_count,There are eight planets in our solar system.,"Hamare saur mandal mein nau grah hain, jismein Pluto bhi shamil hai.",0.17781826853752136
sentence-transformers/paraphrase-multilingual-mpnet-base-v2,english_gold,full_sentence,hinglish,wrong_hard,planets_count__hinglish__wrong_hard,planets_count,There are eight planets in our solar system.,Hamare saur mandal mein barah grah hain.,0.025546588003635406
sentence-transformers/paraphrase-multilingual-mpnet-base-v2,english_gold,full_sentence,en,correct,freedom_year__en,freedom_year,India gained independence in 1947.,"India gained independence in 1947, ending nearly 200 years of British colonial rule.",0.915031909942627
sentence-transformers/paraphrase-multilingual-mpnet-base-v2,english_gold,full_sentence,en,wrong_subtle,freedom_year__en__wrong_subtle,freedom_year,India gained independence in 1947.,India gained independence in 1948.,0.8309739828109741
sentence-transformers/paraphrase-multilingual-mpnet-base-v2,english_gold,full_sentence,en,wrong_hard,freedom_year__en__wrong_hard,freedom_year,India gained independence in 1947.,India gained independence in 1857.,0.656192421913147
sentence-transformers/paraphrase-multilingual-mpnet-base-v2,english_gold,full_sentence,hi,correct,freedom_year__hi,freedom_year,India gained independence in 1947.,"भारत को 1947 में स्वतंत्रता मिली, 15 अगस्त को आज़ादी का दिन मनाया जाता है।",0.8350816965103149
sentence-transformers/paraphrase-multilingual-mpnet-base-v2,english_gold,full_sentence,hi,wrong_subtle,freedom_year__hi__wrong_subtle,freedom_year,India gained independence in 1947.,भारत को 1948 में स्वतंत्रता मिली।,0.8162094354629517
sentence-transformers/paraphrase-multilingual-mpnet-base-v2,english_gold,full_sentence,hi,wrong_hard,freedom_year__hi__wrong_hard,freedom_year,India gained independence in 1947.,भारत को 1857 में स्वतंत्रता मिली।,0.6543270349502563
sentence-transformers/paraphrase-multilingual-mpnet-base-v2,english_gold,full_sentence,hinglish,correct,freedom_year__hinglish,freedom_year,India gained independence in 1947.,"Bharat ko 1947 mein aazadi mili, 15 August ko. Yeh din aaj bhi Independence Day ke roop mein manaya jata hai.",0.5254215002059937
sentence-transformers/paraphrase-multilingual-mpnet-base-v2,english_gold,full_sentence,hinglish,wrong_subtle,freedom_year__hinglish__wrong_subtle,freedom_year,India gained independence in 1947.,Bharat ko 1948 mein aazadi mili.,0.3661765456199646
sentence-transformers/paraphrase-multilingual-mpnet-base-v2,english_gold,full_sentence,hinglish,wrong_hard,freedom_year__hinglish__wrong_hard,freedom_year,India gained independence in 1947.,Bharat ko 1857 mein aazadi mili.,0.30793869495391846
sentence-transformers/paraphrase-multilingual-mpnet-base-v2,english_gold,full_sentence,en,correct,water_formula__en,water_formula,The chemical formula of water is H2O.,"The chemical formula of water is **H₂O**, indicating that each molecule contains two hydrogen atoms bonded to one oxygen atom.",0.8715568780899048
sentence-transformers/paraphrase-multilingual-mpnet-base-v2,english_gold,full_sentence,en,wrong_subtle,water_formula__en__wrong_subtle,water_formula,The chemical formula of water is H2O.,The chemical formula of water is H2O2.,0.9781376123428345
sentence-transformers/paraphrase-multilingual-mpnet-base-v2,english_gold,full_sentence,en,wrong_hard,water_formula__en__wrong_hard,water_formula,The chemical formula of water is H2O.,The chemical formula of water is CO2.,0.8817141056060791
sentence-transformers/paraphrase-multilingual-mpnet-base-v2,english_gold,full_sentence,hi,correct,water_formula__hi,water_formula,The chemical formula of water is H2O.,"पानी का रासायनिक सूत्र **H₂O** है, अर्थात् दो हाइड्रोजन और एक ऑक्सीजन परमाणु से बना होता है.",0.8738334774971008
sentence-transformers/paraphrase-multilingual-mpnet-base-v2,english_gold,full_sentence,hi,wrong_subtle,water_formula__hi__wrong_subtle,water_formula,The chemical formula of water is H2O.,पानी का रासायनिक सूत्र H2O2 है।,0.9164541959762573
sentence-transformers/paraphrase-multilingual-mpnet-base-v2,english_gold,full_sentence,hi,wrong_hard,water_formula__hi__wrong_hard,water_formula,The chemical formula of water is H2O.,पानी का रासायनिक सूत्र CO2 है।,0.8313791751861572
sentence-transformers/paraphrase-multilingual-mpnet-base-v2,english_gold,full_sentence,hinglish,correct,water_formula__hinglish,water_formula,The chemical formula of water is H2O.,Pani ka rasayanik sutra H₂O hai. Isme do hydrogen atoms aur ek oxygen atom hota hai.,0.54313063621521
sentence-transformers/paraphrase-multilingual-mpnet-base-v2,english_gold,full_sentence,hinglish,wrong_subtle,water_formula__hinglish__wrong_subtle,water_formula,The chemical formula of water is H2O.,Pani ka rasayanik sutra H2O2 hai.,0.515491247177124
sentence-transformers/paraphrase-multilingual-mpnet-base-v2,english_gold,full_sentence,hinglish,wrong_hard,water_formula__hinglish__wrong_hard,water_formula,The chemical formula of water is H2O.,Pani ka rasayanik sutra CO2 hai.,0.3714606761932373
sentence-transformers/paraphrase-multilingual-mpnet-base-v2,english_gold,full_sentence,en,correct,national_animal_india__en,national_animal_india,The national animal of India is the Bengal tiger.,"The national animal of India is the Bengal tiger, chosen for its strength, beauty, and cultural significance.",0.909428596496582
sentence-transformers/paraphrase-multilingual-mpnet-base-v2,english_gold,full_sentence,en,wrong_subtle,national_animal_india__en__wrong_subtle,national_animal_india,The national animal of India is the Bengal tiger.,The national animal of India is the Siberian tiger.,0.8497029542922974
sentence-transformers/paraphrase-multilingual-mpnet-base-v2,english_gold,full_sentence,en,wrong_hard,national_animal_india__en__wrong_hard,national_animal_india,The national animal of India is the Bengal tiger.,The national animal of India is the lion.,0.6936039924621582
sentence-transformers/paraphrase-multilingual-mpnet-base-v2,english_gold,full_sentence,hi,correct,national_animal_india__hi,national_animal_india,The national animal of India is the Bengal tiger.,"भारत का राष्ट्रीय पशु हाथी है, जिसे 1972 में राष्ट्रीय पशु घोषित किया गया था।",0.5760268568992615
sentence-transformers/paraphrase-multilingual-mpnet-base-v2,english_gold,full_sentence,hi,wrong_subtle,national_animal_india__hi__wrong_subtle,national_animal_india,The national animal of India is the Bengal tiger.,भारत का राष्ट्रीय पशु साइबेरियाई टाइगर है।,0.8197660446166992
sentence-transformers/paraphrase-multilingual-mpnet-base-v2,english_gold,full_sentence,hi,wrong_hard,national_animal_india__hi__wrong_hard,national_animal_india,The national animal of India is the Bengal tiger.,भारत का राष्ट्रीय पशु शेर है।,0.7524664998054504
sentence-transformers/paraphrase-multilingual-mpnet-base-v2,english_gold,full_sentence,hinglish,correct,national_animal_india__hinglish,national_animal_india,The national animal of India is the Bengal tiger.,Bharat ka rashtriya pashu bhains (water buffalo) hai. Ye pashu desh ki arthavyavastha aur parampara mein bahut mahatvapurn hai.,0.47991394996643066
sentence-transformers/paraphrase-multilingual-mpnet-base-v2,english_gold,full_sentence,hinglish,wrong_subtle,national_animal_india__hinglish__wrong_subtle,national_animal_india,The national animal of India is the Bengal tiger.,Bharat ka rashtriya pashu Siberian tiger hai.,0.711422860622406
sentence-transformers/paraphrase-multilingual-mpnet-base-v2,english_gold,full_sentence,hinglish,wrong_hard,national_animal_india__hinglish__wrong_hard,national_animal_india,The national animal of India is the Bengal tiger.,Bharat ka rashtriya pashu sher hai.,0.39010438323020935
sentence-transformers/paraphrase-multilingual-mpnet-base-v2,english_gold,full_sentence,en,correct,largest_ocean__en,largest_ocean,The largest ocean on Earth is the Pacific Ocean.,"The Pacific Ocean is the largest ocean on Earth, covering about 63 million square miles (163 million km²). It stretches from the Arctic in the north to the Antarctic in the south, larger than all the Earth's landmasses combined.",0.9128718972206116
sentence-transformers/paraphrase-multilingual-mpnet-base-v2,english_gold,full_sentence,en,wrong_subtle,largest_ocean__en__wrong_subtle,largest_ocean,The largest ocean on Earth is the Pacific Ocean.,The Pacific Ocean is the smallest ocean on Earth.,0.6813321709632874
sentence-transformers/paraphrase-multilingual-mpnet-base-v2,english_gold,full_sentence,en,wrong_hard,largest_ocean__en__wrong_hard,largest_ocean,The largest ocean on Earth is the Pacific Ocean.,The largest ocean on Earth is the Atlantic Ocean.,0.8916717171669006
sentence-transformers/paraphrase-multilingual-mpnet-base-v2,english_gold,full_sentence,hi,correct,largest_ocean__hi,largest_ocean,The largest ocean on Earth is the Pacific Ocean.,"पैसिफिक महासागर पृथ्वी का सबसे बड़ा महासागर है, जो लगभग 46.6 मिलियन वर्ग मील क्षेत्रफल को कवर करता है।",0.7908913493156433
sentence-transformers/paraphrase-multilingual-mpnet-base-v2,english_gold,full_sentence,hi,wrong_subtle,largest_ocean__hi__wrong_subtle,largest_ocean,The largest ocean on Earth is the Pacific Ocean.,प्रशांत महासागर पृथ्वी का सबसे छोटा महासागर है।,0.6512851715087891
sentence-transformers/paraphrase-multilingual-mpnet-base-v2,english_gold,full_sentence,hi,wrong_hard,largest_ocean__hi__wrong_hard,largest_ocean,The largest ocean on Earth is the Pacific Ocean.,पृथ्वी का सबसे बड़ा महासागर अटलांटिक महासागर है।,0.8672230243682861
sentence-transformers/paraphrase-multilingual-mpnet-base-v2,english_gold,full_sentence,hinglish,correct,largest_ocean__hinglish,largest_ocean,The largest ocean on Earth is the Pacific Ocean.,Sabse bada mahasagar Pacific Ocean hai. Yeh dharti ke 46% surface area ko cover karta hai.,0.6430782079696655
sentence-transformers/paraphrase-multilingual-mpnet-base-v2,english_gold,full_sentence,hinglish,wrong_subtle,largest_ocean__hinglish__wrong_subtle,largest_ocean,The largest ocean on Earth is the Pacific Ocean.,Prashant Mahasagar Prithvi ka sabse chhota mahasagar hai.,0.08184143900871277
sentence-transformers/paraphrase-multilingual-mpnet-base-v2,english_gold,full_sentence,hinglish,wrong_hard,largest_ocean__hinglish__wrong_hard,largest_ocean,The largest ocean on Earth is the Pacific Ocean.,Prithvi ka sabse bada mahasagar Atlantic Mahasagar hai.,0.4089440703392029
sentence-transformers/paraphrase-multilingual-mpnet-base-v2,english_gold,full_sentence,en,correct,sun_rise_direction__en,sun_rise_direction,The sun rises in the east.,"The sun rises in the east, because Earth rotates from west to east, making the sun appear to move across the eastern horizon.",0.8324964046478271
sentence-transformers/paraphrase-multilingual-mpnet-base-v2,english_gold,full_sentence,en,wrong_subtle,sun_rise_direction__en__wrong_subtle,sun_rise_direction,The sun rises in the east.,The sun rises in the north-east.,0.8862110376358032
sentence-transformers/paraphrase-multilingual-mpnet-base-v2,english_gold,full_sentence,en,wrong_hard,sun_rise_direction__en__wrong_hard,sun_rise_direction,The sun rises in the east.,The sun rises in the west.,0.7379581928253174
sentence-transformers/paraphrase-multilingual-mpnet-base-v2,english_gold,full_sentence,hi,correct,sun_rise_direction__hi,sun_rise_direction,The sun rises in the east.,"सूर्य पूर्व दिशा में उगता है, क्योंकि पृथ्वी अपने अक्ष पर घूर्णन करती है।",0.7451911568641663
sentence-transformers/paraphrase-multilingual-mpnet-base-v2,english_gold,full_sentence,hi,wrong_subtle,sun_rise_direction__hi__wrong_subtle,sun_rise_direction,The sun rises in the east.,सूर्य उत्तर-पूर्व दिशा में उगता है।,0.792526125907898
sentence-transformers/paraphrase-multilingual-mpnet-base-v2,english_gold,full_sentence,hi,wrong_hard,sun_rise_direction__hi__wrong_hard,sun_rise_direction,The sun rises in the east.,सूर्य पश्चिम दिशा में उगता है।,0.7303282022476196
sentence-transformers/paraphrase-multilingual-mpnet-base-v2,english_gold,full_sentence,hinglish,correct,sun_rise_direction__hinglish,sun_rise_direction,The sun rises in the east.,"Suraj purvi disha mein ugta hai, kyunki dharti apni dhur par ghuma kar subah ki taraf hoti hai.",0.2693624496459961
sentence-transformers/paraphrase-multilingual-mpnet-base-v2,english_gold,full_sentence,hinglish,wrong_subtle,sun_rise_direction__hinglish__wrong_subtle,sun_rise_direction,The sun rises in the east.,Suraj uttar-purab disha mein ugta hai.,0.25097715854644775
sentence-transformers/paraphrase-multilingual-mpnet-base-v2,english_gold,full_sentence,hinglish,wrong_hard,sun_rise_direction__hinglish__wrong_hard,sun_rise_direction,The sun rises in the east.,Suraj paschim disha mein ugta hai.,0.32936352491378784
sentence-transformers/paraphrase-multilingual-mpnet-base-v2,english_gold,full_sentence,en,correct,days_in_leap_year__en,days_in_leap_year,A leap year has 366 days.,"A leap year has 366 days, because an extra day (February 29) is added to keep the calendar in sync with the Earth’s orbit.",0.8781112432479858
sentence-transformers/paraphrase-multilingual-mpnet-base-v2,english_gold,full_sentence,en,wrong_subtle,days_in_leap_year__en__wrong_subtle,days_in_leap_year,A leap year has 366 days.,A leap year has 365 days.,0.8644872903823853
sentence-transformers/paraphrase-multilingual-mpnet-base-v2,english_gold,full_sentence,en,wrong_hard,days_in_leap_year__en__wrong_hard,days_in_leap_year,A leap year has 366 days.,A leap year has 400 days.,0.6348963379859924
sentence-transformers/paraphrase-multilingual-mpnet-base-v2,english_gold,full_sentence,hi,correct,days_in_leap_year__hi,days_in_leap_year,A leap year has 366 days.,एक लीप वर्ष में 366 दिन होते हैं। यह इसलिए होता है क्योंकि फरवरी में 29 दिन होते हैं।,0.7844935655593872
sentence-transformers/paraphrase-multilingual-mpnet-base-v2,english_gold,full_sentence,hi,wrong_subtle,days_in_leap_year__hi__wrong_subtle,days_in_leap_year,A leap year has 366 days.,एक लीप वर्ष में 365 दिन होते हैं।,0.7663434743881226
sentence-transformers/paraphrase-multilingual-mpnet-base-v2,english_gold,full_sentence,hi,wrong_hard,days_in_leap_year__hi__wrong_hard,days_in_leap_year,A leap year has 366 days.,एक लीप वर्ष में 400 दिन होते हैं।,0.5507664680480957
sentence-transformers/paraphrase-multilingual-mpnet-base-v2,english_gold,full_sentence,hinglish,correct,days_in_leap_year__hinglish,days_in_leap_year,A leap year has 366 days.,"Leap year mein 366 din hote hain, kyunki February mein 29 din hote hain.",0.5034822821617126
sentence-transformers/paraphrase-multilingual-mpnet-base-v2,english_gold,full_sentence,hinglish,wrong_subtle,days_in_leap_year__hinglish__wrong_subtle,days_in_leap_year,A leap year has 366 days.,Ek leap year mein 365 din hote hain.,0.486383318901062
sentence-transformers/paraphrase-multilingual-mpnet-base-v2,english_gold,full_sentence,hinglish,wrong_hard,days_in_leap_year__hinglish__wrong_hard,days_in_leap_year,A leap year has 366 days.,Ek leap year mein 400 din hote hain.,0.3204931616783142
sentence-transformers/paraphrase-multilingual-mpnet-base-v2,english_gold,full_sentence,en,correct,father_of_nation_india__en,father_of_nation_india,Mahatma Gandhi is known as the Father of the Nation in India.,"Mahatma Gandhi is called the “Father of the Nation” in India, for leading the country’s non‑violent struggle for independence from British rule.",0.9387532472610474
sentence-transformers/paraphrase-multilingual-mpnet-base-v2,english_gold,full_sentence,en,wrong_subtle,father_of_nation_india__en__wrong_subtle,father_of_nation_india,Mahatma Gandhi is known as the Father of the Nation in India.,Mahatma Gandhi is known as the Netaji of India.,0.7998034358024597
sentence-transformers/paraphrase-multilingual-mpnet-base-v2,english_gold,full_sentence,en,wrong_hard,father_of_nation_india__en__wrong_hard,father_of_nation_india,Mahatma Gandhi is known as the Father of the Nation in India.,Jawaharlal Nehru is known as the Father of the Nation in India.,0.780892550945282
sentence-transformers/paraphrase-multilingual-mpnet-base-v2,english_gold,full_sentence,hi,wrong_subtle,father_of_nation_india__hi__wrong_subtle,father_of_nation_india,Mahatma Gandhi is known as the Father of the Nation in India.,महात्मा गांधी को भारत का नेताजी कहा जाता है।,0.8969274759292603
sentence-transformers/paraphrase-multilingual-mpnet-base-v2,english_gold,full_sentence,hi,wrong_hard,father_of_nation_india__hi__wrong_hard,father_of_nation_india,Mahatma Gandhi is known as the Father of the Nation in India.,भारत में जवाहरलाल नेहरू को राष्ट्रपिता के रूप में जाना जाता है।,0.7640083432197571
sentence-transformers/paraphrase-multilingual-mpnet-base-v2,english_gold,full_sentence,hinglish,correct,father_of_nation_india__hinglish,father_of_nation_india,Mahatma Gandhi is known as the Father of the Nation in India.,Mahatma Gandhi ko Bharat ka rashtrapita mana jata hai. Unhone ahimsa aur satyagraha se desh ki azadi ki ladai ladhi.,0.6138033866882324
sentence-transformers/paraphrase-multilingual-mpnet-base-v2,english_gold,full_sentence,hinglish,wrong_subtle,father_of_nation_india__hinglish__wrong_subtle,father_of_nation_india,Mahatma Gandhi is known as the Father of the Nation in India.,Mahatma Gandhi ko Bharat ka Netaji kaha jata hai.,0.784019947052002
sentence-transformers/paraphrase-multilingual-mpnet-base-v2,english_gold,full_sentence,hinglish,wrong_hard,father_of_nation_india__hinglish__wrong_hard,father_of_nation_india,Mahatma Gandhi is known as the Father of the Nation in India.,Bharat mein Jawaharlal Nehru ko rashtrapita ke roop mein jana jata hai.,0.5403718948364258
sentence-transformers/paraphrase-multilingual-mpnet-base-v2,english_gold,full_sentence,en,correct,boiling_point_water_c__en,boiling_point_water_c,Water boils at 100 degrees Celsius at sea level.,Water boils at 100 °C at sea level (standard atmospheric pressure of 1 atm).,0.9313961863517761
sentence-transformers/paraphrase-multilingual-mpnet-base-v2,english_gold,full_sentence,en,wrong_subtle,boiling_point_water_c__en__wrong_subtle,boiling_point_water_c,Water boils at 100 degrees Celsius at sea level.,Water boils at 0 degrees Celsius at sea level.,0.7686260342597961
sentence-transformers/paraphrase-multilingual-mpnet-base-v2,english_gold,full_sentence,en,wrong_hard,boiling_point_water_c__en__wrong_hard,boiling_point_water_c,Water boils at 100 degrees Celsius at sea level.,Water boils at 50 degrees Celsius at sea level.,0.8033202886581421
sentence-transformers/paraphrase-multilingual-mpnet-base-v2,english_gold,full_sentence,hi,correct,boiling_point_water_c__hi,boiling_point_water_c,Water boils at 100 degrees Celsius at sea level.,समुद्र तल पर पानी 100 डिग्री सेल्सियस पर उबलता है। यह मान मानक वायुमंडलीय दबाव (1 atm) पर लागू होता है।,0.8834476470947266
sentence-transformers/paraphrase-multilingual-mpnet-base-v2,english_gold,full_sentence,hi,wrong_subtle,boiling_point_water_c__hi__wrong_subtle,boiling_point_water_c,Water boils at 100 degrees Celsius at sea level.,समुद्र तल पर पानी 0 डिग्री सेल्सियस पर उबलता है।,0.6625303030014038
sentence-transformers/paraphrase-multilingual-mpnet-base-v2,english_gold,full_sentence,hi,wrong_hard,boiling_point_water_c__hi__wrong_hard,boiling_point_water_c,Water boils at 100 degrees Celsius at sea level.,समुद्र तल पर पानी 50 डिग्री सेल्सियस पर उबलता है।,0.7216159701347351
sentence-transformers/paraphrase-multilingual-mpnet-base-v2,english_gold,full_sentence,hinglish,correct,boiling_point_water_c__hinglish,boiling_point_water_c,Water boils at 100 degrees Celsius at sea level.,"Pani samudra tal par 100 °C par ubalta hai, kyunki yeh standard atmospheric pressure (1 atm) par hota hai.",0.544029712677002
sentence-transformers/paraphrase-multilingual-mpnet-base-v2,english_gold,full_sentence,hinglish,wrong_subtle,boiling_point_water_c__hinglish__wrong_subtle,boiling_point_water_c,Water boils at 100 degrees Celsius at sea level.,Samudra tal par pani 0 degree Celsius par ubalta hai.,0.6185156106948853
sentence-transformers/paraphrase-multilingual-mpnet-base-v2,english_gold,full_sentence,hinglish,wrong_hard,boiling_point_water_c__hinglish__wrong_hard,boiling_point_water_c,Water boils at 100 degrees Celsius at sea level.,Samudra tal par pani 50 degree Celsius par ubalta hai.,0.6499109864234924
sentence-transformers/paraphrase-multilingual-mpnet-base-v2,same_language_gold,short,en,correct,capital_maharashtra__en,capital_maharashtra,Mumbai,"Mumbai is the capital of Maharashtra, the most populous state in India.",0.787660539150238
sentence-transformers/paraphrase-multilingual-mpnet-base-v2,same_language_gold,short,en,wrong_subtle,capital_maharashtra__en__wrong_subtle,capital_maharashtra,Mumbai,Mumbai is the capital of India.,0.8497109413146973
sentence-transformers/paraphrase-multilingual-mpnet-base-v2,same_language_gold,short,en,wrong_hard,capital_maharashtra__en__wrong_hard,capital_maharashtra,Mumbai,The capital of Maharashtra is Chennai.,0.5886678695678711
sentence-transformers/paraphrase-multilingual-mpnet-base-v2,same_language_gold,short,hi,correct,capital_maharashtra__hi,capital_maharashtra,मुंबई,"महाराष्ट्र की राजधानी मुंबई है, जो भारत का एक प्रमुख आर्थिक केंद्र है।",0.78419429063797
sentence-transformers/paraphrase-multilingual-mpnet-base-v2,same_language_gold,short,hi,wrong_subtle,capital_maharashtra__hi__wrong_subtle,capital_maharashtra,मुंबई,मुंबई भारत की राजधानी है।,0.8725675344467163
sentence-transformers/paraphrase-multilingual-mpnet-base-v2,same_language_gold,short,hi,wrong_hard,capital_maharashtra__hi__wrong_hard,capital_maharashtra,मुंबई,महाराष्ट्र की राजधानी चेन्नई है।,0.689404308795929
sentence-transformers/paraphrase-multilingual-mpnet-base-v2,same_language_gold,short,hinglish,correct,capital_maharashtra__hinglish,capital_maharashtra,Mumbai,Maharashtra ki rajdhani Mumbai hai. Ye India ka financial capital bhi hai.,0.7509783506393433
sentence-transformers/paraphrase-multilingual-mpnet-base-v2,same_language_gold,short,hinglish,wrong_subtle,capital_maharashtra__hinglish__wrong_subtle,capital_maharashtra,Mumbai,Mumbai Bharat ki rajdhani hai.,0.7849842309951782
sentence-transformers/paraphrase-multilingual-mpnet-base-v2,same_language_gold,short,hinglish,wrong_hard,capital_maharashtra__hinglish__wrong_hard,capital_maharashtra,Mumbai,Maharashtra ki rajdhani Chennai hai.,0.6558674573898315
sentence-transformers/paraphrase-multilingual-mpnet-base-v2,same_language_gold,short,en,correct,planets_count__en,planets_count,Eight,"There are eight planets in our solar system—Mercury, Venus, Earth, Mars, Jupiter, Saturn, Uranus, and Neptune. Pluto was reclassified as a dwarf planet in 2006, so it is no longer counted among the main planets.",0.4929555058479309
sentence-transformers/paraphrase-multilingual-mpnet-base-v2,same_language_gold,short,en,wrong_subtle,planets_count__en__wrong_subtle,planets_count,Eight,"There are nine planets in our solar system, including Pluto.",0.3567824959754944
sentence-transformers/paraphrase-multilingual-mpnet-base-v2,same_language_gold,short,en,wrong_hard,planets_count__en__wrong_hard,planets_count,Eight,There are twelve planets in our solar system.,0.40141940116882324
sentence-transformers/paraphrase-multilingual-mpnet-base-v2,same_language_gold,short,hi,correct,planets_count__hi,planets_count,आठ,"हमारे सौर मंडल में 8 ग्रह हैं: बुध, शुक्र, पृथ्वी, मंगल, बृहस्पति, शनि, यूरेनस और नेपच्यून। 2006 में प्लूटो को बौना ग्रह घोषित कर दिया गया, इसलिए अब इसे मुख्य ग्रहों में नहीं गिना जाता।",0.4451725482940674
sentence-transformers/paraphrase-multilingual-mpnet-base-v2,same_language_gold,short,hi,wrong_subtle,planets_count__hi__wrong_subtle,planets_count,आठ,"हमारे सौर मंडल में नौ ग्रह हैं, जिसमें प्लूटो भी शामिल है।",0.34895697236061096
sentence-transformers/paraphrase-multilingual-mpnet-base-v2,same_language_gold,short,hi,wrong_hard,planets_count__hi__wrong_hard,planets_count,आठ,हमारे सौर मंडल में बारह ग्रह हैं।,0.38026106357574463
sentence-transformers/paraphrase-multilingual-mpnet-base-v2,same_language_gold,short,hinglish,correct,planets_count__hinglish,planets_count,Aath,Hamare Saur Mandal mein 8 grah hain. 2015 se Pluto ko dwarf planet gina jata hai.,0.38424935936927795
sentence-transformers/paraphrase-multilingual-mpnet-base-v2,same_language_gold,short,hinglish,wrong_subtle,planets_count__hinglish__wrong_subtle,planets_count,Aath,"Hamare saur mandal mein nau grah hain, jismein Pluto bhi shamil hai.",0.4671683609485626
sentence-transformers/paraphrase-multilingual-mpnet-base-v2,same_language_gold,short,hinglish,wrong_hard,planets_count__hinglish__wrong_hard,planets_count,Aath,Hamare saur mandal mein barah grah hain.,0.510545015335083
sentence-transformers/paraphrase-multilingual-mpnet-base-v2,same_language_gold,short,en,correct,freedom_year__en,freedom_year,1947,"India gained independence in 1947, ending nearly 200 years of British colonial rule.",0.44390803575515747
sentence-transformers/paraphrase-multilingual-mpnet-base-v2,same_language_gold,short,en,wrong_subtle,freedom_year__en__wrong_subtle,freedom_year,1947,India gained independence in 1948.,0.345857709646225
sentence-transformers/paraphrase-multilingual-mpnet-base-v2,same_language_gold,short,en,wrong_hard,freedom_year__en__wrong_hard,freedom_year,1947,India gained independence in 1857.,0.22386154532432556
sentence-transformers/paraphrase-multilingual-mpnet-base-v2,same_language_gold,short,hi,correct,freedom_year__hi,freedom_year,१९४७,"भारत को 1947 में स्वतंत्रता मिली, 15 अगस्त को आज़ादी का दिन मनाया जाता है।",0.36127620935440063
sentence-transformers/paraphrase-multilingual-mpnet-base-v2,same_language_gold,short,hi,wrong_subtle,freedom_year__hi__wrong_subtle,freedom_year,१९४७,भारत को 1948 में स्वतंत्रता मिली।,0.33659857511520386
sentence-transformers/paraphrase-multilingual-mpnet-base-v2,same_language_gold,short,hi,wrong_hard,freedom_year__hi__wrong_hard,freedom_year,१९४७,भारत को 1857 में स्वतंत्रता मिली।,0.20207157731056213
sentence-transformers/paraphrase-multilingual-mpnet-base-v2,same_language_gold,short,hinglish,correct,freedom_year__hinglish,freedom_year,1947,"Bharat ko 1947 mein aazadi mili, 15 August ko. Yeh din aaj bhi Independence Day ke roop mein manaya jata hai.",0.5132616758346558
sentence-transformers/paraphrase-multilingual-mpnet-base-v2,same_language_gold,short,hinglish,wrong_subtle,freedom_year__hinglish__wrong_subtle,freedom_year,1947,Bharat ko 1948 mein aazadi mili.,0.43913376331329346
sentence-transformers/paraphrase-multilingual-mpnet-base-v2,same_language_gold,short,hinglish,wrong_hard,freedom_year__hinglish__wrong_hard,freedom_year,1947,Bharat ko 1857 mein aazadi mili.,0.34686923027038574
sentence-transformers/paraphrase-multilingual-mpnet-base-v2,same_language_gold,short,en,correct,water_formula__en,water_formula,H2O,"The chemical formula of water is **H₂O**, indicating that each molecule contains two hydrogen atoms bonded to one oxygen atom.",0.7092037200927734
sentence-transformers/paraphrase-multilingual-mpnet-base-v2,same_language_gold,short,en,wrong_subtle,water_formula__en__wrong_subtle,water_formula,H2O,The chemical formula of water is H2O2.,0.7289213538169861
sentence-transformers/paraphrase-multilingual-mpnet-base-v2,same_language_gold,short,en,wrong_hard,water_formula__en__wrong_hard,water_formula,H2O,The chemical formula of water is CO2.,0.6393566727638245
sentence-transformers/paraphrase-multilingual-mpnet-base-v2,same_language_gold,short,hi,correct,water_formula__hi,water_formula,H2O,"पानी का रासायनिक सूत्र **H₂O** है, अर्थात् दो हाइड्रोजन और एक ऑक्सीजन परमाणु से बना होता है.",0.7340093851089478
sentence-transformers/paraphrase-multilingual-mpnet-base-v2,same_language_gold,short,hi,wrong_subtle,water_formula__hi__wrong_subtle,water_formula,H2O,पानी का रासायनिक सूत्र H2O2 है।,0.7426533699035645
sentence-transformers/paraphrase-multilingual-mpnet-base-v2,same_language_gold,short,hi,wrong_hard,water_formula__hi__wrong_hard,water_formula,H2O,पानी का रासायनिक सूत्र CO2 है।,0.6400724649429321
sentence-transformers/paraphrase-multilingual-mpnet-base-v2,same_language_gold,short,hinglish,correct,water_formula__hinglish,water_formula,H2O,Pani ka rasayanik sutra H₂O hai. Isme do hydrogen atoms aur ek oxygen atom hota hai.,0.7721322774887085
sentence-transformers/paraphrase-multilingual-mpnet-base-v2,same_language_gold,short,hinglish,wrong_subtle,water_formula__hinglish__wrong_subtle,water_formula,H2O,Pani ka rasayanik sutra H2O2 hai.,0.8011881709098816
sentence-transformers/paraphrase-multilingual-mpnet-base-v2,same_language_gold,short,hinglish,wrong_hard,water_formula__hinglish__wrong_hard,water_formula,H2O,Pani ka rasayanik sutra CO2 hai.,0.6268364191055298
sentence-transformers/paraphrase-multilingual-mpnet-base-v2,same_language_gold,short,en,correct,national_animal_india__en,national_animal_india,Bengal tiger,"The national animal of India is the Bengal tiger, chosen for its strength, beauty, and cultural significance.",0.7463358640670776
sentence-transformers/paraphrase-multilingual-mpnet-base-v2,same_language_gold,short,en,wrong_subtle,national_animal_india__en__wrong_subtle,national_animal_india,Bengal tiger,The national animal of India is the Siberian tiger.,0.6644805669784546
sentence-transformers/paraphrase-multilingual-mpnet-base-v2,same_language_gold,short,en,wrong_hard,national_animal_india__en__wrong_hard,national_animal_india,Bengal tiger,The national animal of India is the lion.,0.4859190881252289
sentence-transformers/paraphrase-multilingual-mpnet-base-v2,same_language_gold,short,hi,correct,national_animal_india__hi,national_animal_india,बंगाल टाइगर,"भारत का राष्ट्रीय पशु हाथी है, जिसे 1972 में राष्ट्रीय पशु घोषित किया गया था।",0.37075433135032654
sentence-transformers/paraphrase-multilingual-mpnet-base-v2,same_language_gold,short,hi,wrong_subtle,national_animal_india__hi__wrong_subtle,national_animal_india,बंगाल टाइगर,भारत का राष्ट्रीय पशु साइबेरियाई टाइगर है।,0.7080850601196289
sentence-transformers/paraphrase-multilingual-mpnet-base-v2,same_language_gold,short,hi,wrong_hard,national_animal_india__hi__wrong_hard,national_animal_india,बंगाल टाइगर,भारत का राष्ट्रीय पशु शेर है।,0.5900393724441528
sentence-transformers/paraphrase-multilingual-mpnet-base-v2,same_language_gold,short,hinglish,correct,national_animal_india__hinglish,national_animal_india,Bengal tiger,Bharat ka rashtriya pashu bhains (water buffalo) hai. Ye pashu desh ki arthavyavastha aur parampara mein bahut mahatvapurn hai.,0.47250133752822876
sentence-transformers/paraphrase-multilingual-mpnet-base-v2,same_language_gold,short,hinglish,wrong_subtle,national_animal_india__hinglish__wrong_subtle,national_animal_india,Bengal tiger,Bharat ka rashtriya pashu Siberian tiger hai.,0.731142520904541
sentence-transformers/paraphrase-multilingual-mpnet-base-v2,same_language_gold,short,hinglish,wrong_hard,national_animal_india__hinglish__wrong_hard,national_animal_india,Bengal tiger,Bharat ka rashtriya pashu sher hai.,0.3643607497215271
sentence-transformers/paraphrase-multilingual-mpnet-base-v2,same_language_gold,short,en,correct,largest_ocean__en,largest_ocean,Pacific Ocean,"The Pacific Ocean is the largest ocean on Earth, covering about 63 million square miles (163 million km²). It stretches from the Arctic in the north to the Antarctic in the south, larger than all the Earth's landmasses combined.",0.6500738859176636
sentence-transformers/paraphrase-multilingual-mpnet-base-v2,same_language_gold,short,en,wrong_subtle,largest_ocean__en__wrong_subtle,largest_ocean,Pacific Ocean,The Pacific Ocean is the smallest ocean on Earth.,0.6187008023262024
sentence-transformers/paraphrase-multilingual-mpnet-base-v2,same_language_gold,short,en,wrong_hard,largest_ocean__en__wrong_hard,largest_ocean,Pacific Ocean,The largest ocean on Earth is the Atlantic Ocean.,0.5917608737945557
sentence-transformers/paraphrase-multilingual-mpnet-base-v2,same_language_gold,short,hi,correct,largest_ocean__hi,largest_ocean,प्रशांत महासागर,"पैसिफिक महासागर पृथ्वी का सबसे बड़ा महासागर है, जो लगभग 46.6 मिलियन वर्ग मील क्षेत्रफल को कवर करता है।",0.40480414032936096
sentence-transformers/paraphrase-multilingual-mpnet-base-v2,same_language_gold,short,hi,wrong_subtle,largest_ocean__hi__wrong_subtle,largest_ocean,प्रशांत महासागर,प्रशांत महासागर पृथ्वी का सबसे छोटा महासागर है।,0.4629219174385071
sentence-transformers/paraphrase-multilingual-mpnet-base-v2,same_language_gold,short,hi,wrong_hard,largest_ocean__hi__wrong_hard,largest_ocean,प्रशांत महासागर,पृथ्वी का सबसे बड़ा महासागर अटलांटिक महासागर है।,0.40169793367385864
sentence-transformers/paraphrase-multilingual-mpnet-base-v2,same_language_gold,short,hinglish,correct,largest_ocean__hinglish,largest_ocean,Prashant Mahasagar,Sabse bada mahasagar Pacific Ocean hai. Yeh dharti ke 46% surface area ko cover karta hai.,0.2221255600452423
sentence-transformers/paraphrase-multilingual-mpnet-base-v2,same_language_gold,short,hinglish,wrong_subtle,largest_ocean__hinglish__wrong_subtle,largest_ocean,Prashant Mahasagar,Prashant Mahasagar Prithvi ka sabse chhota mahasagar hai.,0.820222020149231
sentence-transformers/paraphrase-multilingual-mpnet-base-v2,same_language_gold,short,hinglish,wrong_hard,largest_ocean__hinglish__wrong_hard,largest_ocean,Prashant Mahasagar,Prithvi ka sabse bada mahasagar Atlantic Mahasagar hai.,0.34398576617240906
sentence-transformers/paraphrase-multilingual-mpnet-base-v2,same_language_gold,short,en,correct,sun_rise_direction__en,sun_rise_direction,East,"The sun rises in the east, because Earth rotates from west to east, making the sun appear to move across the eastern horizon.",0.6659791469573975
sentence-transformers/paraphrase-multilingual-mpnet-base-v2,same_language_gold,short,en,wrong_subtle,sun_rise_direction__en__wrong_subtle,sun_rise_direction,East,The sun rises in the north-east.,0.4993284344673157
sentence-transformers/paraphrase-multilingual-mpnet-base-v2,same_language_gold,short,en,wrong_hard,sun_rise_direction__en__wrong_hard,sun_rise_direction,East,The sun rises in the west.,0.3221457600593567
sentence-transformers/paraphrase-multilingual-mpnet-base-v2,same_language_gold,short,hi,correct,sun_rise_direction__hi,sun_rise_direction,पूर्व,"सूर्य पूर्व दिशा में उगता है, क्योंकि पृथ्वी अपने अक्ष पर घूर्णन करती है।",0.4743233025074005
sentence-transformers/paraphrase-multilingual-mpnet-base-v2,same_language_gold,short,hi,wrong_subtle,sun_rise_direction__hi__wrong_subtle,sun_rise_direction,पूर्व,सूर्य उत्तर-पूर्व दिशा में उगता है।,0.4649274945259094
sentence-transformers/paraphrase-multilingual-mpnet-base-v2,same_language_gold,short,hi,wrong_hard,sun_rise_direction__hi__wrong_hard,sun_rise_direction,पूर्व,सूर्य पश्चिम दिशा में उगता है।,0.44218987226486206
sentence-transformers/paraphrase-multilingual-mpnet-base-v2,same_language_gold,short,hinglish,correct,sun_rise_direction__hinglish,sun_rise_direction,Purab,"Suraj purvi disha mein ugta hai, kyunki dharti apni dhur par ghuma kar subah ki taraf hoti hai.",0.42757174372673035
sentence-transformers/paraphrase-multilingual-mpnet-base-v2,same_language_gold,short,hinglish,wrong_subtle,sun_rise_direction__hinglish__wrong_subtle,sun_rise_direction,Purab,Suraj uttar-purab disha mein ugta hai.,0.4751736521720886
sentence-transformers/paraphrase-multilingual-mpnet-base-v2,same_language_gold,short,hinglish,wrong_hard,sun_rise_direction__hinglish__wrong_hard,sun_rise_direction,Purab,Suraj paschim disha mein ugta hai.,0.46628129482269287
sentence-transformers/paraphrase-multilingual-mpnet-base-v2,same_language_gold,short,en,correct,days_in_leap_year__en,days_in_leap_year,366,"A leap year has 366 days, because an extra day (February 29) is added to keep the calendar in sync with the Earth’s orbit.",0.4242557883262634
sentence-transformers/paraphrase-multilingual-mpnet-base-v2,same_language_gold,short,en,wrong_subtle,days_in_leap_year__en__wrong_subtle,days_in_leap_year,366,A leap year has 365 days.,0.42568516731262207
sentence-transformers/paraphrase-multilingual-mpnet-base-v2,same_language_gold,short,en,wrong_hard,days_in_leap_year__en__wrong_hard,days_in_leap_year,366,A leap year has 400 days.,0.24877062439918518
sentence-transformers/paraphrase-multilingual-mpnet-base-v2,same_language_gold,short,hi,correct,days_in_leap_year__hi,days_in_leap_year,३६६,एक लीप वर्ष में 366 दिन होते हैं। यह इसलिए होता है क्योंकि फरवरी में 29 दिन होते हैं।,0.4805656969547272
sentence-transformers/paraphrase-multilingual-mpnet-base-v2,same_language_gold,short,hi,wrong_subtle,days_in_leap_year__hi__wrong_subtle,days_in_leap_year,३६६,एक लीप वर्ष में 365 दिन होते हैं।,0.489410936832428
sentence-transformers/paraphrase-multilingual-mpnet-base-v2,same_language_gold,short,hi,wrong_hard,days_in_leap_year__hi__wrong_hard,days_in_leap_year,३६६,एक लीप वर्ष में 400 दिन होते हैं।,0.36428704857826233
sentence-transformers/paraphrase-multilingual-mpnet-base-v2,same_language_gold,short,hinglish,correct,days_in_leap_year__hinglish,days_in_leap_year,366,"Leap year mein 366 din hote hain, kyunki February mein 29 din hote hain.",0.38158750534057617
sentence-transformers/paraphrase-multilingual-mpnet-base-v2,same_language_gold,short,hinglish,wrong_subtle,days_in_leap_year__hinglish__wrong_subtle,days_in_leap_year,366,Ek leap year mein 365 din hote hain.,0.40231549739837646
sentence-transformers/paraphrase-multilingual-mpnet-base-v2,same_language_gold,short,hinglish,wrong_hard,days_in_leap_year__hinglish__wrong_hard,days_in_leap_year,366,Ek leap year mein 400 din hote hain.,0.28896838426589966
sentence-transformers/paraphrase-multilingual-mpnet-base-v2,same_language_gold,short,en,correct,father_of_nation_india__en,father_of_nation_india,Mahatma Gandhi,"Mahatma Gandhi is called the “Father of the Nation” in India, for leading the country’s non‑violent struggle for independence from British rule.",0.8119685649871826
sentence-transformers/paraphrase-multilingual-mpnet-base-v2,same_language_gold,short,en,wrong_subtle,father_of_nation_india__en__wrong_subtle,father_of_nation_india,Mahatma Gandhi,Mahatma Gandhi is known as the Netaji of India.,0.8031549453735352
sentence-transformers/paraphrase-multilingual-mpnet-base-v2,same_language_gold,short,en,wrong_hard,father_of_nation_india__en__wrong_hard,father_of_nation_india,Mahatma Gandhi,Jawaharlal Nehru is known as the Father of the Nation in India.,0.5508521795272827
sentence-transformers/paraphrase-multilingual-mpnet-base-v2,same_language_gold,short,hi,wrong_subtle,father_of_nation_india__hi__wrong_subtle,father_of_nation_india,महात्मा गांधी,महात्मा गांधी को भारत का नेताजी कहा जाता है।,0.8958126902580261
sentence-transformers/paraphrase-multilingual-mpnet-base-v2,same_language_gold,short,hi,wrong_hard,father_of_nation_india__hi__wrong_hard,father_of_nation_india,महात्मा गांधी,भारत में जवाहरलाल नेहरू को राष्ट्रपिता के रूप में जाना जाता है।,0.6064743995666504
sentence-transformers/paraphrase-multilingual-mpnet-base-v2,same_language_gold,short,hinglish,correct,father_of_nation_india__hinglish,father_of_nation_india,Mahatma Gandhi,Mahatma Gandhi ko Bharat ka rashtrapita mana jata hai. Unhone ahimsa aur satyagraha se desh ki azadi ki ladai ladhi.,0.7268165946006775
sentence-transformers/paraphrase-multilingual-mpnet-base-v2,same_language_gold,short,hinglish,wrong_subtle,father_of_nation_india__hinglish__wrong_subtle,father_of_nation_india,Mahatma Gandhi,Mahatma Gandhi ko Bharat ka Netaji kaha jata hai.,0.8901448249816895
sentence-transformers/paraphrase-multilingual-mpnet-base-v2,same_language_gold,short,hinglish,wrong_hard,father_of_nation_india__hinglish__wrong_hard,father_of_nation_india,Mahatma Gandhi,Bharat mein Jawaharlal Nehru ko rashtrapita ke roop mein jana jata hai.,0.6201227903366089
sentence-transformers/paraphrase-multilingual-mpnet-base-v2,same_language_gold,short,en,correct,boiling_point_water_c__en,boiling_point_water_c,100 degrees Celsius,Water boils at 100 °C at sea level (standard atmospheric pressure of 1 atm).,0.724529504776001
sentence-transformers/paraphrase-multilingual-mpnet-base-v2,same_language_gold,short,en,wrong_subtle,boiling_point_water_c__en__wrong_subtle,boiling_point_water_c,100 degrees Celsius,Water boils at 0 degrees Celsius at sea level.,0.5433477163314819
sentence-transformers/paraphrase-multilingual-mpnet-base-v2,same_language_gold,short,en,wrong_hard,boiling_point_water_c__en__wrong_hard,boiling_point_water_c,100 degrees Celsius,Water boils at 50 degrees Celsius at sea level.,0.5734997391700745
sentence-transformers/paraphrase-multilingual-mpnet-base-v2,same_language_gold,short,hi,correct,boiling_point_water_c__hi,boiling_point_water_c,१०० डिग्री सेल्सियस,समुद्र तल पर पानी 100 डिग्री सेल्सियस पर उबलता है। यह मान मानक वायुमंडलीय दबाव (1 atm) पर लागू होता है।,0.7659718990325928
sentence-transformers/paraphrase-multilingual-mpnet-base-v2,same_language_gold,short,hi,wrong_subtle,boiling_point_water_c__hi__wrong_subtle,boiling_point_water_c,१०० डिग्री सेल्सियस,समुद्र तल पर पानी 0 डिग्री सेल्सियस पर उबलता है।,0.5366286635398865
sentence-transformers/paraphrase-multilingual-mpnet-base-v2,same_language_gold,short,hi,wrong_hard,boiling_point_water_c__hi__wrong_hard,boiling_point_water_c,१०० डिग्री सेल्सियस,समुद्र तल पर पानी 50 डिग्री सेल्सियस पर उबलता है।,0.5852535963058472
sentence-transformers/paraphrase-multilingual-mpnet-base-v2,same_language_gold,short,hinglish,correct,boiling_point_water_c__hinglish,boiling_point_water_c,100 degree Celsius,"Pani samudra tal par 100 °C par ubalta hai, kyunki yeh standard atmospheric pressure (1 atm) par hota hai.",0.6269859075546265
sentence-transformers/paraphrase-multilingual-mpnet-base-v2,same_language_gold,short,hinglish,wrong_subtle,boiling_point_water_c__hinglish__wrong_subtle,boiling_point_water_c,100 degree Celsius,Samudra tal par pani 0 degree Celsius par ubalta hai.,0.6899192333221436
sentence-transformers/paraphrase-multilingual-mpnet-base-v2,same_language_gold,short,hinglish,wrong_hard,boiling_point_water_c__hinglish__wrong_hard,boiling_point_water_c,100 degree Celsius,Samudra tal par pani 50 degree Celsius par ubalta hai.,0.7101368308067322
sentence-transformers/paraphrase-multilingual-mpnet-base-v2,same_language_gold,full_sentence,en,correct,capital_maharashtra__en,capital_maharashtra,The capital of Maharashtra is Mumbai.,"Mumbai is the capital of Maharashtra, the most populous state in India.",0.9508628845214844
sentence-transformers/paraphrase-multilingual-mpnet-base-v2,same_language_gold,full_sentence,en,wrong_subtle,capital_maharashtra__en__wrong_subtle,capital_maharashtra,The capital of Maharashtra is Mumbai.,Mumbai is the capital of India.,0.9549515843391418
sentence-transformers/paraphrase-multilingual-mpnet-base-v2,same_language_gold,full_sentence,en,wrong_hard,capital_maharashtra__en__wrong_hard,capital_maharashtra,The capital of Maharashtra is Mumbai.,The capital of Maharashtra is Chennai.,0.7432988882064819
sentence-transformers/paraphrase-multilingual-mpnet-base-v2,same_language_gold,full_sentence,hi,correct,capital_maharashtra__hi,capital_maharashtra,महाराष्ट्र की राजधानी मुंबई है।,"महाराष्ट्र की राजधानी मुंबई है, जो भारत का एक प्रमुख आर्थिक केंद्र है।",0.9506362676620483
sentence-transformers/paraphrase-multilingual-mpnet-base-v2,same_language_gold,full_sentence,hi,wrong_subtle,capital_maharashtra__hi__wrong_subtle,capital_maharashtra,महाराष्ट्र की राजधानी मुंबई है।,मुंबई भारत की राजधानी है।,0.9615277647972107
sentence-transformers/paraphrase-multilingual-mpnet-base-v2,same_language_gold,full_sentence,hi,wrong_hard,capital_maharashtra__hi__wrong_hard,capital_maharashtra,महाराष्ट्र की राजधानी मुंबई है।,महाराष्ट्र की राजधानी चेन्नई है।,0.8272364139556885
sentence-transformers/paraphrase-multilingual-mpnet-base-v2,same_language_gold,full_sentence,hinglish,correct,capital_maharashtra__hinglish,capital_maharashtra,Maharashtra ki rajdhani Mumbai hai.,Maharashtra ki rajdhani Mumbai hai. Ye India ka financial capital bhi hai.,0.8196338415145874
sentence-transformers/paraphrase-multilingual-mpnet-base-v2,same_language_gold,full_sentence,hinglish,wrong_subtle,capital_maharashtra__hinglish__wrong_subtle,capital_maharashtra,Maharashtra ki rajdhani Mumbai hai.,Mumbai Bharat ki rajdhani hai.,0.8631582260131836
sentence-transformers/paraphrase-multilingual-mpnet-base-v2,same_language_gold,full_sentence,hinglish,wrong_hard,capital_maharashtra__hinglish__wrong_hard,capital_maharashtra,Maharashtra ki rajdhani Mumbai hai.,Maharashtra ki rajdhani Chennai hai.,0.8108742237091064
sentence-transformers/paraphrase-multilingual-mpnet-base-v2,same_language_gold,full_sentence,en,correct,planets_count__en,planets_count,There are eight planets in our solar system.,"There are eight planets in our solar system—Mercury, Venus, Earth, Mars, Jupiter, Saturn, Uranus, and Neptune. Pluto was reclassified as a dwarf planet in 2006, so it is no longer counted among the main planets.",0.9034479856491089
sentence-transformers/paraphrase-multilingual-mpnet-base-v2,same_language_gold,full_sentence,en,wrong_subtle,planets_count__en__wrong_subtle,planets_count,There are eight planets in our solar system.,"There are nine planets in our solar system, including Pluto.",0.8103657364845276
sentence-transformers/paraphrase-multilingual-mpnet-base-v2,same_language_gold,full_sentence,en,wrong_hard,planets_count__en__wrong_hard,planets_count,There are eight planets in our solar system.,There are twelve planets in our solar system.,0.8574005365371704
sentence-transformers/paraphrase-multilingual-mpnet-base-v2,same_language_gold,full_sentence,hi,correct,planets_count__hi,planets_count,हमारे सौर मंडल में आठ ग्रह हैं।,"हमारे सौर मंडल में 8 ग्रह हैं: बुध, शुक्र, पृथ्वी, मंगल, बृहस्पति, शनि, यूरेनस और नेपच्यून। 2006 में प्लूटो को बौना ग्रह घोषित कर दिया गया, इसलिए अब इसे मुख्य ग्रहों में नहीं गिना जाता।",0.8891738653182983
sentence-transformers/paraphrase-multilingual-mpnet-base-v2,same_language_gold,full_sentence,hi,wrong_subtle,planets_count__hi__wrong_subtle,planets_count,हमारे सौर मंडल में आठ ग्रह हैं।,"हमारे सौर मंडल में नौ ग्रह हैं, जिसमें प्लूटो भी शामिल है।",0.7977370023727417
sentence-transformers/paraphrase-multilingual-mpnet-base-v2,same_language_gold,full_sentence,hi,wrong_hard,planets_count__hi__wrong_hard,planets_count,हमारे सौर मंडल में आठ ग्रह हैं।,हमारे सौर मंडल में बारह ग्रह हैं।,0.8461359739303589
sentence-transformers/paraphrase-multilingual-mpnet-base-v2,same_language_gold,full_sentence,hinglish,correct,planets_count__hinglish,planets_count,Hamare saur mandal mein aath grah hain.,Hamare Saur Mandal mein 8 grah hain. 2015 se Pluto ko dwarf planet gina jata hai.,0.566586434841156
sentence-transformers/paraphrase-multilingual-mpnet-base-v2,same_language_gold,full_sentence,hinglish,wrong_subtle,planets_count__hinglish__wrong_subtle,planets_count,Hamare saur mandal mein aath grah hain.,"Hamare saur mandal mein nau grah hain, jismein Pluto bhi shamil hai.",0.8052595853805542
sentence-transformers/paraphrase-multilingual-mpnet-base-v2,same_language_gold,full_sentence,hinglish,wrong_hard,planets_count__hinglish__wrong_hard,planets_count,Hamare saur mandal mein aath grah hain.,Hamare saur mandal mein barah grah hain.,0.9576705694198608
sentence-transformers/paraphrase-multilingual-mpnet-base-v2,same_language_gold,full_sentence,en,correct,freedom_year__en,freedom_year,India gained independence in 1947.,"India gained independence in 1947, ending nearly 200 years of British colonial rule.",0.915031909942627
sentence-transformers/paraphrase-multilingual-mpnet-base-v2,same_language_gold,full_sentence,en,wrong_subtle,freedom_year__en__wrong_subtle,freedom_year,India gained independence in 1947.,India gained independence in 1948.,0.8309739828109741
sentence-transformers/paraphrase-multilingual-mpnet-base-v2,same_language_gold,full_sentence,en,wrong_hard,freedom_year__en__wrong_hard,freedom_year,India gained independence in 1947.,India gained independence in 1857.,0.656192421913147
sentence-transformers/paraphrase-multilingual-mpnet-base-v2,same_language_gold,full_sentence,hi,correct,freedom_year__hi,freedom_year,भारत को 1947 में स्वतंत्रता मिली।,"भारत को 1947 में स्वतंत्रता मिली, 15 अगस्त को आज़ादी का दिन मनाया जाता है।",0.846768856048584
sentence-transformers/paraphrase-multilingual-mpnet-base-v2,same_language_gold,full_sentence,hi,wrong_subtle,freedom_year__hi__wrong_subtle,freedom_year,भारत को 1947 में स्वतंत्रता मिली।,भारत को 1948 में स्वतंत्रता मिली।,0.8360233902931213
sentence-transformers/paraphrase-multilingual-mpnet-base-v2,same_language_gold,full_sentence,hi,wrong_hard,freedom_year__hi__wrong_hard,freedom_year,भारत को 1947 में स्वतंत्रता मिली।,भारत को 1857 में स्वतंत्रता मिली।,0.6614665985107422
sentence-transformers/paraphrase-multilingual-mpnet-base-v2,same_language_gold,full_sentence,hinglish,correct,freedom_year__hinglish,freedom_year,Bharat ko 1947 mein aazadi mili.,"Bharat ko 1947 mein aazadi mili, 15 August ko. Yeh din aaj bhi Independence Day ke roop mein manaya jata hai.",0.8373721837997437
sentence-transformers/paraphrase-multilingual-mpnet-base-v2,same_language_gold,full_sentence,hinglish,wrong_subtle,freedom_year__hinglish__wrong_subtle,freedom_year,Bharat ko 1947 mein aazadi mili.,Bharat ko 1948 mein aazadi mili.,0.9537810683250427
sentence-transformers/paraphrase-multilingual-mpnet-base-v2,same_language_gold,full_sentence,hinglish,wrong_hard,freedom_year__hinglish__wrong_hard,freedom_year,Bharat ko 1947 mein aazadi mili.,Bharat ko 1857 mein aazadi mili.,0.8928917646408081
sentence-transformers/paraphrase-multilingual-mpnet-base-v2,same_language_gold,full_sentence,en,correct,water_formula__en,water_formula,The chemical formula of water is H2O.,"The chemical formula of water is **H₂O**, indicating that each molecule contains two hydrogen atoms bonded to one oxygen atom.",0.8715568780899048
sentence-transformers/paraphrase-multilingual-mpnet-base-v2,same_language_gold,full_sentence,en,wrong_subtle,water_formula__en__wrong_subtle,water_formula,The chemical formula of water is H2O.,The chemical formula of water is H2O2.,0.9781376123428345
sentence-transformers/paraphrase-multilingual-mpnet-base-v2,same_language_gold,full_sentence,en,wrong_hard,water_formula__en__wrong_hard,water_formula,The chemical formula of water is H2O.,The chemical formula of water is CO2.,0.8817141056060791
sentence-transformers/paraphrase-multilingual-mpnet-base-v2,same_language_gold,full_sentence,hi,correct,water_formula__hi,water_formula,पानी का रासायनिक सूत्र H2O है।,"पानी का रासायनिक सूत्र **H₂O** है, अर्थात् दो हाइड्रोजन और एक ऑक्सीजन परमाणु से बना होता है.",0.9131439924240112
sentence-transformers/paraphrase-multilingual-mpnet-base-v2,same_language_gold,full_sentence,hi,wrong_subtle,water_formula__hi__wrong_subtle,water_formula,पानी का रासायनिक सूत्र H2O है।,पानी का रासायनिक सूत्र H2O2 है।,0.9604520201683044
sentence-transformers/paraphrase-multilingual-mpnet-base-v2,same_language_gold,full_sentence,hi,wrong_hard,water_formula__hi__wrong_hard,water_formula,पानी का रासायनिक सूत्र H2O है।,पानी का रासायनिक सूत्र CO2 है।,0.871390700340271
sentence-transformers/paraphrase-multilingual-mpnet-base-v2,same_language_gold,full_sentence,hinglish,correct,water_formula__hinglish,water_formula,Pani ka rasayanik sutra H2O hai.,Pani ka rasayanik sutra H₂O hai. Isme do hydrogen atoms aur ek oxygen atom hota hai.,0.7893161773681641
sentence-transformers/paraphrase-multilingual-mpnet-base-v2,same_language_gold,full_sentence,hinglish,wrong_subtle,water_formula__hinglish__wrong_subtle,water_formula,Pani ka rasayanik sutra H2O hai.,Pani ka rasayanik sutra H2O2 hai.,0.9584901332855225
sentence-transformers/paraphrase-multilingual-mpnet-base-v2,same_language_gold,full_sentence,hinglish,wrong_hard,water_formula__hinglish__wrong_hard,water_formula,Pani ka rasayanik sutra H2O hai.,Pani ka rasayanik sutra CO2 hai.,0.8371755480766296
sentence-transformers/paraphrase-multilingual-mpnet-base-v2,same_language_gold,full_sentence,en,correct,national_animal_india__en,national_animal_india,The national animal of India is the Bengal tiger.,"The national animal of India is the Bengal tiger, chosen for its strength, beauty, and cultural significance.",0.909428596496582
sentence-transformers/paraphrase-multilingual-mpnet-base-v2,same_language_gold,full_sentence,en,wrong_subtle,national_animal_india__en__wrong_subtle,national_animal_india,The national animal of India is the Bengal tiger.,The national animal of India is the Siberian tiger.,0.8497029542922974
sentence-transformers/paraphrase-multilingual-mpnet-base-v2,same_language_gold,full_sentence,en,wrong_hard,national_animal_india__en__wrong_hard,national_animal_india,The national animal of India is the Bengal tiger.,The national animal of India is the lion.,0.6936039924621582
sentence-transformers/paraphrase-multilingual-mpnet-base-v2,same_language_gold,full_sentence,hi,correct,national_animal_india__hi,national_animal_india,भारत का राष्ट्रीय पशु बंगाल टाइगर है।,"भारत का राष्ट्रीय पशु हाथी है, जिसे 1972 में राष्ट्रीय पशु घोषित किया गया था।",0.5619067549705505
sentence-transformers/paraphrase-multilingual-mpnet-base-v2,same_language_gold,full_sentence,hi,wrong_subtle,national_animal_india__hi__wrong_subtle,national_animal_india,भारत का राष्ट्रीय पशु बंगाल टाइगर है।,भारत का राष्ट्रीय पशु साइबेरियाई टाइगर है।,0.8317909240722656
sentence-transformers/paraphrase-multilingual-mpnet-base-v2,same_language_gold,full_sentence,hi,wrong_hard,national_animal_india__hi__wrong_hard,national_animal_india,भारत का राष्ट्रीय पशु बंगाल टाइगर है।,भारत का राष्ट्रीय पशु शेर है।,0.7392005920410156
sentence-transformers/paraphrase-multilingual-mpnet-base-v2,same_language_gold,full_sentence,hinglish,correct,national_animal_india__hinglish,national_animal_india,Bharat ka rashtriya pashu Bengal tiger hai.,Bharat ka rashtriya pashu bhains (water buffalo) hai. Ye pashu desh ki arthavyavastha aur parampara mein bahut mahatvapurn hai.,0.7083930969238281
sentence-transformers/paraphrase-multilingual-mpnet-base-v2,same_language_gold,full_sentence,hinglish,wrong_subtle,national_animal_india__hinglish__wrong_subtle,national_animal_india,Bharat ka rashtriya pashu Bengal tiger hai.,Bharat ka rashtriya pashu Siberian tiger hai.,0.8950111865997314
sentence-transformers/paraphrase-multilingual-mpnet-base-v2,same_language_gold,full_sentence,hinglish,wrong_hard,national_animal_india__hinglish__wrong_hard,national_animal_india,Bharat ka rashtriya pashu Bengal tiger hai.,Bharat ka rashtriya pashu sher hai.,0.7021771669387817
sentence-transformers/paraphrase-multilingual-mpnet-base-v2,same_language_gold,full_sentence,en,correct,largest_ocean__en,largest_ocean,The largest ocean on Earth is the Pacific Ocean.,"The Pacific Ocean is the largest ocean on Earth, covering about 63 million square miles (163 million km²). It stretches from the Arctic in the north to the Antarctic in the south, larger than all the Earth's landmasses combined.",0.9128718972206116
sentence-transformers/paraphrase-multilingual-mpnet-base-v2,same_language_gold,full_sentence,en,wrong_subtle,largest_ocean__en__wrong_subtle,largest_ocean,The largest ocean on Earth is the Pacific Ocean.,The Pacific Ocean is the smallest ocean on Earth.,0.6813321709632874
sentence-transformers/paraphrase-multilingual-mpnet-base-v2,same_language_gold,full_sentence,en,wrong_hard,largest_ocean__en__wrong_hard,largest_ocean,The largest ocean on Earth is the Pacific Ocean.,The largest ocean on Earth is the Atlantic Ocean.,0.8916717171669006
sentence-transformers/paraphrase-multilingual-mpnet-base-v2,same_language_gold,full_sentence,hi,correct,largest_ocean__hi,largest_ocean,पृथ्वी का सबसे बड़ा महासागर प्रशांत महासागर है।,"पैसिफिक महासागर पृथ्वी का सबसे बड़ा महासागर है, जो लगभग 46.6 मिलियन वर्ग मील क्षेत्रफल को कवर करता है।",0.8019334077835083
sentence-transformers/paraphrase-multilingual-mpnet-base-v2,same_language_gold,full_sentence,hi,wrong_subtle,largest_ocean__hi__wrong_subtle,largest_ocean,पृथ्वी का सबसे बड़ा महासागर प्रशांत महासागर है।,प्रशांत महासागर पृथ्वी का सबसे छोटा महासागर है।,0.6891448497772217
sentence-transformers/paraphrase-multilingual-mpnet-base-v2,same_language_gold,full_sentence,hi,wrong_hard,largest_ocean__hi__wrong_hard,largest_ocean,पृथ्वी का सबसे बड़ा महासागर प्रशांत महासागर है।,पृथ्वी का सबसे बड़ा महासागर अटलांटिक महासागर है।,0.8851565718650818
sentence-transformers/paraphrase-multilingual-mpnet-base-v2,same_language_gold,full_sentence,hinglish,correct,largest_ocean__hinglish,largest_ocean,Prithvi ka sabse bada mahasagar Prashant Mahasagar hai.,Sabse bada mahasagar Pacific Ocean hai. Yeh dharti ke 46% surface area ko cover karta hai.,0.38645732402801514
sentence-transformers/paraphrase-multilingual-mpnet-base-v2,same_language_gold,full_sentence,hinglish,wrong_subtle,largest_ocean__hinglish__wrong_subtle,largest_ocean,Prithvi ka sabse bada mahasagar Prashant Mahasagar hai.,Prashant Mahasagar Prithvi ka sabse chhota mahasagar hai.,0.9378716349601746
sentence-transformers/paraphrase-multilingual-mpnet-base-v2,same_language_gold,full_sentence,hinglish,wrong_hard,largest_ocean__hinglish__wrong_hard,largest_ocean,Prithvi ka sabse bada mahasagar Prashant Mahasagar hai.,Prithvi ka sabse bada mahasagar Atlantic Mahasagar hai.,0.6910330057144165
sentence-transformers/paraphrase-multilingual-mpnet-base-v2,same_language_gold,full_sentence,en,correct,sun_rise_direction__en,sun_rise_direction,The sun rises in the east.,"The sun rises in the east, because Earth rotates from west to east, making the sun appear to move across the eastern horizon.",0.8324964046478271
sentence-transformers/paraphrase-multilingual-mpnet-base-v2,same_language_gold,full_sentence,en,wrong_subtle,sun_rise_direction__en__wrong_subtle,sun_rise_direction,The sun rises in the east.,The sun rises in the north-east.,0.8862110376358032
sentence-transformers/paraphrase-multilingual-mpnet-base-v2,same_language_gold,full_sentence,en,wrong_hard,sun_rise_direction__en__wrong_hard,sun_rise_direction,The sun rises in the east.,The sun rises in the west.,0.7379581928253174
sentence-transformers/paraphrase-multilingual-mpnet-base-v2,same_language_gold,full_sentence,hi,correct,sun_rise_direction__hi,sun_rise_direction,सूर्य पूर्व दिशा में उगता है।,"सूर्य पूर्व दिशा में उगता है, क्योंकि पृथ्वी अपने अक्ष पर घूर्णन करती है।",0.9068326354026794
sentence-transformers/paraphrase-multilingual-mpnet-base-v2,same_language_gold,full_sentence,hi,wrong_subtle,sun_rise_direction__hi__wrong_subtle,sun_rise_direction,सूर्य पूर्व दिशा में उगता है।,सूर्य उत्तर-पूर्व दिशा में उगता है।,0.9428645372390747
sentence-transformers/paraphrase-multilingual-mpnet-base-v2,same_language_gold,full_sentence,hi,wrong_hard,sun_rise_direction__hi__wrong_hard,sun_rise_direction,सूर्य पूर्व दिशा में उगता है।,सूर्य पश्चिम दिशा में उगता है।,0.859804630279541
sentence-transformers/paraphrase-multilingual-mpnet-base-v2,same_language_gold,full_sentence,hinglish,correct,sun_rise_direction__hinglish,sun_rise_direction,Suraj purab disha mein ugta hai.,"Suraj purvi disha mein ugta hai, kyunki dharti apni dhur par ghuma kar subah ki taraf hoti hai.",0.8633509874343872
sentence-transformers/paraphrase-multilingual-mpnet-base-v2,same_language_gold,full_sentence,hinglish,wrong_subtle,sun_rise_direction__hinglish__wrong_subtle,sun_rise_direction,Suraj purab disha mein ugta hai.,Suraj uttar-purab disha mein ugta hai.,0.9377403259277344
sentence-transformers/paraphrase-multilingual-mpnet-base-v2,same_language_gold,full_sentence,hinglish,wrong_hard,sun_rise_direction__hinglish__wrong_hard,sun_rise_direction,Suraj purab disha mein ugta hai.,Suraj paschim disha mein ugta hai.,0.9376272559165955
sentence-transformers/paraphrase-multilingual-mpnet-base-v2,same_language_gold,full_sentence,en,correct,days_in_leap_year__en,days_in_leap_year,A leap year has 366 days.,"A leap year has 366 days, because an extra day (February 29) is added to keep the calendar in sync with the Earth’s orbit.",0.8781112432479858
sentence-transformers/paraphrase-multilingual-mpnet-base-v2,same_language_gold,full_sentence,en,wrong_subtle,days_in_leap_year__en__wrong_subtle,days_in_leap_year,A leap year has 366 days.,A leap year has 365 days.,0.8644872903823853
sentence-transformers/paraphrase-multilingual-mpnet-base-v2,same_language_gold,full_sentence,en,wrong_hard,days_in_leap_year__en__wrong_hard,days_in_leap_year,A leap year has 366 days.,A leap year has 400 days.,0.6348963379859924
sentence-transformers/paraphrase-multilingual-mpnet-base-v2,same_language_gold,full_sentence,hi,correct,days_in_leap_year__hi,days_in_leap_year,एक लीप वर्ष में 366 दिन होते हैं।,एक लीप वर्ष में 366 दिन होते हैं। यह इसलिए होता है क्योंकि फरवरी में 29 दिन होते हैं।,0.8351597785949707
sentence-transformers/paraphrase-multilingual-mpnet-base-v2,same_language_gold,full_sentence,hi,wrong_subtle,days_in_leap_year__hi__wrong_subtle,days_in_leap_year,एक लीप वर्ष में 366 दिन होते हैं।,एक लीप वर्ष में 365 दिन होते हैं।,0.827273964881897
sentence-transformers/paraphrase-multilingual-mpnet-base-v2,same_language_gold,full_sentence,hi,wrong_hard,days_in_leap_year__hi__wrong_hard,days_in_leap_year,एक लीप वर्ष में 366 दिन होते हैं।,एक लीप वर्ष में 400 दिन होते हैं।,0.5602594614028931
sentence-transformers/paraphrase-multilingual-mpnet-base-v2,same_language_gold,full_sentence,hinglish,correct,days_in_leap_year__hinglish,days_in_leap_year,Ek leap year mein 366 din hote hain.,"Leap year mein 366 din hote hain, kyunki February mein 29 din hote hain.",0.9051443934440613
sentence-transformers/paraphrase-multilingual-mpnet-base-v2,same_language_gold,full_sentence,hinglish,wrong_subtle,days_in_leap_year__hinglish__wrong_subtle,days_in_leap_year,Ek leap year mein 366 din hote hain.,Ek leap year mein 365 din hote hain.,0.9389486312866211
sentence-transformers/paraphrase-multilingual-mpnet-base-v2,same_language_gold,full_sentence,hinglish,wrong_hard,days_in_leap_year__hinglish__wrong_hard,days_in_leap_year,Ek leap year mein 366 din hote hain.,Ek leap year mein 400 din hote hain.,0.874199390411377
sentence-transformers/paraphrase-multilingual-mpnet-base-v2,same_language_gold,full_sentence,en,correct,father_of_nation_india__en,father_of_nation_india,Mahatma Gandhi is known as the Father of the Nation in India.,"Mahatma Gandhi is called the “Father of the Nation” in India, for leading the country’s non‑violent struggle for independence from British rule.",0.9387532472610474
sentence-transformers/paraphrase-multilingual-mpnet-base-v2,same_language_gold,full_sentence,en,wrong_subtle,father_of_nation_india__en__wrong_subtle,father_of_nation_india,Mahatma Gandhi is known as the Father of the Nation in India.,Mahatma Gandhi is known as the Netaji of India.,0.7998034358024597
sentence-transformers/paraphrase-multilingual-mpnet-base-v2,same_language_gold,full_sentence,en,wrong_hard,father_of_nation_india__en__wrong_hard,father_of_nation_india,Mahatma Gandhi is known as the Father of the Nation in India.,Jawaharlal Nehru is known as the Father of the Nation in India.,0.780892550945282
sentence-transformers/paraphrase-multilingual-mpnet-base-v2,same_language_gold,full_sentence,hi,wrong_subtle,father_of_nation_india__hi__wrong_subtle,father_of_nation_india,भारत में महात्मा गांधी को राष्ट्रपिता के रूप में जाना जाता है।,महात्मा गांधी को भारत का नेताजी कहा जाता है।,0.9714564085006714
sentence-transformers/paraphrase-multilingual-mpnet-base-v2,same_language_gold,full_sentence,hi,wrong_hard,father_of_nation_india__hi__wrong_hard,father_of_nation_india,भारत में महात्मा गांधी को राष्ट्रपिता के रूप में जाना जाता है।,भारत में जवाहरलाल नेहरू को राष्ट्रपिता के रूप में जाना जाता है।,0.7722805738449097
sentence-transformers/paraphrase-multilingual-mpnet-base-v2,same_language_gold,full_sentence,hinglish,correct,father_of_nation_india__hinglish,father_of_nation_india,Bharat mein Mahatma Gandhi ko rashtrapita ke roop mein jana jata hai.,Mahatma Gandhi ko Bharat ka rashtrapita mana jata hai. Unhone ahimsa aur satyagraha se desh ki azadi ki ladai ladhi.,0.8854187726974487
sentence-transformers/paraphrase-multilingual-mpnet-base-v2,same_language_gold,full_sentence,hinglish,wrong_subtle,father_of_nation_india__hinglish__wrong_subtle,father_of_nation_india,Bharat mein Mahatma Gandhi ko rashtrapita ke roop mein jana jata hai.,Mahatma Gandhi ko Bharat ka Netaji kaha jata hai.,0.8956481218338013
sentence-transformers/paraphrase-multilingual-mpnet-base-v2,same_language_gold,full_sentence,hinglish,wrong_hard,father_of_nation_india__hinglish__wrong_hard,father_of_nation_india,Bharat mein Mahatma Gandhi ko rashtrapita ke roop mein jana jata hai.,Bharat mein Jawaharlal Nehru ko rashtrapita ke roop mein jana jata hai.,0.8547167778015137
sentence-transformers/paraphrase-multilingual-mpnet-base-v2,same_language_gold,full_sentence,en,correct,boiling_point_water_c__en,boiling_point_water_c,Water boils at 100 degrees Celsius at sea level.,Water boils at 100 °C at sea level (standard atmospheric pressure of 1 atm).,0.9313961863517761
sentence-transformers/paraphrase-multilingual-mpnet-base-v2,same_language_gold,full_sentence,en,wrong_subtle,boiling_point_water_c__en__wrong_subtle,boiling_point_water_c,Water boils at 100 degrees Celsius at sea level.,Water boils at 0 degrees Celsius at sea level.,0.7686260342597961
sentence-transformers/paraphrase-multilingual-mpnet-base-v2,same_language_gold,full_sentence,en,wrong_hard,boiling_point_water_c__en__wrong_hard,boiling_point_water_c,Water boils at 100 degrees Celsius at sea level.,Water boils at 50 degrees Celsius at sea level.,0.8033202886581421
sentence-transformers/paraphrase-multilingual-mpnet-base-v2,same_language_gold,full_sentence,hi,correct,boiling_point_water_c__hi,boiling_point_water_c,समुद्र तल पर पानी 100 डिग्री सेल्सियस पर उबलता है।,समुद्र तल पर पानी 100 डिग्री सेल्सियस पर उबलता है। यह मान मानक वायुमंडलीय दबाव (1 atm) पर लागू होता है।,0.9194538593292236
sentence-transformers/paraphrase-multilingual-mpnet-base-v2,same_language_gold,full_sentence,hi,wrong_subtle,boiling_point_water_c__hi__wrong_subtle,boiling_point_water_c,समुद्र तल पर पानी 100 डिग्री सेल्सियस पर उबलता है।,समुद्र तल पर पानी 0 डिग्री सेल्सियस पर उबलता है।,0.7103040814399719
sentence-transformers/paraphrase-multilingual-mpnet-base-v2,same_language_gold,full_sentence,hi,wrong_hard,boiling_point_water_c__hi__wrong_hard,boiling_point_water_c,समुद्र तल पर पानी 100 डिग्री सेल्सियस पर उबलता है।,समुद्र तल पर पानी 50 डिग्री सेल्सियस पर उबलता है।,0.7734911441802979
sentence-transformers/paraphrase-multilingual-mpnet-base-v2,same_language_gold,full_sentence,hinglish,correct,boiling_point_water_c__hinglish,boiling_point_water_c,Samudra tal par pani 100 degree Celsius par ubalta hai.,"Pani samudra tal par 100 °C par ubalta hai, kyunki yeh standard atmospheric pressure (1 atm) par hota hai.",0.7005409002304077
sentence-transformers/paraphrase-multilingual-mpnet-base-v2,same_language_gold,full_sentence,hinglish,wrong_subtle,boiling_point_water_c__hinglish__wrong_subtle,boiling_point_water_c,Samudra tal par pani 100 degree Celsius par ubalta hai.,Samudra tal par pani 0 degree Celsius par ubalta hai.,0.8706509470939636
sentence-transformers/paraphrase-multilingual-mpnet-base-v2,same_language_gold,full_sentence,hinglish,wrong_hard,boiling_point_water_c__hinglish__wrong_hard,boiling_point_water_c,Samudra tal par pani 100 degree Celsius par ubalta hai.,Samudra tal par pani 50 degree Celsius par ubalta hai.,0.9019049406051636
